Customer_ID,Customer_Name,Recency,Frequency,Monetary,Recency_Score,Frequency_Score,Monetary_Score,RFM_Score,Segment
CUST-1001,Isha Jha,494,1,810.37,4,1,3,8,Developing
CUST-1002,Arjun Gupta,638,1,265.16,5,1,2,8,Developing
CUST-1002,Riya Jha,416,1,1396.86,3,1,4,8,Developing
CUST-1003,Aarav Roy,131,1,31.13,1,1,1,3,At Risk
CUST-1003,Aditya Jha,300,1,1363.84,3,1,4,8,Developing
CUST-1003,Kabir Jha,361,1,1322.75,3,1,4,8,Developing
CUST-1004,Vivaan Jha,77,1,3314.37,1,1,5,7,Developing
CUST-1005,Aarav Verma,251,1,104.31,2,1,1,4,At Risk
CUST-1005,Meera Singh,216,1,146.99,2,1,1,4,At Risk
CUST-1006,Aarav Jha,682,1,225.87,5,1,1,7,Developing
CUST-1006,Kabir Patel,728,1,316.46,5,1,2,8,Developing
CUST-1007,Aarav Verma,29,1,802.12,1,1,3,5,At Risk
CUST-1007,Aditya Kumar,125,1,2539.79,1,1,5,7,Developing
CUST-1007,Riya Sharma,18,1,2654.5,1,1,5,7,Developing
CUST-1008,Meera Das,723,1,1802.39,5,1,4,10,Loyal
CUST-1010,Arjun Sinha,520,1,2249.27,4,1,5,10,Loyal
CUST-1010,Isha Jha,592,1,133.13,5,1,1,7,Developing
CUST-1010,Meera Jha,362,1,1240.89,3,1,4,8,Developing
CUST-1011,Kabir Kumar,437,1,1701.52,4,1,4,9,Loyal
CUST-1012,Aarav Kumar,572,1,393.74,4,1,2,7,Developing
CUST-1012,Meera Das,621,1,681.97,5,1,3,9,Loyal
CUST-1013,Arjun Verma,397,1,1859.22,3,1,4,8,Developing
CUST-1013,Diya Gupta,98,1,234.44,1,1,1,3,At Risk
CUST-1014,Aditya Sharma,242,1,3361.42,2,1,5,8,Developing
CUST-1014,Anaya Singh,190,1,1338.19,2,1,4,7,Developing
CUST-1015,Kabir Sharma,344,1,178.31,3,1,1,5,At Risk
CUST-1016,Kabir Verma,485,1,923.56,4,1,3,8,Developing
CUST-1017,Aditya Das,195,1,1302.64,2,1,4,7,Developing
CUST-1018,Arjun Patel,76,1,1083.55,1,1,4,6,Developing
CUST-1018,Arjun Sinha,344,1,2020.69,3,1,5,9,Loyal
CUST-1018,Meera Das,76,1,400.16,1,1,2,4,At Risk
CUST-1018,Vivaan Patel,419,1,477.23,3,1,2,6,Developing
CUST-1020,Meera Patel,19,1,67.89,1,1,1,3,At Risk
CUST-1022,Aarav Das,562,1,388.51,4,1,2,7,Developing
CUST-1022,Aditya Das,554,1,524.46,4,1,2,7,Developing
CUST-1022,Riya Verma,242,1,707.38,2,1,3,6,Developing
CUST-1025,Anaya Das,368,1,2060.63,3,1,5,9,Loyal
CUST-1026,Aditya Sinha,305,1,851.86,3,1,3,7,Developing
CUST-1026,Isha Kumar,108,1,1348.45,1,1,4,6,Developing
CUST-1027,Kabir Patel,18,1,95.79,1,1,1,3,At Risk
CUST-1027,Kabir Verma,232,1,709.97,2,1,3,6,Developing
CUST-1028,Aditya Roy,105,1,337.39,1,1,2,4,At Risk
CUST-1028,Anaya Kumar,280,1,38.01,2,1,1,4,At Risk
CUST-1028,Anaya Patel,602,1,2024.38,5,1,5,11,Loyal
CUST-1028,Kabir Kumar,110,1,3209.59,1,1,5,7,Developing
CUST-1028,Vivaan Sinha,608,1,110.76,5,1,1,7,Developing
CUST-1034,Anaya Roy,374,1,183.15,3,1,1,5,At Risk
CUST-1034,Anaya Singh,705,1,2011.29,5,1,5,11,Loyal
CUST-1037,Anaya Patel,190,1,1433.46,2,1,4,7,Developing
CUST-1037,Arjun Patel,724,1,121.08,5,1,1,7,Developing
CUST-1037,Arjun Sinha,626,1,933.6,5,1,3,9,Loyal
CUST-1038,Meera Singh,620,1,4423.41,5,1,5,11,Loyal
CUST-1039,Diya Sinha,399,1,748.97,3,1,3,7,Developing
CUST-1040,Aditya Roy,120,1,1601.24,1,1,4,6,Developing
CUST-1041,Aditya Singh,297,1,1246.29,3,1,4,8,Developing
CUST-1044,Aditya Das,650,1,2345.4,5,1,5,11,Loyal
CUST-1044,Aditya Gupta,429,1,2081.1,3,1,5,9,Loyal
CUST-1044,Isha Gupta,18,1,663.05,1,1,3,5,At Risk
CUST-1045,Arjun Roy,592,1,406.09,5,1,2,8,Developing
CUST-1045,Kabir Kumar,428,1,1637.21,3,1,4,8,Developing
CUST-1046,Arjun Verma,191,1,382.82,2,1,2,5,At Risk
CUST-1048,Diya Patel,345,1,657.42,3,1,3,7,Developing
CUST-1048,Isha Das,648,1,463.31,5,1,2,8,Developing
CUST-1049,Vivaan Sinha,487,1,1457.87,4,1,4,9,Loyal
CUST-1050,Arjun Singh,85,1,1042.46,1,1,4,6,Developing
CUST-1051,Anaya Gupta,273,1,195.22,2,1,1,4,At Risk
CUST-1051,Vivaan Singh,28,1,412.03,1,1,2,4,At Risk
CUST-1052,Riya Sinha,604,1,600.45,5,1,3,9,Loyal
CUST-1053,Arjun Patel,177,1,527.35,2,1,3,6,Developing
CUST-1056,Vivaan Verma,11,1,1061.27,1,1,4,6,Developing
CUST-1057,Kabir Roy,217,1,265.03,2,1,2,5,At Risk
CUST-1058,Vivaan Verma,65,1,90.73,1,1,1,3,At Risk
CUST-1060,Arjun Roy,92,1,1131.79,1,1,4,6,Developing
CUST-1060,Vivaan Kumar,121,1,2549.8,1,1,5,7,Developing
CUST-1061,Diya Sinha,621,1,662.65,5,1,3,9,Loyal
CUST-1061,Riya Sharma,677,1,767.35,5,1,3,9,Loyal
CUST-1062,Riya Sinha,534,1,836.21,4,1,3,8,Developing
CUST-1063,Aarav Sinha,571,1,27.26,4,1,1,6,Developing
CUST-1063,Arjun Roy,254,1,243.07,2,1,1,4,At Risk
CUST-1063,Kabir Sinha,616,1,93.83,5,1,1,7,Developing
CUST-1064,Aarav Roy,41,1,340.97,1,1,2,4,At Risk
CUST-1065,Aditya Patel,370,1,551.62,3,1,3,7,Developing
CUST-1066,Meera Das,646,1,1130.69,5,1,4,10,Loyal
CUST-1066,Riya Roy,527,1,133.03,4,1,1,6,Developing
CUST-1067,Aditya Kumar,198,1,1945.77,2,1,5,8,Developing
CUST-1068,Aditya Kumar,686,1,2503.82,5,1,5,11,Loyal
CUST-1068,Diya Patel,506,1,591.13,4,1,3,8,Developing
CUST-1069,Aarav Gupta,729,1,313.76,5,1,2,8,Developing
CUST-1069,Kabir Patel,518,1,5051.09,4,1,5,10,Loyal
CUST-1070,Meera Das,511,1,183.34,4,1,1,6,Developing
CUST-1071,Diya Patel,474,1,1954.15,4,1,5,10,Loyal
CUST-1072,Aditya Kumar,563,1,586.71,4,1,3,8,Developing
CUST-1073,Anaya Patel,687,1,145.05,5,1,1,7,Developing
CUST-1073,Arjun Sharma,594,1,660.32,5,1,3,9,Loyal
CUST-1073,Meera Roy,42,1,235.24,1,1,1,3,At Risk
CUST-1074,Kabir Roy,484,1,565.79,4,1,3,8,Developing
CUST-1075,Anaya Kumar,377,1,656.54,3,1,3,7,Developing
CUST-1075,Arjun Sinha,307,1,383.81,3,1,2,6,Developing
CUST-1075,Kabir Verma,492,1,578.1,4,1,3,8,Developing
CUST-1076,Isha Singh,633,1,149.49,5,1,1,7,Developing
CUST-1076,Vivaan Jha,133,1,216.51,1,1,1,3,At Risk
CUST-1078,Vivaan Verma,90,1,130.97,1,1,1,3,At Risk
CUST-1080,Diya Sharma,50,1,731.75,1,1,3,5,At Risk
CUST-1081,Diya Sharma,388,1,1060.24,3,1,4,8,Developing
CUST-1082,Arjun Das,313,1,309.45,3,1,2,6,Developing
CUST-1082,Kabir Gupta,521,1,283.82,4,1,2,7,Developing
CUST-1086,Isha Sharma,264,1,292.35,2,1,2,5,At Risk
CUST-1087,Aarav Patel,581,1,400.24,5,1,2,8,Developing
CUST-1088,Kabir Jha,574,1,2422.71,4,1,5,10,Loyal
CUST-1088,Riya Kumar,17,2,1769.91,1,5,4,10,Loyal
CUST-1090,Arjun Das,406,1,862.26,3,1,3,7,Developing
CUST-1090,Arjun Sharma,614,1,2344.7,5,1,5,11,Loyal
CUST-1090,Vivaan Kumar,30,1,750.57,1,1,3,5,At Risk
CUST-1091,Aditya Jha,478,1,569.21,4,1,3,8,Developing
CUST-1091,Aditya Roy,414,1,202.06,3,1,1,5,At Risk
CUST-1092,Meera Das,26,1,129.94,1,1,1,3,At Risk
CUST-1094,Aditya Singh,478,1,888.02,4,1,3,8,Developing
CUST-1094,Arjun Kumar,446,1,4634.34,4,1,5,10,Loyal
CUST-1095,Diya Verma,260,1,3997.73,2,1,5,8,Developing
CUST-1096,Anaya Sinha,618,1,3519.56,5,1,5,11,Loyal
CUST-1097,Anaya Das,541,1,2975.73,4,1,5,10,Loyal
CUST-1097,Anaya Jha,243,1,75.54,2,1,1,4,At Risk
CUST-1098,Aarav Sinha,120,1,598.52,1,1,3,5,At Risk
CUST-1098,Vivaan Verma,264,1,327.18,2,1,2,5,At Risk
CUST-1100,Aarav Gupta,637,1,310.06,5,1,2,8,Developing
CUST-1100,Arjun Jha,26,1,315.55,1,1,2,4,At Risk
CUST-1100,Isha Roy,254,1,374.86,2,1,2,5,At Risk
CUST-1101,Anaya Patel,711,1,974.74,5,1,4,10,Loyal
CUST-1101,Arjun Das,337,1,1093.4,3,1,4,8,Developing
CUST-1101,Diya Kumar,391,1,836.01,3,1,3,7,Developing
CUST-1102,Vivaan Verma,90,1,576.56,1,1,3,5,At Risk
CUST-1103,Vivaan Patel,315,1,1745.87,3,1,4,8,Developing
CUST-1107,Aditya Das,725,1,1565.95,5,1,4,10,Loyal
CUST-1107,Kabir Jha,234,1,82.81,2,1,1,4,At Risk
CUST-1108,Aarav Singh,659,1,412.52,5,1,2,8,Developing
CUST-1108,Isha Sinha,97,1,235.95,1,1,1,3,At Risk
CUST-1109,Vivaan Sinha,415,1,4450.31,3,1,5,9,Loyal
CUST-1110,Aarav Jha,265,1,1983.28,2,1,5,8,Developing
CUST-1112,Riya Verma,59,1,1654.61,1,1,4,6,Developing
CUST-1114,Riya Verma,645,1,1868.97,5,1,4,10,Loyal
CUST-1116,Riya Kumar,182,1,197.25,2,1,1,4,At Risk
CUST-1117,Vivaan Singh,143,1,2534.52,1,1,5,7,Developing
CUST-1119,Isha Jha,444,1,128.34,4,1,1,6,Developing
CUST-1120,Aarav Kumar,259,1,153.63,2,1,1,4,At Risk
CUST-1120,Diya Gupta,583,1,4810.65,5,1,5,11,Loyal
CUST-1121,Riya Singh,21,1,858.14,1,1,3,5,At Risk
CUST-1122,Aarav Roy,173,1,751.44,2,1,3,6,Developing
CUST-1122,Meera Verma,467,1,833.31,4,1,3,8,Developing
CUST-1122,Riya Verma,471,1,370.63,4,1,2,7,Developing
CUST-1123,Aditya Kumar,449,1,1308.99,4,1,4,9,Loyal
CUST-1124,Riya Sinha,131,1,290.44,1,1,2,4,At Risk
CUST-1126,Anaya Das,698,1,578.7,5,1,3,9,Loyal
CUST-1126,Anaya Sinha,37,1,513.33,1,1,2,4,At Risk
CUST-1128,Arjun Kumar,149,1,476.26,2,1,2,5,At Risk
CUST-1128,Riya Gupta,492,1,244.83,4,1,2,7,Developing
CUST-1129,Diya Gupta,311,1,1498.33,3,1,4,8,Developing
CUST-1129,Kabir Singh,604,1,1570.98,5,1,4,10,Loyal
CUST-1130,Anaya Patel,540,1,2691.99,4,1,5,10,Loyal
CUST-1130,Anaya Singh,564,1,173.72,4,1,1,6,Developing
CUST-1130,Diya Verma,228,1,2301.6,2,1,5,8,Developing
CUST-1130,Isha Jha,110,1,485.22,1,1,2,4,At Risk
CUST-1130,Vivaan Singh,214,1,465.28,2,1,2,5,At Risk
CUST-1131,Aarav Gupta,704,1,685.09,5,1,3,9,Loyal
CUST-1131,Arjun Das,15,1,681.98,1,1,3,5,At Risk
CUST-1131,Isha Das,444,1,118.86,4,1,1,6,Developing
CUST-1131,Kabir Patel,731,1,732.44,5,1,3,9,Loyal
CUST-1131,Meera Das,164,1,1846.17,2,1,4,7,Developing
CUST-1133,Aarav Das,253,1,833.61,2,1,3,6,Developing
CUST-1133,Arjun Kumar,67,1,338.05,1,1,2,4,At Risk
CUST-1134,Aarav Sharma,232,1,834.94,2,1,3,6,Developing
CUST-1134,Isha Patel,307,1,596.76,3,1,3,7,Developing
CUST-1136,Arjun Sharma,62,1,871.44,1,1,3,5,At Risk
CUST-1137,Anaya Verma,48,1,338.29,1,1,2,4,At Risk
CUST-1137,Diya Sharma,127,2,102.52000000000001,1,5,1,7,Developing
CUST-1138,Riya Das,46,1,58.72,1,1,1,3,At Risk
CUST-1140,Arjun Sinha,633,1,137.31,5,1,1,7,Developing
CUST-1140,Riya Singh,528,1,257.47,4,1,2,7,Developing
CUST-1141,Aarav Kumar,604,1,2505.64,5,1,5,11,Loyal
CUST-1142,Isha Sinha,36,1,351.07,1,1,2,4,At Risk
CUST-1142,Kabir Gupta,465,1,499.26,4,1,2,7,Developing
CUST-1142,Vivaan Sinha,104,1,3386.63,1,1,5,7,Developing
CUST-1143,Aditya Sinha,68,1,350.4,1,1,2,4,At Risk
CUST-1146,Anaya Jha,682,1,32.92,5,1,1,7,Developing
CUST-1146,Arjun Sinha,553,1,2005.67,4,1,5,10,Loyal
CUST-1147,Aditya Singh,359,1,1433.5,3,1,4,8,Developing
CUST-1149,Aditya Sinha,394,1,1137.67,3,1,4,8,Developing
CUST-1149,Diya Sinha,636,1,320.06,5,1,2,8,Developing
CUST-1149,Isha Sinha,475,1,648.92,4,1,3,8,Developing
CUST-1150,Riya Singh,631,1,248.68,5,1,2,8,Developing
CUST-1151,Diya Sinha,349,1,840.9,3,1,3,7,Developing
CUST-1151,Kabir Singh,338,1,4355.27,3,1,5,9,Loyal
CUST-1152,Aditya Das,77,1,1783.56,1,1,4,6,Developing
CUST-1152,Aditya Singh,22,1,319.03,1,1,2,4,At Risk
CUST-1152,Diya Gupta,674,1,540.14,5,1,3,9,Loyal
CUST-1152,Kabir Das,155,1,731.89,2,1,3,6,Developing
CUST-1152,Kabir Kumar,236,1,197.53,2,1,1,4,At Risk
CUST-1152,Meera Das,237,1,2166.34,2,1,5,8,Developing
CUST-1153,Riya Kumar,501,1,500.3,4,1,2,7,Developing
CUST-1154,Diya Kumar,179,1,269.94,2,1,2,5,At Risk
CUST-1155,Arjun Sharma,473,1,666.29,4,1,3,8,Developing
CUST-1155,Diya Roy,97,1,4631.76,1,1,5,7,Developing
CUST-1155,Kabir Sharma,259,1,1589.22,2,1,4,7,Developing
CUST-1157,Vivaan Das,18,1,55.75,1,1,1,3,At Risk
CUST-1161,Kabir Sharma,132,1,2593.66,1,1,5,7,Developing
CUST-1162,Anaya Jha,609,1,17.81,5,1,1,7,Developing
CUST-1162,Vivaan Kumar,666,1,1013.19,5,1,4,10,Loyal
CUST-1163,Anaya Jha,406,1,2753.63,3,1,5,9,Loyal
CUST-1164,Aditya Das,181,1,1032.4,2,1,4,7,Developing
CUST-1164,Kabir Sharma,47,1,1254.29,1,1,4,6,Developing
CUST-1165,Aarav Roy,119,1,3283.8,1,1,5,7,Developing
CUST-1166,Aarav Verma,125,1,306.29,1,1,2,4,At Risk
CUST-1166,Riya Patel,583,1,135.02,5,1,1,7,Developing
CUST-1167,Arjun Jha,311,1,2977.21,3,1,5,9,Loyal
CUST-1167,Meera Jha,41,1,1911.82,1,1,4,6,Developing
CUST-1168,Aditya Patel,53,1,37.01,1,1,1,3,At Risk
CUST-1168,Riya Kumar,1,1,2768.08,1,1,5,7,Developing
CUST-1170,Isha Jha,49,1,215.72,1,1,1,3,At Risk
CUST-1170,Meera Patel,105,1,1492.19,1,1,4,6,Developing
CUST-1172,Riya Jha,430,1,1859.05,3,1,4,8,Developing
CUST-1173,Diya Singh,485,1,4133.19,4,1,5,10,Loyal
CUST-1174,Arjun Patel,445,1,45.46,4,1,1,6,Developing
CUST-1175,Anaya Patel,510,1,1254.82,4,1,4,9,Loyal
CUST-1175,Anaya Sharma,258,1,198.15,2,1,1,4,At Risk
CUST-1175,Diya Jha,410,1,160.86,3,1,1,5,At Risk
CUST-1175,Isha Sinha,396,1,76.32,3,1,1,5,At Risk
CUST-1176,Riya Gupta,321,1,1537.6,3,1,4,8,Developing
CUST-1176,Vivaan Gupta,508,1,124.35,4,1,1,6,Developing
CUST-1177,Meera Sharma,27,1,596.71,1,1,3,5,At Risk
CUST-1178,Diya Kumar,183,1,287.89,2,1,2,5,At Risk
CUST-1178,Isha Jha,254,1,4663.18,2,1,5,8,Developing
CUST-1180,Riya Sinha,132,1,625.64,1,1,3,5,At Risk
CUST-1181,Arjun Singh,644,1,321.44,5,1,2,8,Developing
CUST-1182,Anaya Sinha,339,1,544.51,3,1,3,7,Developing
CUST-1182,Diya Singh,342,1,556.79,3,1,3,7,Developing
CUST-1182,Meera Gupta,678,1,290.42,5,1,2,8,Developing
CUST-1183,Aditya Sinha,461,1,3108.13,4,1,5,10,Loyal
CUST-1183,Riya Singh,689,1,3898.71,5,1,5,11,Loyal
CUST-1184,Diya Kumar,606,1,2840.6,5,1,5,11,Loyal
CUST-1184,Isha Roy,662,1,226.55,5,1,1,7,Developing
CUST-1184,Kabir Das,123,1,371.6,1,1,2,4,At Risk
CUST-1185,Aarav Das,303,1,130.78,3,1,1,5,At Risk
CUST-1185,Arjun Gupta,270,1,428.53,2,1,2,5,At Risk
CUST-1185,Arjun Kumar,589,1,1512.84,5,1,4,10,Loyal
CUST-1185,Kabir Sinha,467,1,114.11,4,1,1,6,Developing
CUST-1185,Meera Singh,492,1,88.71,4,1,1,6,Developing
CUST-1185,Vivaan Gupta,527,1,1524.71,4,1,4,9,Loyal
CUST-1189,Aditya Verma,636,1,310.91,5,1,2,8,Developing
CUST-1189,Anaya Patel,465,1,147.96,4,1,1,6,Developing
CUST-1191,Arjun Kumar,216,1,969.67,2,1,4,7,Developing
CUST-1192,Aarav Sharma,154,1,162.06,2,1,1,4,At Risk
CUST-1192,Arjun Sharma,634,1,1155.4,5,1,4,10,Loyal
CUST-1195,Aditya Patel,217,2,1221.37,2,5,4,11,Loyal
CUST-1195,Isha Sinha,204,2,3867.04,2,5,5,12,Champions
CUST-1196,Aditya Gupta,490,1,173.23,4,1,1,6,Developing
CUST-1196,Aditya Jha,124,1,2046.82,1,1,5,7,Developing
CUST-1196,Kabir Verma,338,1,3897.73,3,1,5,9,Loyal
CUST-1196,Vivaan Kumar,78,1,1964.0,1,1,5,7,Developing
CUST-1197,Meera Kumar,362,1,4335.96,3,1,5,9,Loyal
CUST-1198,Meera Kumar,336,1,1010.46,3,1,4,8,Developing
CUST-1199,Aditya Roy,581,1,3508.35,5,1,5,11,Loyal
CUST-1199,Vivaan Gupta,115,1,696.24,1,1,3,5,At Risk
CUST-1200,Vivaan Patel,641,1,108.85,5,1,1,7,Developing
CUST-1201,Aarav Sinha,290,1,541.13,2,1,3,6,Developing
CUST-1201,Arjun Das,392,1,129.03,3,1,1,5,At Risk
CUST-1201,Kabir Jha,218,1,4911.21,2,1,5,8,Developing
CUST-1203,Isha Jha,593,1,243.5,5,1,1,7,Developing
CUST-1203,Kabir Sharma,454,1,175.85,4,1,1,6,Developing
CUST-1204,Arjun Singh,599,1,1125.76,5,1,4,10,Loyal
CUST-1205,Diya Sinha,236,1,177.11,2,1,1,4,At Risk
CUST-1206,Arjun Gupta,698,1,1197.56,5,1,4,10,Loyal
CUST-1206,Kabir Das,260,1,653.44,2,1,3,6,Developing
CUST-1206,Meera Jha,651,1,2709.64,5,1,5,11,Loyal
CUST-1207,Anaya Verma,469,1,192.87,4,1,1,6,Developing
CUST-1207,Arjun Roy,458,1,917.79,4,1,3,8,Developing
CUST-1208,Anaya Sharma,613,1,572.41,5,1,3,9,Loyal
CUST-1210,Aditya Verma,471,1,112.38,4,1,1,6,Developing
CUST-1210,Anaya Gupta,366,1,641.9,3,1,3,7,Developing
CUST-1210,Kabir Verma,151,1,1329.42,2,1,4,7,Developing
CUST-1211,Riya Verma,63,1,1058.92,1,1,4,6,Developing
CUST-1211,Vivaan Gupta,350,1,2105.66,3,1,5,9,Loyal
CUST-1211,Vivaan Verma,62,1,1191.63,1,1,4,6,Developing
CUST-1212,Aarav Verma,356,1,75.86,3,1,1,5,At Risk
CUST-1212,Aditya Patel,575,1,1319.3,4,1,4,9,Loyal
CUST-1213,Riya Sharma,712,1,945.45,5,1,3,9,Loyal
CUST-1215,Riya Patel,516,1,210.81,4,1,1,6,Developing
CUST-1217,Aditya Patel,285,1,1284.18,2,1,4,7,Developing
CUST-1218,Kabir Gupta,369,1,1080.62,3,1,4,8,Developing
CUST-1219,Kabir Roy,207,1,70.57,2,1,1,4,At Risk
CUST-1219,Meera Patel,697,1,1202.18,5,1,4,10,Loyal
CUST-1219,Vivaan Kumar,335,1,96.08,3,1,1,5,At Risk
CUST-1219,Vivaan Patel,590,1,1562.91,5,1,4,10,Loyal
CUST-1219,Vivaan Sinha,623,1,1358.29,5,1,4,10,Loyal
CUST-1220,Aditya Gupta,596,1,1252.74,5,1,4,10,Loyal
CUST-1222,Anaya Sharma,282,1,828.35,2,1,3,6,Developing
CUST-1223,Meera Jha,71,1,338.2,1,1,2,4,At Risk
CUST-1224,Anaya Das,576,1,670.76,4,1,3,8,Developing
CUST-1224,Kabir Das,380,1,127.79,3,1,1,5,At Risk
CUST-1225,Anaya Kumar,277,1,3786.75,2,1,5,8,Developing
CUST-1225,Kabir Sharma,400,1,1814.49,3,1,4,8,Developing
CUST-1227,Isha Sinha,479,1,560.02,4,1,3,8,Developing
CUST-1228,Aarav Sinha,332,1,297.95,3,1,2,6,Developing
CUST-1228,Riya Roy,317,1,762.34,3,1,3,7,Developing
CUST-1230,Aarav Singh,111,1,354.76,1,1,2,4,At Risk
CUST-1230,Anaya Kumar,320,1,184.37,3,1,1,5,At Risk
CUST-1230,Anaya Singh,297,1,314.81,3,1,2,6,Developing
CUST-1230,Arjun Gupta,680,1,478.92,5,1,2,8,Developing
CUST-1233,Kabir Kumar,565,1,304.02,4,1,2,7,Developing
CUST-1233,Vivaan Verma,613,1,430.89,5,1,2,8,Developing
CUST-1235,Diya Kumar,556,1,2876.4,4,1,5,10,Loyal
CUST-1236,Riya Sharma,113,1,319.18,1,1,2,4,At Risk
CUST-1238,Isha Sinha,694,1,779.44,5,1,3,9,Loyal
CUST-1240,Kabir Gupta,604,1,364.13,5,1,2,8,Developing
CUST-1241,Anaya Sinha,296,1,1113.28,3,1,4,8,Developing
CUST-1241,Arjun Roy,104,1,922.64,1,1,3,5,At Risk
CUST-1242,Isha Singh,107,1,349.16,1,1,2,4,At Risk
CUST-1242,Isha Verma,146,1,213.78,2,1,1,4,At Risk
CUST-1244,Riya Jha,667,1,1335.28,5,1,4,10,Loyal
CUST-1244,Riya Patel,649,1,3677.8,5,1,5,11,Loyal
CUST-1246,Arjun Singh,343,1,454.68,3,1,2,6,Developing
CUST-1247,Anaya Sharma,603,1,108.08,5,1,1,7,Developing
CUST-1247,Arjun Das,209,1,569.97,2,1,3,6,Developing
CUST-1247,Vivaan Sinha,224,1,1149.52,2,1,4,7,Developing
CUST-1248,Diya Sharma,376,1,899.41,3,1,3,7,Developing
CUST-1248,Kabir Singh,227,1,380.76,2,1,2,5,At Risk
CUST-1249,Anaya Jha,526,1,312.1,4,1,2,7,Developing
CUST-1250,Isha Das,678,1,365.14,5,1,2,8,Developing
CUST-1250,Isha Sinha,596,1,492.12,5,1,2,8,Developing
CUST-1250,Riya Das,65,1,890.87,1,1,3,5,At Risk
CUST-1252,Riya Verma,719,1,1298.56,5,1,4,10,Loyal
CUST-1253,Vivaan Singh,348,1,547.52,3,1,3,7,Developing
CUST-1254,Arjun Jha,99,1,62.68,1,1,1,3,At Risk
CUST-1254,Vivaan Sinha,364,1,91.05,3,1,1,5,At Risk
CUST-1256,Meera Kumar,221,1,661.92,2,1,3,6,Developing
CUST-1257,Isha Sharma,589,1,3118.75,5,1,5,11,Loyal
CUST-1257,Kabir Gupta,453,1,204.27,4,1,1,6,Developing
CUST-1257,Riya Das,628,1,226.05,5,1,1,7,Developing
CUST-1259,Anaya Patel,369,1,1630.6,3,1,4,8,Developing
CUST-1259,Kabir Sinha,497,1,115.21,4,1,1,6,Developing
CUST-1259,Meera Jha,285,1,1070.09,2,1,4,7,Developing
CUST-1259,Riya Roy,8,1,348.19,1,1,2,4,At Risk
CUST-1260,Kabir Patel,502,1,429.27,4,1,2,7,Developing
CUST-1260,Riya Singh,727,1,1124.22,5,1,4,10,Loyal
CUST-1260,Vivaan Jha,540,1,492.7,4,1,2,7,Developing
CUST-1261,Arjun Gupta,538,1,2890.96,4,1,5,10,Loyal
CUST-1261,Isha Sharma,388,1,2082.5,3,1,5,9,Loyal
CUST-1262,Arjun Das,531,1,359.7,4,1,2,7,Developing
CUST-1263,Riya Sinha,474,1,27.73,4,1,1,6,Developing
CUST-1264,Arjun Roy,123,1,483.37,1,1,2,4,At Risk
CUST-1264,Isha Kumar,657,1,196.65,5,1,1,7,Developing
CUST-1264,Riya Das,273,1,907.9,2,1,3,6,Developing
CUST-1265,Diya Das,196,1,762.04,2,1,3,6,Developing
CUST-1266,Isha Sharma,294,1,92.48,3,1,1,5,At Risk
CUST-1267,Aarav Kumar,689,1,311.78,5,1,2,8,Developing
CUST-1268,Diya Kumar,296,1,1128.41,3,1,4,8,Developing
CUST-1269,Meera Roy,194,1,93.77,2,1,1,4,At Risk
CUST-1270,Aarav Sinha,415,1,2150.64,3,1,5,9,Loyal
CUST-1270,Kabir Patel,35,1,681.4,1,1,3,5,At Risk
CUST-1272,Aditya Sharma,114,1,3145.18,1,1,5,7,Developing
CUST-1272,Aditya Verma,372,1,95.02,3,1,1,5,At Risk
CUST-1272,Isha Patel,615,1,212.07,5,1,1,7,Developing
CUST-1275,Arjun Sinha,559,1,476.56,4,1,2,7,Developing
CUST-1277,Meera Sharma,137,1,107.97,1,1,1,3,At Risk
CUST-1279,Anaya Sinha,418,1,286.37,3,1,2,6,Developing
CUST-1279,Vivaan Jha,728,1,924.68,5,1,3,9,Loyal
CUST-1280,Aarav Sharma,204,1,296.34,2,1,2,5,At Risk
CUST-1280,Arjun Sharma,389,1,694.61,3,1,3,7,Developing
CUST-1280,Riya Sinha,96,1,357.0,1,1,2,4,At Risk
CUST-1280,Riya Verma,687,1,377.27,5,1,2,8,Developing
CUST-1281,Riya Verma,493,1,62.65,4,1,1,6,Developing
CUST-1282,Vivaan Jha,408,1,764.38,3,1,3,7,Developing
CUST-1283,Kabir Gupta,625,1,560.68,5,1,3,9,Loyal
CUST-1284,Aditya Roy,529,1,3734.9,4,1,5,10,Loyal
CUST-1284,Arjun Roy,310,1,945.48,3,1,3,7,Developing
CUST-1286,Anaya Verma,120,1,917.19,1,1,3,5,At Risk
CUST-1287,Kabir Das,253,1,829.52,2,1,3,6,Developing
CUST-1287,Meera Verma,350,1,3001.83,3,1,5,9,Loyal
CUST-1288,Kabir Sharma,287,1,842.43,2,1,3,6,Developing
CUST-1289,Aarav Patel,636,1,1868.74,5,1,4,10,Loyal
CUST-1289,Aditya Das,453,1,600.33,4,1,3,8,Developing
CUST-1290,Riya Singh,467,1,263.73,4,1,2,7,Developing
CUST-1290,Vivaan Kumar,431,1,907.36,3,1,3,7,Developing
CUST-1293,Aarav Jha,107,1,407.59,1,1,2,4,At Risk
CUST-1293,Vivaan Sharma,170,1,503.51,2,1,2,5,At Risk
CUST-1294,Aditya Patel,255,1,289.09,2,1,2,5,At Risk
CUST-1295,Anaya Roy,157,1,1234.76,2,1,4,7,Developing
CUST-1295,Kabir Gupta,559,1,584.23,4,1,3,8,Developing
CUST-1296,Meera Patel,61,1,1303.01,1,1,4,6,Developing
CUST-1297,Kabir Sinha,379,1,1517.94,3,1,4,8,Developing
CUST-1298,Aarav Das,331,1,2098.67,3,1,5,9,Loyal
CUST-1298,Meera Verma,208,1,2937.87,2,1,5,8,Developing
CUST-1299,Isha Kumar,468,1,113.16,4,1,1,6,Developing
CUST-1299,Vivaan Das,460,1,128.75,4,1,1,6,Developing
CUST-1301,Anaya Singh,508,1,159.54,4,1,1,6,Developing
CUST-1301,Isha Gupta,162,1,117.4,2,1,1,4,At Risk
CUST-1301,Isha Patel,219,1,112.78,2,1,1,4,At Risk
CUST-1302,Isha Sharma,85,1,77.09,1,1,1,3,At Risk
CUST-1303,Arjun Verma,276,1,1785.17,2,1,4,7,Developing
CUST-1307,Meera Singh,624,1,230.78,5,1,1,7,Developing
CUST-1308,Aarav Patel,714,1,2488.54,5,1,5,11,Loyal
CUST-1308,Vivaan Gupta,507,1,298.31,4,1,2,7,Developing
CUST-1309,Aditya Verma,422,1,554.01,3,1,3,7,Developing
CUST-1309,Meera Singh,163,1,159.26,2,1,1,4,At Risk
CUST-1310,Kabir Jha,457,1,583.07,4,1,3,8,Developing
CUST-1313,Aarav Verma,534,1,2155.77,4,1,5,10,Loyal
CUST-1313,Meera Sharma,667,1,200.47,5,1,1,7,Developing
CUST-1313,Riya Jha,282,1,423.66,2,1,2,5,At Risk
CUST-1314,Aarav Roy,522,1,854.83,4,1,3,8,Developing
CUST-1314,Aditya Patel,66,1,456.82,1,1,2,4,At Risk
CUST-1314,Arjun Patel,155,1,171.12,2,1,1,4,At Risk
CUST-1314,Vivaan Kumar,506,1,500.16,4,1,2,7,Developing
CUST-1315,Kabir Sinha,99,1,1430.18,1,1,4,6,Developing
CUST-1315,Meera Singh,542,1,1884.45,4,1,4,9,Loyal
CUST-1317,Aarav Gupta,572,1,425.77,4,1,2,7,Developing
CUST-1318,Aditya Kumar,538,1,666.68,4,1,3,8,Developing
CUST-1318,Kabir Verma,284,1,257.34,2,1,2,5,At Risk
CUST-1319,Riya Patel,76,1,3119.5,1,1,5,7,Developing
CUST-1321,Aditya Jha,416,1,34.6,3,1,1,5,At Risk
CUST-1321,Aditya Sharma,571,1,346.7,4,1,2,7,Developing
CUST-1321,Isha Jha,723,1,2402.25,5,1,5,11,Loyal
CUST-1321,Meera Roy,528,1,1162.99,4,1,4,9,Loyal
CUST-1322,Arjun Singh,462,1,1575.18,4,1,4,9,Loyal
CUST-1322,Meera Kumar,155,1,630.64,2,1,3,6,Developing
CUST-1324,Aarav Verma,298,1,1334.06,3,1,4,8,Developing
CUST-1324,Diya Sinha,611,1,148.31,5,1,1,7,Developing
CUST-1326,Riya Jha,178,1,165.33,2,1,1,4,At Risk
CUST-1327,Isha Sinha,476,1,2006.61,4,1,5,10,Loyal
CUST-1328,Aditya Jha,561,1,2061.11,4,1,5,10,Loyal
CUST-1329,Anaya Roy,294,1,373.91,3,1,2,6,Developing
CUST-1329,Meera Sinha,553,1,1467.11,4,1,4,9,Loyal
CUST-1329,Vivaan Das,138,1,420.4,1,1,2,4,At Risk
CUST-1331,Anaya Sinha,606,1,315.45,5,1,2,8,Developing
CUST-1331,Diya Jha,463,1,819.18,4,1,3,8,Developing
CUST-1331,Meera Jha,237,1,683.48,2,1,3,6,Developing
CUST-1332,Riya Sinha,414,1,831.68,3,1,3,7,Developing
CUST-1333,Aarav Jha,189,1,1977.64,2,1,5,8,Developing
CUST-1333,Isha Sharma,322,1,657.4,3,1,3,7,Developing
CUST-1335,Diya Singh,51,1,1288.58,1,1,4,6,Developing
CUST-1335,Riya Singh,703,1,674.36,5,1,3,9,Loyal
CUST-1337,Anaya Patel,367,1,2742.01,3,1,5,9,Loyal
CUST-1337,Kabir Gupta,66,1,2449.48,1,1,5,7,Developing
CUST-1337,Riya Patel,89,1,809.3,1,1,3,5,At Risk
CUST-1339,Diya Gupta,162,1,199.07,2,1,1,4,At Risk
CUST-1340,Kabir Sinha,383,1,1182.12,3,1,4,8,Developing
CUST-1344,Arjun Singh,728,1,3583.6,5,1,5,11,Loyal
CUST-1345,Aarav Roy,217,1,505.86,2,1,2,5,At Risk
CUST-1345,Anaya Verma,726,1,381.11,5,1,2,8,Developing
CUST-1346,Diya Jha,272,1,2370.35,2,1,5,8,Developing
CUST-1347,Aditya Jha,670,1,3874.47,5,1,5,11,Loyal
CUST-1349,Anaya Patel,452,1,949.12,4,1,3,8,Developing
CUST-1350,Meera Das,451,1,2402.02,4,1,5,10,Loyal
CUST-1352,Vivaan Kumar,77,1,228.27,1,1,1,3,At Risk
CUST-1353,Aditya Sinha,527,1,176.06,4,1,1,6,Developing
CUST-1353,Isha Roy,417,1,627.64,3,1,3,7,Developing
CUST-1354,Aarav Patel,565,1,314.39,4,1,2,7,Developing
CUST-1354,Aarav Singh,426,1,212.68,3,1,1,5,At Risk
CUST-1354,Aditya Roy,464,1,4523.75,4,1,5,10,Loyal
CUST-1354,Arjun Kumar,288,1,369.09,2,1,2,5,At Risk
CUST-1354,Riya Sharma,80,1,562.78,1,1,3,5,At Risk
CUST-1355,Aarav Sharma,600,1,2382.05,5,1,5,11,Loyal
CUST-1355,Arjun Gupta,443,1,3165.08,4,1,5,10,Loyal
CUST-1356,Aarav Jha,331,1,3285.08,3,1,5,9,Loyal
CUST-1356,Anaya Das,684,1,565.13,5,1,3,9,Loyal
CUST-1356,Kabir Patel,715,1,460.07,5,1,2,8,Developing
CUST-1356,Vivaan Gupta,12,1,2332.02,1,1,5,7,Developing
CUST-1357,Aditya Gupta,545,1,261.34,4,1,2,7,Developing
CUST-1358,Isha Singh,602,1,440.19,5,1,2,8,Developing
CUST-1359,Riya Kumar,509,1,1426.56,4,1,4,9,Loyal
CUST-1360,Arjun Das,361,1,214.84,3,1,1,5,At Risk
CUST-1361,Aditya Jha,130,1,759.61,1,1,3,5,At Risk
CUST-1362,Aditya Patel,37,1,805.52,1,1,3,5,At Risk
CUST-1362,Diya Sharma,341,1,1196.53,3,1,4,8,Developing
CUST-1362,Meera Jha,449,1,498.66,4,1,2,7,Developing
CUST-1363,Aditya Sharma,397,1,4115.35,3,1,5,9,Loyal
CUST-1363,Anaya Kumar,392,1,531.21,3,1,3,7,Developing
CUST-1363,Isha Patel,323,1,513.23,3,1,2,6,Developing
CUST-1364,Isha Das,245,1,283.26,2,1,2,5,At Risk
CUST-1364,Meera Gupta,622,1,68.2,5,1,1,7,Developing
CUST-1366,Diya Verma,361,1,1199.03,3,1,4,8,Developing
CUST-1367,Kabir Verma,337,1,61.39,3,1,1,5,At Risk
CUST-1368,Aditya Sharma,43,1,122.11,1,1,1,3,At Risk
CUST-1371,Isha Sinha,527,1,994.78,4,1,4,9,Loyal
CUST-1372,Isha Das,367,1,2104.81,3,1,5,9,Loyal
CUST-1372,Riya Singh,420,1,558.12,3,1,3,7,Developing
CUST-1372,Vivaan Patel,519,1,3690.38,4,1,5,10,Loyal
CUST-1373,Isha Singh,436,1,895.59,4,1,3,8,Developing
CUST-1376,Aarav Kumar,372,1,2684.39,3,1,5,9,Loyal
CUST-1377,Meera Patel,390,1,92.89,3,1,1,5,At Risk
CUST-1378,Arjun Gupta,337,1,554.8,3,1,3,7,Developing
CUST-1378,Vivaan Patel,554,1,3322.26,4,1,5,10,Loyal
CUST-1380,Meera Verma,316,1,1355.81,3,1,4,8,Developing
CUST-1381,Arjun Singh,261,1,402.13,2,1,2,5,At Risk
CUST-1382,Aarav Singh,578,1,109.46,4,1,1,6,Developing
CUST-1383,Kabir Jha,267,1,208.35,2,1,1,4,At Risk
CUST-1384,Aarav Verma,122,1,315.69,1,1,2,4,At Risk
CUST-1385,Anaya Jha,724,1,360.62,5,1,2,8,Developing
CUST-1385,Arjun Sinha,147,1,311.27,2,1,2,5,At Risk
CUST-1385,Diya Sinha,46,1,966.29,1,1,4,6,Developing
CUST-1386,Isha Kumar,591,1,137.52,5,1,1,7,Developing
CUST-1387,Arjun Sinha,579,1,828.26,4,1,3,8,Developing
CUST-1389,Riya Roy,135,1,155.93,1,1,1,3,At Risk
CUST-1390,Vivaan Sharma,685,1,1745.99,5,1,4,10,Loyal
CUST-1391,Aditya Singh,98,1,2842.13,1,1,5,7,Developing
CUST-1392,Aarav Roy,97,1,564.46,1,1,3,5,At Risk
CUST-1392,Aditya Kumar,69,1,715.24,1,1,3,5,At Risk
CUST-1392,Kabir Sinha,719,1,1231.14,5,1,4,10,Loyal
CUST-1392,Meera Gupta,514,1,2632.81,4,1,5,10,Loyal
CUST-1393,Anaya Gupta,145,1,3460.3,1,1,5,7,Developing
CUST-1394,Kabir Patel,298,1,660.71,3,1,3,7,Developing
CUST-1399,Arjun Jha,524,1,843.82,4,1,3,8,Developing
CUST-1400,Aditya Verma,414,1,542.77,3,1,3,7,Developing
CUST-1401,Aditya Sinha,241,1,1250.41,2,1,4,7,Developing
CUST-1402,Riya Patel,111,1,3206.11,1,1,5,7,Developing
CUST-1403,Arjun Roy,182,1,984.45,2,1,4,7,Developing
CUST-1403,Diya Sinha,402,1,271.6,3,1,2,6,Developing
CUST-1404,Aarav Das,517,1,1172.11,4,1,4,9,Loyal
CUST-1404,Aarav Sharma,457,1,103.1,4,1,1,6,Developing
CUST-1404,Anaya Sharma,184,1,994.45,2,1,4,7,Developing
CUST-1405,Aarav Sharma,660,1,1801.38,5,1,4,10,Loyal
CUST-1405,Arjun Jha,29,1,581.97,1,1,3,5,At Risk
CUST-1405,Isha Das,346,1,3124.88,3,1,5,9,Loyal
CUST-1405,Isha Sharma,592,1,541.44,5,1,3,9,Loyal
CUST-1405,Meera Jha,247,1,1010.19,2,1,4,7,Developing
CUST-1406,Kabir Kumar,608,1,95.32,5,1,1,7,Developing
CUST-1406,Meera Jha,703,1,154.07,5,1,1,7,Developing
CUST-1407,Diya Patel,101,1,435.01,1,1,2,4,At Risk
CUST-1407,Meera Sinha,651,1,116.46,5,1,1,7,Developing
CUST-1408,Aarav Patel,601,1,560.89,5,1,3,9,Loyal
CUST-1408,Meera Singh,59,1,24.49,1,1,1,3,At Risk
CUST-1409,Aarav Sinha,75,1,1135.34,1,1,4,6,Developing
CUST-1409,Riya Sharma,133,1,120.59,1,1,1,3,At Risk
CUST-1410,Anaya Verma,694,1,1468.77,5,1,4,10,Loyal
CUST-1412,Anaya Kumar,312,1,41.5,3,1,1,5,At Risk
CUST-1412,Diya Sharma,182,1,817.18,2,1,3,6,Developing
CUST-1412,Kabir Sinha,271,1,1266.86,2,1,4,7,Developing
CUST-1413,Arjun Patel,656,1,4642.2,5,1,5,11,Loyal
CUST-1413,Meera Kumar,632,1,3202.44,5,1,5,11,Loyal
CUST-1413,Vivaan Gupta,64,1,1358.81,1,1,4,6,Developing
CUST-1414,Diya Roy,379,1,105.65,3,1,1,5,At Risk
CUST-1415,Aditya Jha,272,1,82.92,2,1,1,4,At Risk
CUST-1415,Arjun Verma,549,1,572.11,4,1,3,8,Developing
CUST-1415,Diya Patel,162,1,171.21,2,1,1,4,At Risk
CUST-1415,Kabir Roy,647,1,689.61,5,1,3,9,Loyal
CUST-1417,Aditya Patel,321,1,167.35,3,1,1,5,At Risk
CUST-1417,Meera Sharma,346,1,802.54,3,1,3,7,Developing
CUST-1418,Aarav Roy,419,1,50.48,3,1,1,5,At Risk
CUST-1419,Aarav Kumar,486,1,332.96,4,1,2,7,Developing
CUST-1419,Meera Patel,180,1,101.14,2,1,1,4,At Risk
CUST-1420,Anaya Gupta,325,1,2120.3,3,1,5,9,Loyal
CUST-1420,Vivaan Sinha,322,1,1399.72,3,1,4,8,Developing
CUST-1422,Riya Das,589,1,1114.0,5,1,4,10,Loyal
CUST-1422,Vivaan Gupta,281,1,652.71,2,1,3,6,Developing
CUST-1424,Aditya Sinha,199,1,3924.13,2,1,5,8,Developing
CUST-1426,Anaya Das,665,1,688.89,5,1,3,9,Loyal
CUST-1428,Arjun Gupta,198,1,1221.17,2,1,4,7,Developing
CUST-1429,Riya Patel,575,1,3052.75,4,1,5,10,Loyal
CUST-1429,Riya Singh,465,1,112.27,4,1,1,6,Developing
CUST-1431,Anaya Gupta,402,1,737.92,3,1,3,7,Developing
CUST-1431,Arjun Patel,646,1,1328.42,5,1,4,10,Loyal
CUST-1431,Vivaan Singh,189,1,932.5,2,1,3,6,Developing
CUST-1432,Riya Verma,270,1,76.54,2,1,1,4,At Risk
CUST-1433,Anaya Singh,417,1,1255.83,3,1,4,8,Developing
CUST-1433,Riya Gupta,701,1,997.48,5,1,4,10,Loyal
CUST-1434,Arjun Kumar,172,1,2673.92,2,1,5,8,Developing
CUST-1435,Diya Kumar,260,1,300.33,2,1,2,5,At Risk
CUST-1435,Isha Kumar,151,1,799.26,2,1,3,6,Developing
CUST-1439,Anaya Sinha,237,1,833.71,2,1,3,6,Developing
CUST-1439,Arjun Sinha,629,1,1785.98,5,1,4,10,Loyal
CUST-1440,Arjun Das,320,1,593.95,3,1,3,7,Developing
CUST-1440,Diya Roy,724,1,724.19,5,1,3,9,Loyal
CUST-1440,Kabir Patel,311,1,700.31,3,1,3,7,Developing
CUST-1441,Anaya Sharma,322,1,449.38,3,1,2,6,Developing
CUST-1441,Diya Gupta,354,1,1017.16,3,1,4,8,Developing
CUST-1442,Aarav Sharma,480,1,1740.67,4,1,4,9,Loyal
CUST-1442,Aarav Verma,571,1,338.58,4,1,2,7,Developing
CUST-1444,Diya Kumar,353,1,3470.98,3,1,5,9,Loyal
CUST-1446,Aditya Sinha,695,1,2531.18,5,1,5,11,Loyal
CUST-1446,Diya Singh,520,1,112.03,4,1,1,6,Developing
CUST-1446,Isha Roy,527,1,3506.51,4,1,5,10,Loyal
CUST-1447,Arjun Sinha,382,1,1952.51,3,1,5,9,Loyal
CUST-1447,Meera Sinha,655,1,969.16,5,1,4,10,Loyal
CUST-1447,Vivaan Kumar,570,1,448.44,4,1,2,7,Developing
CUST-1448,Diya Sinha,204,1,261.58,2,1,2,5,At Risk
CUST-1448,Isha Gupta,624,1,3617.16,5,1,5,11,Loyal
CUST-1449,Anaya Gupta,315,1,517.98,3,1,2,6,Developing
CUST-1449,Isha Sharma,518,1,58.2,4,1,1,6,Developing
CUST-1449,Riya Kumar,315,1,374.74,3,1,2,6,Developing
CUST-1450,Aditya Patel,355,1,2785.74,3,1,5,9,Loyal
CUST-1451,Meera Gupta,468,1,1438.33,4,1,4,9,Loyal
CUST-1452,Diya Sinha,490,1,551.93,4,1,3,8,Developing
CUST-1453,Aditya Singh,713,1,481.6,5,1,2,8,Developing
CUST-1453,Diya Jha,470,1,42.92,4,1,1,6,Developing
CUST-1454,Anaya Roy,25,1,1247.97,1,1,4,6,Developing
CUST-1454,Meera Das,33,1,1436.35,1,1,4,6,Developing
CUST-1456,Anaya Singh,73,1,1212.42,1,1,4,6,Developing
CUST-1456,Diya Roy,104,1,96.31,1,1,1,3,At Risk
CUST-1457,Aarav Sinha,364,1,159.69,3,1,1,5,At Risk
CUST-1458,Anaya Das,312,1,1534.66,3,1,4,8,Developing
CUST-1459,Aditya Verma,436,1,315.09,4,1,2,7,Developing
CUST-1459,Diya Kumar,205,1,319.83,2,1,2,5,At Risk
CUST-1459,Riya Das,399,1,57.47,3,1,1,5,At Risk
CUST-1460,Arjun Jha,372,1,1850.51,3,1,4,8,Developing
CUST-1460,Vivaan Sinha,461,1,135.41,4,1,1,6,Developing
CUST-1461,Kabir Kumar,398,1,993.53,3,1,4,8,Developing
CUST-1461,Vivaan Jha,528,1,2858.94,4,1,5,10,Loyal
CUST-1461,Vivaan Patel,640,1,116.96,5,1,1,7,Developing
CUST-1463,Aditya Verma,98,1,418.34,1,1,2,4,At Risk
CUST-1463,Riya Jha,38,1,473.13,1,1,2,4,At Risk
CUST-1464,Aditya Kumar,633,1,348.4,5,1,2,8,Developing
CUST-1465,Isha Kumar,331,1,46.29,3,1,1,5,At Risk
CUST-1465,Riya Jha,271,1,628.37,2,1,3,6,Developing
CUST-1465,Vivaan Kumar,682,1,1127.08,5,1,4,10,Loyal
CUST-1469,Aditya Jha,320,1,157.02,3,1,1,5,At Risk
CUST-1471,Arjun Gupta,134,1,2294.33,1,1,5,7,Developing
CUST-1471,Kabir Gupta,624,1,823.86,5,1,3,9,Loyal
CUST-1471,Kabir Sinha,317,1,125.51,3,1,1,5,At Risk
CUST-1473,Aditya Sinha,178,1,1047.14,2,1,4,7,Developing
CUST-1473,Arjun Sharma,504,1,702.7,4,1,3,8,Developing
CUST-1473,Riya Jha,7,1,1307.36,1,1,4,6,Developing
CUST-1474,Meera Sharma,294,1,302.56,3,1,2,6,Developing
CUST-1477,Anaya Singh,113,1,1584.8,1,1,4,6,Developing
CUST-1478,Diya Sharma,708,1,2089.1,5,1,5,11,Loyal
CUST-1479,Aditya Sinha,600,1,651.56,5,1,3,9,Loyal
CUST-1479,Anaya Jha,351,1,1778.56,3,1,4,8,Developing
CUST-1479,Anaya Kumar,663,1,663.99,5,1,3,9,Loyal
CUST-1479,Anaya Sharma,350,1,2095.54,3,1,5,9,Loyal
CUST-1481,Isha Sharma,488,1,736.61,4,1,3,8,Developing
CUST-1481,Isha Sinha,413,1,1065.28,3,1,4,8,Developing
CUST-1482,Diya Sharma,137,1,951.41,1,1,3,5,At Risk
CUST-1482,Isha Sharma,634,1,458.45,5,1,2,8,Developing
CUST-1482,Vivaan Sharma,358,1,1140.94,3,1,4,8,Developing
CUST-1483,Diya Roy,230,1,896.21,2,1,3,6,Developing
CUST-1483,Riya Roy,664,1,1636.15,5,1,4,10,Loyal
CUST-1487,Arjun Singh,323,1,136.2,3,1,1,5,At Risk
CUST-1489,Isha Gupta,373,1,834.47,3,1,3,7,Developing
CUST-1491,Kabir Verma,107,1,1074.85,1,1,4,6,Developing
CUST-1493,Arjun Singh,719,1,2369.04,5,1,5,11,Loyal
CUST-1493,Diya Das,108,1,3910.73,1,1,5,7,Developing
CUST-1493,Vivaan Singh,378,1,1413.38,3,1,4,8,Developing
CUST-1494,Anaya Gupta,318,1,5867.6,3,1,5,9,Loyal
CUST-1494,Diya Verma,43,1,409.92,1,1,2,4,At Risk
CUST-1495,Arjun Sharma,42,1,1485.74,1,1,4,6,Developing
CUST-1496,Anaya Sharma,29,1,1181.96,1,1,4,6,Developing
CUST-1496,Riya Verma,287,1,2557.14,2,1,5,8,Developing
CUST-1496,Vivaan Sinha,636,1,602.47,5,1,3,9,Loyal
CUST-1497,Arjun Jha,52,1,414.72,1,1,2,4,At Risk
CUST-1498,Meera Sharma,726,1,1124.34,5,1,4,10,Loyal
CUST-1498,Meera Sinha,351,1,885.6,3,1,3,7,Developing
CUST-1499,Meera Kumar,358,1,724.05,3,1,3,7,Developing
CUST-1500,Arjun Verma,723,1,331.07,5,1,2,8,Developing
CUST-1500,Vivaan Sinha,635,1,2773.99,5,1,5,11,Loyal
CUST-1501,Kabir Sharma,632,1,150.94,5,1,1,7,Developing
CUST-1502,Kabir Jha,39,1,2948.79,1,1,5,7,Developing
CUST-1503,Kabir Singh,322,1,1851.42,3,1,4,8,Developing
CUST-1504,Aarav Patel,460,1,617.36,4,1,3,8,Developing
CUST-1504,Kabir Verma,437,1,2844.41,4,1,5,10,Loyal
CUST-1504,Meera Das,657,1,345.71,5,1,2,8,Developing
CUST-1506,Arjun Gupta,125,1,1012.52,1,1,4,6,Developing
CUST-1506,Isha Das,302,1,330.36,3,1,2,6,Developing
CUST-1512,Aditya Gupta,646,1,2490.82,5,1,5,11,Loyal
CUST-1512,Diya Patel,96,1,957.86,1,1,4,6,Developing
CUST-1512,Isha Verma,730,1,999.84,5,1,4,10,Loyal
CUST-1513,Aarav Sinha,201,1,398.27,2,1,2,5,At Risk
CUST-1513,Arjun Das,182,1,2778.18,2,1,5,8,Developing
CUST-1514,Kabir Kumar,342,1,235.05,3,1,1,5,At Risk
CUST-1514,Vivaan Das,463,1,315.26,4,1,2,7,Developing
CUST-1515,Aarav Kumar,477,1,506.51,4,1,2,7,Developing
CUST-1515,Isha Patel,324,1,107.78,3,1,1,5,At Risk
CUST-1516,Aarav Sharma,444,1,4825.23,4,1,5,10,Loyal
CUST-1517,Aarav Gupta,136,1,1883.0,1,1,4,6,Developing
CUST-1518,Isha Sinha,153,1,199.11,2,1,1,4,At Risk
CUST-1519,Arjun Sinha,342,1,285.62,3,1,2,6,Developing
CUST-1520,Vivaan Singh,497,1,813.75,4,1,3,8,Developing
CUST-1521,Anaya Singh,505,1,2562.57,4,1,5,10,Loyal
CUST-1521,Arjun Patel,675,1,73.2,5,1,1,7,Developing
CUST-1523,Anaya Sharma,241,1,911.41,2,1,3,6,Developing
CUST-1523,Kabir Singh,15,1,693.59,1,1,3,5,At Risk
CUST-1526,Isha Sharma,25,1,549.72,1,1,3,5,At Risk
CUST-1527,Diya Singh,197,1,305.31,2,1,2,5,At Risk
CUST-1527,Meera Singh,160,1,2931.51,2,1,5,8,Developing
CUST-1527,Riya Das,502,1,1108.71,4,1,4,9,Loyal
CUST-1527,Riya Roy,11,1,578.95,1,1,3,5,At Risk
CUST-1529,Arjun Roy,84,1,768.13,1,1,3,5,At Risk
CUST-1529,Riya Roy,717,1,109.89,5,1,1,7,Developing
CUST-1529,Vivaan Jha,309,1,590.12,3,1,3,7,Developing
CUST-1530,Diya Kumar,150,1,104.29,2,1,1,4,At Risk
CUST-1530,Riya Kumar,500,1,800.15,4,1,3,8,Developing
CUST-1532,Aditya Jha,194,1,283.06,2,1,2,5,At Risk
CUST-1532,Isha Roy,677,1,1696.27,5,1,4,10,Loyal
CUST-1532,Kabir Gupta,251,1,525.14,2,1,2,5,At Risk
CUST-1533,Arjun Jha,563,1,3914.05,4,1,5,10,Loyal
CUST-1533,Kabir Patel,372,1,826.6,3,1,3,7,Developing
CUST-1533,Meera Roy,548,1,529.07,4,1,3,8,Developing
CUST-1533,Riya Sinha,617,1,406.98,5,1,2,8,Developing
CUST-1534,Aarav Roy,162,1,447.7,2,1,2,5,At Risk
CUST-1534,Anaya Das,570,1,286.93,4,1,2,7,Developing
CUST-1534,Diya Singh,436,1,140.58,4,1,1,6,Developing
CUST-1534,Isha Gupta,305,1,1794.19,3,1,4,8,Developing
CUST-1535,Aditya Gupta,698,2,696.77,5,5,3,13,Champions
CUST-1535,Kabir Gupta,198,1,146.62,2,1,1,4,At Risk
CUST-1536,Arjun Verma,606,1,213.65,5,1,1,7,Developing
CUST-1537,Aarav Singh,716,1,2553.18,5,1,5,11,Loyal
CUST-1537,Anaya Kumar,168,1,537.75,2,1,3,6,Developing
CUST-1537,Arjun Das,177,1,3758.45,2,1,5,8,Developing
CUST-1538,Diya Das,408,1,123.67,3,1,1,5,At Risk
CUST-1539,Anaya Sharma,56,1,535.77,1,1,3,5,At Risk
CUST-1539,Arjun Verma,381,1,627.77,3,1,3,7,Developing
CUST-1539,Kabir Patel,165,1,576.18,2,1,3,6,Developing
CUST-1540,Aditya Singh,20,1,508.35,1,1,2,4,At Risk
CUST-1541,Anaya Roy,26,1,723.56,1,1,3,5,At Risk
CUST-1542,Arjun Sinha,111,1,401.85,1,1,2,4,At Risk
CUST-1542,Vivaan Das,99,1,2661.32,1,1,5,7,Developing
CUST-1543,Diya Jha,151,1,1891.59,2,1,4,7,Developing
CUST-1547,Kabir Sinha,346,1,93.29,3,1,1,5,At Risk
CUST-1547,Meera Gupta,703,1,805.68,5,1,3,9,Loyal
CUST-1547,Riya Singh,26,1,1006.41,1,1,4,6,Developing
CUST-1548,Aarav Verma,293,1,177.94,3,1,1,5,At Risk
CUST-1548,Meera Roy,711,1,1983.23,5,1,5,11,Loyal
CUST-1551,Aarav Patel,349,1,1593.42,3,1,4,8,Developing
CUST-1551,Meera Kumar,40,1,329.38,1,1,2,4,At Risk
CUST-1551,Riya Singh,522,1,122.63,4,1,1,6,Developing
CUST-1552,Arjun Kumar,402,1,559.69,3,1,3,7,Developing
CUST-1552,Meera Singh,640,1,45.29,5,1,1,7,Developing
CUST-1552,Riya Patel,260,1,947.53,2,1,3,6,Developing
CUST-1552,Vivaan Jha,361,1,1614.69,3,1,4,8,Developing
CUST-1553,Diya Roy,423,1,500.04,3,1,2,6,Developing
CUST-1554,Anaya Singh,521,1,3322.55,4,1,5,10,Loyal
CUST-1554,Anaya Sinha,414,1,1535.43,3,1,4,8,Developing
CUST-1554,Arjun Das,285,1,2928.04,2,1,5,8,Developing
CUST-1554,Meera Kumar,250,1,306.61,2,1,2,5,At Risk
CUST-1555,Aditya Sinha,604,1,962.54,5,1,4,10,Loyal
CUST-1555,Vivaan Verma,281,1,1601.37,2,1,4,7,Developing
CUST-1556,Isha Gupta,647,1,272.73,5,1,2,8,Developing
CUST-1557,Aarav Singh,572,1,301.68,4,1,2,7,Developing
CUST-1557,Anaya Sinha,346,1,1995.42,3,1,5,9,Loyal
CUST-1557,Meera Gupta,519,1,139.07,4,1,1,6,Developing
CUST-1557,Meera Patel,6,1,731.52,1,1,3,5,At Risk
CUST-1557,Vivaan Gupta,400,1,131.26,3,1,1,5,At Risk
CUST-1558,Aditya Das,377,1,4582.58,3,1,5,9,Loyal
CUST-1558,Aditya Jha,46,1,1435.42,1,1,4,6,Developing
CUST-1559,Meera Jha,247,1,1579.58,2,1,4,7,Developing
CUST-1559,Vivaan Jha,174,1,147.17,2,1,1,4,At Risk
CUST-1560,Isha Kumar,410,1,310.07,3,1,2,6,Developing
CUST-1561,Diya Jha,580,1,2871.1,4,1,5,10,Loyal
CUST-1561,Diya Sharma,496,1,1850.07,4,1,4,9,Loyal
CUST-1562,Vivaan Sharma,142,1,2189.89,1,1,5,7,Developing
CUST-1563,Aarav Kumar,328,1,850.56,3,1,3,7,Developing
CUST-1564,Aditya Jha,325,1,815.9,3,1,3,7,Developing
CUST-1564,Vivaan Sinha,672,1,441.69,5,1,2,8,Developing
CUST-1565,Aditya Gupta,582,1,1330.92,5,1,4,10,Loyal
CUST-1566,Meera Das,149,1,267.51,2,1,2,5,At Risk
CUST-1568,Diya Jha,301,1,1848.84,3,1,4,8,Developing
CUST-1568,Diya Verma,401,1,1495.52,3,1,4,8,Developing
CUST-1569,Aditya Singh,251,1,1799.86,2,1,4,7,Developing
CUST-1569,Riya Jha,28,1,412.04,1,1,2,4,At Risk
CUST-1570,Kabir Verma,196,1,160.3,2,1,1,4,At Risk
CUST-1571,Aarav Sinha,73,1,1151.76,1,1,4,6,Developing
CUST-1571,Isha Sinha,165,1,873.23,2,1,3,6,Developing
CUST-1572,Aarav Patel,269,1,1906.06,2,1,4,7,Developing
CUST-1572,Isha Gupta,221,1,2062.82,2,1,5,8,Developing
CUST-1572,Vivaan Sinha,399,1,514.29,3,1,2,6,Developing
CUST-1573,Anaya Das,139,1,1041.94,1,1,4,6,Developing
CUST-1573,Vivaan Verma,62,1,3517.13,1,1,5,7,Developing
CUST-1574,Kabir Sinha,321,1,38.79,3,1,1,5,At Risk
CUST-1576,Kabir Jha,14,1,1400.74,1,1,4,6,Developing
CUST-1577,Riya Jha,147,1,622.62,2,1,3,6,Developing
CUST-1578,Anaya Kumar,311,1,2111.1,3,1,5,9,Loyal
CUST-1578,Arjun Patel,644,1,621.2,5,1,3,9,Loyal
CUST-1578,Riya Verma,157,1,556.3,2,1,3,6,Developing
CUST-1580,Kabir Patel,632,1,2131.91,5,1,5,11,Loyal
CUST-1583,Anaya Sinha,658,1,141.48,5,1,1,7,Developing
CUST-1583,Arjun Patel,72,1,326.16,1,1,2,4,At Risk
CUST-1583,Diya Gupta,217,1,1275.57,2,1,4,7,Developing
CUST-1583,Meera Das,491,1,998.59,4,1,4,9,Loyal
CUST-1583,Vivaan Das,216,1,1391.27,2,1,4,7,Developing
CUST-1584,Kabir Das,486,1,1629.84,4,1,4,9,Loyal
CUST-1586,Anaya Jha,211,1,682.57,2,1,3,6,Developing
CUST-1587,Isha Roy,524,1,1092.68,4,1,4,9,Loyal
CUST-1587,Vivaan Kumar,730,1,2777.61,5,1,5,11,Loyal
CUST-1587,Vivaan Roy,259,1,3478.89,2,1,5,8,Developing
CUST-1588,Anaya Sinha,594,1,1392.18,5,1,4,10,Loyal
CUST-1588,Arjun Kumar,183,1,734.27,2,1,3,6,Developing
CUST-1590,Arjun Patel,420,1,154.98,3,1,1,5,At Risk
CUST-1590,Vivaan Roy,47,1,2199.57,1,1,5,7,Developing
CUST-1591,Kabir Das,392,1,90.81,3,1,1,5,At Risk
CUST-1591,Meera Sinha,410,1,1053.89,3,1,4,8,Developing
CUST-1592,Aarav Singh,293,1,1421.02,3,1,4,8,Developing
CUST-1592,Aditya Singh,267,1,625.31,2,1,3,6,Developing
CUST-1593,Aarav Verma,309,1,1561.08,3,1,4,8,Developing
CUST-1593,Diya Jha,212,1,149.85,2,1,1,4,At Risk
CUST-1593,Riya Singh,340,1,119.31,3,1,1,5,At Risk
CUST-1594,Diya Roy,90,1,1886.87,1,1,4,6,Developing
CUST-1594,Diya Verma,508,1,281.7,4,1,2,7,Developing
CUST-1594,Riya Gupta,6,1,64.58,1,1,1,3,At Risk
CUST-1595,Anaya Patel,377,1,766.42,3,1,3,7,Developing
CUST-1595,Diya Verma,467,1,1805.13,4,1,4,9,Loyal
CUST-1596,Vivaan Kumar,52,1,520.94,1,1,2,4,At Risk
CUST-1597,Anaya Sharma,426,1,347.67,3,1,2,6,Developing
CUST-1598,Aarav Sinha,569,1,209.14,4,1,1,6,Developing
CUST-1598,Isha Das,119,1,1164.91,1,1,4,6,Developing
CUST-1599,Aarav Gupta,163,1,258.27,2,1,2,5,At Risk
CUST-1600,Meera Das,183,1,970.39,2,1,4,7,Developing
CUST-1601,Aditya Patel,229,1,1962.65,2,1,5,8,Developing
CUST-1601,Diya Jha,308,1,260.13,3,1,2,6,Developing
CUST-1603,Meera Sinha,318,1,289.96,3,1,2,6,Developing
CUST-1604,Diya Singh,513,1,611.8,4,1,3,8,Developing
CUST-1605,Anaya Verma,197,1,823.72,2,1,3,6,Developing
CUST-1605,Arjun Gupta,477,1,268.99,4,1,2,7,Developing
CUST-1605,Vivaan Das,82,1,632.4,1,1,3,5,At Risk
CUST-1606,Vivaan Kumar,534,1,325.68,4,1,2,7,Developing
CUST-1607,Diya Roy,557,1,971.89,4,1,4,9,Loyal
CUST-1607,Isha Patel,713,1,154.56,5,1,1,7,Developing
CUST-1607,Riya Sinha,332,1,1597.2,3,1,4,8,Developing
CUST-1607,Vivaan Singh,89,1,999.69,1,1,4,6,Developing
CUST-1608,Meera Das,321,1,764.01,3,1,3,7,Developing
CUST-1609,Aditya Patel,139,1,573.98,1,1,3,5,At Risk
CUST-1609,Vivaan Jha,73,1,1824.34,1,1,4,6,Developing
CUST-1610,Arjun Roy,266,1,1834.74,2,1,4,7,Developing
CUST-1610,Riya Gupta,249,1,1571.1,2,1,4,7,Developing
CUST-1612,Anaya Das,81,1,1747.17,1,1,4,6,Developing
CUST-1615,Arjun Roy,729,1,1506.42,5,1,4,10,Loyal
CUST-1615,Meera Jha,54,1,650.24,1,1,3,5,At Risk
CUST-1615,Meera Sinha,203,1,2264.08,2,1,5,8,Developing
CUST-1619,Aditya Kumar,405,1,1119.39,3,1,4,8,Developing
CUST-1620,Kabir Singh,130,1,22.92,1,1,1,3,At Risk
CUST-1622,Kabir Sinha,438,1,437.96,4,1,2,7,Developing
CUST-1623,Aarav Singh,22,1,3201.39,1,1,5,7,Developing
CUST-1623,Aarav Verma,396,1,1204.48,3,1,4,8,Developing
CUST-1623,Arjun Sharma,318,1,183.62,3,1,1,5,At Risk
CUST-1623,Kabir Verma,446,1,865.76,4,1,3,8,Developing
CUST-1623,Meera Jha,209,1,695.19,2,1,3,6,Developing
CUST-1623,Meera Singh,6,1,3147.59,1,1,5,7,Developing
CUST-1626,Diya Patel,577,1,426.23,4,1,2,7,Developing
CUST-1629,Aarav Singh,122,1,700.7,1,1,3,5,At Risk
CUST-1629,Vivaan Singh,262,1,602.84,2,1,3,6,Developing
CUST-1631,Riya Gupta,359,1,171.23,3,1,1,5,At Risk
CUST-1631,Riya Kumar,218,1,162.29,2,1,1,4,At Risk
CUST-1633,Vivaan Jha,61,1,84.1,1,1,1,3,At Risk
CUST-1634,Diya Jha,519,1,498.59,4,1,2,7,Developing
CUST-1634,Diya Patel,266,1,294.36,2,1,2,5,At Risk
CUST-1634,Vivaan Gupta,517,1,1006.35,4,1,4,9,Loyal
CUST-1635,Anaya Roy,234,1,1119.62,2,1,4,7,Developing
CUST-1635,Riya Sinha,314,2,868.71,3,5,3,11,Loyal
CUST-1636,Isha Patel,20,1,126.17,1,1,1,3,At Risk
CUST-1636,Riya Jha,156,1,584.54,2,1,3,6,Developing
CUST-1637,Aditya Sharma,674,1,1941.24,5,1,5,11,Loyal
CUST-1637,Riya Verma,402,1,406.96,3,1,2,6,Developing
CUST-1642,Isha Sinha,44,1,2918.88,1,1,5,7,Developing
CUST-1642,Meera Roy,382,1,771.97,3,1,3,7,Developing
CUST-1642,Riya Jha,277,1,1431.61,2,1,4,7,Developing
CUST-1643,Isha Sharma,705,1,2244.9,5,1,5,11,Loyal
CUST-1643,Kabir Sharma,426,1,1484.04,3,1,4,8,Developing
CUST-1643,Vivaan Kumar,370,1,561.93,3,1,3,7,Developing
CUST-1644,Aarav Sinha,150,1,158.28,2,1,1,4,At Risk
CUST-1644,Riya Das,685,1,378.94,5,1,2,8,Developing
CUST-1644,Vivaan Gupta,336,1,1582.2,3,1,4,8,Developing
CUST-1645,Aditya Patel,392,1,1289.08,3,1,4,8,Developing
CUST-1645,Anaya Singh,378,1,2632.54,3,1,5,9,Loyal
CUST-1645,Arjun Jha,111,1,228.95,1,1,1,3,At Risk
CUST-1645,Diya Sharma,150,1,584.05,2,1,3,6,Developing
CUST-1645,Isha Patel,682,1,145.68,5,1,1,7,Developing
CUST-1645,Kabir Gupta,292,1,413.15,2,1,2,5,At Risk
CUST-1647,Arjun Jha,434,1,509.11,3,1,2,6,Developing
CUST-1648,Diya Patel,499,1,116.4,4,1,1,6,Developing
CUST-1648,Riya Roy,495,1,276.14,4,1,2,7,Developing
CUST-1649,Meera Kumar,414,1,1498.82,3,1,4,8,Developing
CUST-1650,Isha Sinha,190,1,1280.1,2,1,4,7,Developing
CUST-1651,Vivaan Sharma,476,1,114.9,4,1,1,6,Developing
CUST-1652,Arjun Kumar,602,1,423.1,5,1,2,8,Developing
CUST-1653,Arjun Jha,271,1,558.21,2,1,3,6,Developing
CUST-1653,Kabir Patel,392,1,763.0,3,1,3,7,Developing
CUST-1653,Riya Roy,29,1,1071.4,1,1,4,6,Developing
CUST-1653,Vivaan Singh,260,1,2097.56,2,1,5,8,Developing
CUST-1655,Isha Verma,539,1,1724.77,4,1,4,9,Loyal
CUST-1656,Aarav Patel,343,1,233.58,3,1,1,5,At Risk
CUST-1656,Meera Gupta,283,1,743.99,2,1,3,6,Developing
CUST-1656,Riya Verma,192,1,885.71,2,1,3,6,Developing
CUST-1657,Aarav Das,636,1,776.97,5,1,3,9,Loyal
CUST-1657,Aarav Patel,279,1,1012.33,2,1,4,7,Developing
CUST-1657,Riya Gupta,58,1,3050.02,1,1,5,7,Developing
CUST-1658,Aarav Roy,390,1,857.39,3,1,3,7,Developing
CUST-1658,Kabir Gupta,552,1,2969.14,4,1,5,10,Loyal
CUST-1658,Riya Kumar,28,1,4185.22,1,1,5,7,Developing
CUST-1659,Arjun Das,425,1,3827.17,3,1,5,9,Loyal
CUST-1659,Riya Sinha,563,1,1392.57,4,1,4,9,Loyal
CUST-1661,Diya Verma,552,1,156.96,4,1,1,6,Developing
CUST-1661,Kabir Gupta,91,1,2955.0,1,1,5,7,Developing
CUST-1661,Riya Singh,100,1,999.39,1,1,4,6,Developing
CUST-1662,Isha Verma,586,1,775.87,5,1,3,9,Loyal
CUST-1663,Diya Sinha,664,1,2087.92,5,1,5,11,Loyal
CUST-1665,Anaya Patel,504,1,1526.62,4,1,4,9,Loyal
CUST-1665,Vivaan Gupta,16,1,316.4,1,1,2,4,At Risk
CUST-1666,Diya Kumar,623,1,155.21,5,1,1,7,Developing
CUST-1666,Riya Roy,594,1,74.45,5,1,1,7,Developing
CUST-1668,Isha Singh,344,1,297.72,3,1,2,6,Developing
CUST-1669,Anaya Verma,43,1,594.9,1,1,3,5,At Risk
CUST-1669,Arjun Jha,715,1,328.44,5,1,2,8,Developing
CUST-1670,Aditya Verma,726,1,240.73,5,1,1,7,Developing
CUST-1671,Arjun Roy,560,1,705.96,4,1,3,8,Developing
CUST-1671,Isha Verma,159,1,256.87,2,1,2,5,At Risk
CUST-1671,Meera Gupta,451,1,287.81,4,1,2,7,Developing
CUST-1672,Anaya Singh,509,1,362.58,4,1,2,7,Developing
CUST-1672,Riya Sinha,343,1,864.37,3,1,3,7,Developing
CUST-1673,Kabir Patel,327,1,467.64,3,1,2,6,Developing
CUST-1674,Meera Singh,656,1,821.78,5,1,3,9,Loyal
CUST-1675,Aarav Das,370,1,2017.93,3,1,5,9,Loyal
CUST-1675,Diya Gupta,89,1,780.04,1,1,3,5,At Risk
CUST-1675,Kabir Verma,154,1,353.69,2,1,2,5,At Risk
CUST-1675,Vivaan Jha,539,1,2114.36,4,1,5,10,Loyal
CUST-1677,Isha Sinha,688,1,3815.55,5,1,5,11,Loyal
CUST-1678,Diya Gupta,217,1,2966.98,2,1,5,8,Developing
CUST-1678,Diya Sinha,454,1,263.79,4,1,2,7,Developing
CUST-1679,Anaya Das,359,1,537.93,3,1,3,7,Developing
CUST-1679,Meera Verma,518,1,684.91,4,1,3,8,Developing
CUST-1680,Arjun Gupta,594,1,1363.43,5,1,4,10,Loyal
CUST-1682,Arjun Jha,277,1,3049.6,2,1,5,8,Developing
CUST-1682,Arjun Kumar,596,1,411.79,5,1,2,8,Developing
CUST-1682,Arjun Verma,330,1,2244.96,3,1,5,9,Loyal
CUST-1685,Isha Sinha,150,1,679.98,2,1,3,6,Developing
CUST-1686,Isha Sinha,723,1,1479.05,5,1,4,10,Loyal
CUST-1686,Kabir Jha,175,1,685.45,2,1,3,6,Developing
CUST-1686,Meera Verma,329,1,2759.68,3,1,5,9,Loyal
CUST-1687,Diya Gupta,534,1,1752.61,4,1,4,9,Loyal
CUST-1687,Kabir Jha,29,1,3740.88,1,1,5,7,Developing
CUST-1691,Arjun Singh,400,1,665.33,3,1,3,7,Developing
CUST-1692,Vivaan Verma,329,1,2192.98,3,1,5,9,Loyal
CUST-1695,Meera Jha,62,1,2029.23,1,1,5,7,Developing
CUST-1695,Meera Singh,291,1,2048.03,2,1,5,8,Developing
CUST-1697,Aarav Singh,457,1,370.84,4,1,2,7,Developing
CUST-1697,Vivaan Singh,39,1,5685.77,1,1,5,7,Developing
CUST-1698,Riya Das,259,1,2747.7,2,1,5,8,Developing
CUST-1699,Arjun Singh,453,1,1450.04,4,1,4,9,Loyal
CUST-1700,Arjun Kumar,371,1,464.13,3,1,2,6,Developing
CUST-1701,Anaya Sharma,511,1,142.1,4,1,1,6,Developing
CUST-1701,Kabir Das,537,1,478.97,4,1,2,7,Developing
CUST-1702,Vivaan Jha,269,1,924.66,2,1,3,6,Developing
CUST-1703,Diya Roy,191,1,4113.43,2,1,5,8,Developing
CUST-1704,Aarav Sharma,212,1,540.75,2,1,3,6,Developing
CUST-1704,Isha Roy,520,1,136.26,4,1,1,6,Developing
CUST-1705,Arjun Kumar,236,1,232.64,2,1,1,4,At Risk
CUST-1705,Isha Patel,383,1,3215.98,3,1,5,9,Loyal
CUST-1705,Meera Das,522,1,1151.71,4,1,4,9,Loyal
CUST-1706,Aarav Singh,307,1,78.42,3,1,1,5,At Risk
CUST-1706,Aditya Sharma,100,1,349.48,1,1,2,4,At Risk
CUST-1707,Aarav Kumar,39,1,818.04,1,1,3,5,At Risk
CUST-1707,Anaya Gupta,328,1,211.58,3,1,1,5,At Risk
CUST-1707,Vivaan Verma,477,1,134.63,4,1,1,6,Developing
CUST-1709,Riya Jha,212,1,4252.25,2,1,5,8,Developing
CUST-1710,Anaya Singh,699,1,381.71,5,1,2,8,Developing
CUST-1711,Aditya Roy,345,1,283.83,3,1,2,6,Developing
CUST-1711,Diya Jha,588,1,4130.41,5,1,5,11,Loyal
CUST-1711,Kabir Roy,714,1,686.99,5,1,3,9,Loyal
CUST-1712,Riya Sharma,103,1,674.25,1,1,3,5,At Risk
CUST-1714,Anaya Sharma,345,1,796.27,3,1,3,7,Developing
CUST-1716,Anaya Das,670,1,313.96,5,1,2,8,Developing
CUST-1716,Meera Gupta,172,1,1334.81,2,1,4,7,Developing
CUST-1716,Riya Das,411,1,164.51,3,1,1,5,At Risk
CUST-1716,Riya Jha,486,1,1264.95,4,1,4,9,Loyal
CUST-1717,Aditya Singh,35,1,42.99,1,1,1,3,At Risk
CUST-1717,Arjun Jha,324,1,4930.58,3,1,5,9,Loyal
CUST-1717,Arjun Patel,320,1,2673.26,3,1,5,9,Loyal
CUST-1717,Diya Patel,433,1,248.72,3,1,2,6,Developing
CUST-1717,Vivaan Verma,10,1,247.33,1,1,2,4,At Risk
CUST-1719,Aditya Das,724,1,197.86,5,1,1,7,Developing
CUST-1719,Aditya Singh,613,1,525.35,5,1,3,9,Loyal
CUST-1720,Meera Das,45,1,2365.17,1,1,5,7,Developing
CUST-1721,Aarav Gupta,17,1,4910.82,1,1,5,7,Developing
CUST-1721,Arjun Sharma,77,1,434.83,1,1,2,4,At Risk
CUST-1721,Arjun Singh,28,1,1082.91,1,1,4,6,Developing
CUST-1721,Riya Jha,693,1,4402.11,5,1,5,11,Loyal
CUST-1721,Vivaan Das,595,1,1070.11,5,1,4,10,Loyal
CUST-1722,Aditya Roy,91,1,420.04,1,1,2,4,At Risk
CUST-1722,Arjun Das,481,1,577.45,4,1,3,8,Developing
CUST-1722,Diya Das,54,1,45.62,1,1,1,3,At Risk
CUST-1723,Aarav Verma,255,1,875.78,2,1,3,6,Developing
CUST-1723,Aditya Kumar,702,1,1619.58,5,1,4,10,Loyal
CUST-1723,Arjun Verma,107,1,234.01,1,1,1,3,At Risk
CUST-1724,Meera Sharma,388,1,1143.56,3,1,4,8,Developing
CUST-1724,Meera Singh,519,1,570.92,4,1,3,8,Developing
CUST-1725,Aditya Jha,400,1,323.52,3,1,2,6,Developing
CUST-1725,Isha Roy,483,1,1308.65,4,1,4,9,Loyal
CUST-1725,Kabir Sinha,474,1,262.46,4,1,2,7,Developing
CUST-1725,Riya Gupta,462,1,310.34,4,1,2,7,Developing
CUST-1726,Diya Verma,208,1,136.22,2,1,1,4,At Risk
CUST-1727,Arjun Singh,4,1,493.31,1,1,2,4,At Risk
CUST-1728,Isha Kumar,208,1,1733.35,2,1,4,7,Developing
CUST-1733,Anaya Das,293,1,234.7,3,1,1,5,At Risk
CUST-1733,Kabir Verma,16,1,724.31,1,1,3,5,At Risk
CUST-1733,Meera Singh,105,1,525.72,1,1,3,5,At Risk
CUST-1733,Meera Sinha,481,1,3234.28,4,1,5,10,Loyal
CUST-1734,Arjun Kumar,651,1,1094.88,5,1,4,10,Loyal
CUST-1734,Diya Singh,92,1,2190.66,1,1,5,7,Developing
CUST-1734,Isha Das,439,1,952.51,4,1,4,9,Loyal
CUST-1735,Aarav Sharma,463,1,1138.21,4,1,4,9,Loyal
CUST-1735,Aditya Roy,158,1,182.9,2,1,1,4,At Risk
CUST-1735,Vivaan Verma,466,1,367.01,4,1,2,7,Developing
CUST-1736,Vivaan Gupta,131,1,654.02,1,1,3,5,At Risk
CUST-1737,Kabir Sharma,434,1,1315.33,3,1,4,8,Developing
CUST-1737,Riya Jha,152,1,245.44,2,1,2,5,At Risk
CUST-1738,Diya Jha,59,1,201.43,1,1,1,3,At Risk
CUST-1738,Isha Roy,250,1,302.48,2,1,2,5,At Risk
CUST-1738,Kabir Sharma,529,1,844.83,4,1,3,8,Developing
CUST-1740,Meera Patel,163,1,4226.33,2,1,5,8,Developing
CUST-1741,Aditya Patel,524,1,645.01,4,1,3,8,Developing
CUST-1741,Kabir Jha,670,1,359.19,5,1,2,8,Developing
CUST-1742,Diya Sinha,70,1,523.76,1,1,2,4,At Risk
CUST-1742,Kabir Patel,12,1,2141.31,1,1,5,7,Developing
CUST-1742,Meera Das,96,1,268.56,1,1,2,4,At Risk
CUST-1743,Aditya Roy,88,1,663.35,1,1,3,5,At Risk
CUST-1743,Anaya Jha,451,1,5590.01,4,1,5,10,Loyal
CUST-1743,Meera Jha,79,1,208.52,1,1,1,3,At Risk
CUST-1744,Anaya Das,529,1,963.29,4,1,4,9,Loyal
CUST-1744,Kabir Singh,446,1,108.42,4,1,1,6,Developing
CUST-1746,Meera Das,650,1,860.05,5,1,3,9,Loyal
CUST-1746,Meera Sinha,101,1,1709.5,1,1,4,6,Developing
CUST-1746,Riya Roy,375,1,1181.98,3,1,4,8,Developing
CUST-1747,Diya Roy,491,1,130.23,4,1,1,6,Developing
CUST-1748,Aditya Singh,610,1,841.98,5,1,3,9,Loyal
CUST-1748,Kabir Verma,211,1,507.86,2,1,2,5,At Risk
CUST-1749,Isha Sharma,318,1,2825.1,3,1,5,9,Loyal
CUST-1749,Kabir Sharma,731,1,3937.25,5,1,5,11,Loyal
CUST-1749,Meera Sinha,44,2,878.24,1,5,3,9,Loyal
CUST-1750,Aditya Das,518,1,760.9,4,1,3,8,Developing
CUST-1750,Anaya Gupta,48,1,1472.22,1,1,4,6,Developing
CUST-1750,Arjun Jha,483,1,1150.83,4,1,4,9,Loyal
CUST-1750,Vivaan Das,157,1,1088.51,2,1,4,7,Developing
CUST-1751,Anaya Verma,535,1,44.57,4,1,1,6,Developing
CUST-1751,Meera Roy,381,1,992.85,3,1,4,8,Developing
CUST-1752,Isha Patel,145,1,623.22,1,1,3,5,At Risk
CUST-1754,Arjun Patel,237,1,1383.2,2,1,4,7,Developing
CUST-1754,Kabir Jha,297,1,387.73,3,1,2,6,Developing
CUST-1754,Vivaan Jha,232,1,1109.89,2,1,4,7,Developing
CUST-1755,Aarav Gupta,376,1,198.0,3,1,1,5,At Risk
CUST-1755,Vivaan Kumar,47,1,3154.89,1,1,5,7,Developing
CUST-1756,Aarav Sinha,156,1,373.51,2,1,2,5,At Risk
CUST-1757,Aditya Patel,541,1,61.4,4,1,1,6,Developing
CUST-1757,Anaya Sharma,170,1,590.62,2,1,3,6,Developing
CUST-1758,Aditya Gupta,524,1,200.45,4,1,1,6,Developing
CUST-1758,Diya Kumar,582,1,31.16,5,1,1,7,Developing
CUST-1759,Anaya Verma,202,1,1153.26,2,1,4,7,Developing
CUST-1759,Diya Sharma,173,1,104.42,2,1,1,4,At Risk
CUST-1759,Kabir Sinha,398,1,1337.13,3,1,4,8,Developing
CUST-1759,Riya Patel,175,1,174.1,2,1,1,4,At Risk
CUST-1760,Arjun Verma,375,1,2286.3,3,1,5,9,Loyal
CUST-1760,Isha Verma,524,1,335.43,4,1,2,7,Developing
CUST-1761,Anaya Sinha,47,1,2491.15,1,1,5,7,Developing
CUST-1761,Meera Gupta,680,1,271.17,5,1,2,8,Developing
CUST-1761,Vivaan Sinha,44,1,996.84,1,1,4,6,Developing
CUST-1762,Kabir Roy,121,1,2586.9,1,1,5,7,Developing
CUST-1762,Riya Patel,304,1,905.14,3,1,3,7,Developing
CUST-1763,Isha Roy,359,1,683.64,3,1,3,7,Developing
CUST-1766,Anaya Das,355,1,1671.97,3,1,4,8,Developing
CUST-1766,Meera Sinha,725,1,3201.24,5,1,5,11,Loyal
CUST-1767,Anaya Kumar,401,1,798.23,3,1,3,7,Developing
CUST-1768,Arjun Jha,313,1,99.96,3,1,1,5,At Risk
CUST-1768,Isha Patel,393,1,2502.08,3,1,5,9,Loyal
CUST-1768,Meera Sinha,271,1,1142.58,2,1,4,7,Developing
CUST-1769,Aarav Singh,89,1,272.22,1,1,2,4,At Risk
CUST-1769,Arjun Singh,53,1,1373.6,1,1,4,6,Developing
CUST-1770,Kabir Singh,513,1,22.86,4,1,1,6,Developing
CUST-1771,Aarav Roy,109,1,1963.33,1,1,5,7,Developing
CUST-1771,Aditya Das,420,1,176.29,3,1,1,5,At Risk
CUST-1771,Riya Singh,283,1,1312.07,2,1,4,7,Developing
CUST-1772,Aditya Jha,286,1,152.95,2,1,1,4,At Risk
CUST-1773,Aarav Kumar,321,1,121.27,3,1,1,5,At Risk
CUST-1773,Anaya Verma,568,1,130.02,4,1,1,6,Developing
CUST-1774,Arjun Gupta,637,1,3101.65,5,1,5,11,Loyal
CUST-1774,Meera Roy,452,1,564.29,4,1,3,8,Developing
CUST-1774,Meera Sinha,624,1,715.85,5,1,3,9,Loyal
CUST-1775,Aditya Sharma,272,1,83.06,2,1,1,4,At Risk
CUST-1777,Meera Das,323,1,745.66,3,1,3,7,Developing
CUST-1777,Meera Jha,473,1,472.91,4,1,2,7,Developing
CUST-1778,Anaya Sinha,123,1,609.2,1,1,3,5,At Risk
CUST-1779,Aarav Gupta,204,1,2002.23,2,1,5,8,Developing
CUST-1780,Aarav Sharma,24,1,662.57,1,1,3,5,At Risk
CUST-1780,Diya Das,469,1,585.38,4,1,3,8,Developing
CUST-1782,Aditya Sharma,352,1,3911.46,3,1,5,9,Loyal
CUST-1782,Anaya Singh,549,1,48.4,4,1,1,6,Developing
CUST-1782,Arjun Patel,606,1,175.58,5,1,1,7,Developing
CUST-1783,Vivaan Jha,386,1,259.38,3,1,2,6,Developing
CUST-1785,Meera Sharma,250,1,1235.07,2,1,4,7,Developing
CUST-1786,Aarav Sharma,175,1,329.43,2,1,2,5,At Risk
CUST-1786,Riya Verma,540,1,383.17,4,1,2,7,Developing
CUST-1787,Anaya Roy,519,1,1131.19,4,1,4,9,Loyal
CUST-1787,Diya Singh,591,1,1479.91,5,1,4,10,Loyal
CUST-1787,Meera Patel,48,1,865.33,1,1,3,5,At Risk
CUST-1788,Arjun Verma,566,1,75.57,4,1,1,6,Developing
CUST-1788,Meera Gupta,149,1,173.91,2,1,1,4,At Risk
CUST-1788,Meera Patel,375,1,267.35,3,1,2,6,Developing
CUST-1789,Aditya Gupta,194,1,656.76,2,1,3,6,Developing
CUST-1789,Anaya Jha,474,1,1821.31,4,1,4,9,Loyal
CUST-1789,Vivaan Kumar,341,1,4389.07,3,1,5,9,Loyal
CUST-1790,Vivaan Sinha,637,1,306.82,5,1,2,8,Developing
CUST-1791,Aarav Das,487,1,693.62,4,1,3,8,Developing
CUST-1791,Isha Jha,120,1,712.62,1,1,3,5,At Risk
CUST-1791,Kabir Singh,264,1,1792.91,2,1,4,7,Developing
CUST-1793,Aarav Verma,360,1,3204.16,3,1,5,9,Loyal
CUST-1793,Isha Roy,151,1,1060.09,2,1,4,7,Developing
CUST-1793,Meera Singh,506,1,284.8,4,1,2,7,Developing
CUST-1794,Arjun Singh,529,1,292.88,4,1,2,7,Developing
CUST-1794,Isha Verma,651,1,146.51,5,1,1,7,Developing
CUST-1795,Arjun Sharma,36,1,132.31,1,1,1,3,At Risk
CUST-1798,Arjun Sinha,592,1,624.22,5,1,3,9,Loyal
CUST-1799,Anaya Patel,341,1,1845.87,3,1,4,8,Developing
CUST-1800,Vivaan Verma,36,1,1491.42,1,1,4,6,Developing
CUST-1801,Arjun Kumar,80,1,2843.21,1,1,5,7,Developing
CUST-1801,Arjun Roy,295,1,153.84,3,1,1,5,At Risk
CUST-1802,Anaya Kumar,335,1,271.19,3,1,2,6,Developing
CUST-1803,Kabir Gupta,576,1,605.44,4,1,3,8,Developing
CUST-1803,Meera Sharma,581,1,232.6,5,1,1,7,Developing
CUST-1805,Aarav Verma,388,1,607.25,3,1,3,7,Developing
CUST-1807,Meera Jha,520,1,1577.45,4,1,4,9,Loyal
CUST-1808,Anaya Sharma,345,1,268.87,3,1,2,6,Developing
CUST-1808,Diya Sinha,470,1,436.6,4,1,2,7,Developing
CUST-1810,Aditya Singh,146,1,1332.82,2,1,4,7,Developing
CUST-1810,Diya Gupta,65,1,1527.64,1,1,4,6,Developing
CUST-1811,Kabir Verma,622,1,497.49,5,1,2,8,Developing
CUST-1812,Kabir Roy,368,1,449.43,3,1,2,6,Developing
CUST-1813,Aditya Verma,41,1,221.21,1,1,1,3,At Risk
CUST-1813,Kabir Patel,224,1,914.07,2,1,3,6,Developing
CUST-1814,Aarav Singh,308,1,1183.73,3,1,4,8,Developing
CUST-1814,Kabir Roy,289,1,1130.36,2,1,4,7,Developing
CUST-1815,Aditya Jha,131,1,413.55,1,1,2,4,At Risk
CUST-1815,Riya Kumar,7,1,545.56,1,1,3,5,At Risk
CUST-1817,Aarav Gupta,68,1,225.05,1,1,1,3,At Risk
CUST-1817,Vivaan Sinha,544,1,140.2,4,1,1,6,Developing
CUST-1818,Arjun Patel,317,1,14.05,3,1,1,5,At Risk
CUST-1818,Kabir Singh,491,1,946.79,4,1,3,8,Developing
CUST-1818,Meera Sharma,195,1,642.8,2,1,3,6,Developing
CUST-1821,Meera Verma,482,1,815.03,4,1,3,8,Developing
CUST-1822,Vivaan Jha,530,1,261.75,4,1,2,7,Developing
CUST-1823,Anaya Singh,424,2,344.75,3,5,2,10,Loyal
CUST-1824,Arjun Singh,22,1,3148.63,1,1,5,7,Developing
CUST-1824,Meera Kumar,386,1,717.96,3,1,3,7,Developing
CUST-1826,Arjun Gupta,575,1,85.78,4,1,1,6,Developing
CUST-1827,Aditya Gupta,371,1,821.91,3,1,3,7,Developing
CUST-1828,Isha Kumar,725,1,653.61,5,1,3,9,Loyal
CUST-1828,Kabir Patel,137,1,946.27,1,1,3,5,At Risk
CUST-1830,Aditya Patel,407,1,143.04,3,1,1,5,At Risk
CUST-1830,Diya Sinha,321,1,3215.08,3,1,5,9,Loyal
CUST-1831,Anaya Sharma,639,1,1582.14,5,1,4,10,Loyal
CUST-1832,Aditya Sinha,107,1,287.29,1,1,2,4,At Risk
CUST-1832,Kabir Sinha,525,1,2115.15,4,1,5,10,Loyal
CUST-1833,Vivaan Roy,80,1,1694.0,1,1,4,6,Developing
CUST-1835,Anaya Gupta,55,1,1013.97,1,1,4,6,Developing
CUST-1836,Meera Das,677,1,560.68,5,1,3,9,Loyal
CUST-1838,Riya Sinha,507,1,2108.16,4,1,5,10,Loyal
CUST-1838,Vivaan Verma,385,1,1510.41,3,1,4,8,Developing
CUST-1839,Anaya Jha,73,1,1211.08,1,1,4,6,Developing
CUST-1839,Diya Jha,184,1,2748.46,2,1,5,8,Developing
CUST-1839,Riya Roy,15,1,2728.76,1,1,5,7,Developing
CUST-1841,Meera Sinha,422,1,4966.97,3,1,5,9,Loyal
CUST-1842,Aarav Kumar,202,1,289.09,2,1,2,5,At Risk
CUST-1842,Aditya Patel,297,1,2813.06,3,1,5,9,Loyal
CUST-1843,Vivaan Jha,209,1,1935.26,2,1,5,8,Developing
CUST-1844,Meera Patel,101,1,1108.47,1,1,4,6,Developing
CUST-1845,Riya Kumar,543,1,143.86,4,1,1,6,Developing
CUST-1846,Isha Sinha,553,1,235.57,4,1,1,6,Developing
CUST-1846,Riya Verma,537,1,214.11,4,1,1,6,Developing
CUST-1847,Diya Kumar,346,1,1372.44,3,1,4,8,Developing
CUST-1847,Isha Patel,469,1,160.8,4,1,1,6,Developing
CUST-1848,Arjun Sharma,310,1,150.95,3,1,1,5,At Risk
CUST-1848,Isha Gupta,322,1,2382.37,3,1,5,9,Loyal
CUST-1848,Meera Das,73,1,837.77,1,1,3,5,At Risk
CUST-1848,Riya Sinha,402,1,411.64,3,1,2,6,Developing
CUST-1851,Meera Sharma,715,1,460.98,5,1,2,8,Developing
CUST-1851,Meera Verma,680,1,793.39,5,1,3,9,Loyal
CUST-1855,Aarav Sinha,685,1,1367.62,5,1,4,10,Loyal
CUST-1855,Diya Sharma,580,1,113.42,4,1,1,6,Developing
CUST-1855,Isha Das,11,1,768.91,1,1,3,5,At Risk
CUST-1857,Diya Kumar,155,1,1094.56,2,1,4,7,Developing
CUST-1858,Meera Kumar,630,1,1213.82,5,1,4,10,Loyal
CUST-1859,Anaya Das,604,1,90.82,5,1,1,7,Developing
CUST-1860,Meera Jha,696,1,82.95,5,1,1,7,Developing
CUST-1861,Arjun Verma,222,1,1041.4,2,1,4,7,Developing
CUST-1861,Meera Singh,627,1,570.23,5,1,3,9,Loyal
CUST-1861,Riya Verma,584,1,349.54,5,1,2,8,Developing
CUST-1862,Aditya Gupta,632,1,67.75,5,1,1,7,Developing
CUST-1862,Isha Verma,390,1,1954.65,3,1,5,9,Loyal
CUST-1863,Vivaan Singh,346,1,1131.29,3,1,4,8,Developing
CUST-1864,Arjun Gupta,5,1,153.37,1,1,1,3,At Risk
CUST-1864,Arjun Sinha,432,1,86.86,3,1,1,5,At Risk
CUST-1866,Kabir Gupta,17,1,986.68,1,1,4,6,Developing
CUST-1866,Riya Patel,404,1,3323.68,3,1,5,9,Loyal
CUST-1867,Aarav Singh,576,1,61.19,4,1,1,6,Developing
CUST-1867,Meera Patel,140,1,553.28,1,1,3,5,At Risk
CUST-1868,Isha Sinha,465,1,1373.01,4,1,4,9,Loyal
CUST-1869,Aarav Gupta,224,1,1763.05,2,1,4,7,Developing
CUST-1869,Riya Roy,523,1,277.4,4,1,2,7,Developing
CUST-1870,Meera Sharma,4,1,180.73,1,1,1,3,At Risk
CUST-1871,Vivaan Patel,73,1,263.9,1,1,2,4,At Risk
CUST-1872,Aditya Sinha,77,2,1757.8200000000002,1,5,4,10,Loyal
CUST-1872,Riya Das,643,1,1728.22,5,1,4,10,Loyal
CUST-1872,Riya Sinha,433,1,2454.45,3,1,5,9,Loyal
CUST-1875,Anaya Sinha,653,1,200.36,5,1,1,7,Developing
CUST-1875,Arjun Sinha,131,1,89.96,1,1,1,3,At Risk
CUST-1876,Diya Gupta,171,1,1110.99,2,1,4,7,Developing
CUST-1876,Riya Das,393,1,641.65,3,1,3,7,Developing
CUST-1877,Aditya Kumar,3,1,652.53,1,1,3,5,At Risk
CUST-1877,Anaya Sharma,689,1,471.34,5,1,2,8,Developing
CUST-1878,Isha Kumar,224,1,931.78,2,1,3,6,Developing
CUST-1879,Diya Patel,68,1,24.68,1,1,1,3,At Risk
CUST-1881,Kabir Gupta,314,1,160.14,3,1,1,5,At Risk
CUST-1881,Kabir Roy,657,1,2049.38,5,1,5,11,Loyal
CUST-1882,Arjun Das,353,1,726.89,3,1,3,7,Developing
CUST-1882,Isha Kumar,133,1,701.25,1,1,3,5,At Risk
CUST-1883,Diya Sharma,566,1,1340.59,4,1,4,9,Loyal
CUST-1883,Meera Patel,113,1,2712.37,1,1,5,7,Developing
CUST-1884,Kabir Das,279,1,1280.02,2,1,4,7,Developing
CUST-1885,Arjun Verma,27,1,203.04,1,1,1,3,At Risk
CUST-1889,Diya Jha,570,1,1461.05,4,1,4,9,Loyal
CUST-1891,Anaya Gupta,383,1,173.96,3,1,1,5,At Risk
CUST-1891,Anaya Jha,649,1,92.09,5,1,1,7,Developing
CUST-1891,Kabir Sinha,623,1,2732.03,5,1,5,11,Loyal
CUST-1893,Diya Verma,629,1,5267.31,5,1,5,11,Loyal
CUST-1894,Aarav Kumar,22,1,50.36,1,1,1,3,At Risk
CUST-1894,Aarav Patel,510,1,3516.91,4,1,5,10,Loyal
CUST-1895,Riya Verma,60,1,1300.0,1,1,4,6,Developing
CUST-1895,Vivaan Kumar,159,1,770.48,2,1,3,6,Developing
CUST-1896,Aarav Sharma,524,1,101.78,4,1,1,6,Developing
CUST-1896,Aditya Patel,359,1,4119.9,3,1,5,9,Loyal
CUST-1898,Isha Gupta,668,1,2487.11,5,1,5,11,Loyal
CUST-1899,Anaya Singh,719,1,47.56,5,1,1,7,Developing
CUST-1900,Kabir Gupta,512,1,3440.53,4,1,5,10,Loyal
CUST-1902,Arjun Singh,571,1,2341.8,4,1,5,10,Loyal
CUST-1903,Anaya Sinha,544,1,2668.09,4,1,5,10,Loyal
CUST-1904,Kabir Singh,298,1,1031.71,3,1,4,8,Developing
CUST-1904,Riya Jha,253,1,308.22,2,1,2,5,At Risk
CUST-1905,Kabir Das,207,1,293.49,2,1,2,5,At Risk
CUST-1906,Vivaan Roy,281,1,2232.26,2,1,5,8,Developing
CUST-1907,Meera Das,141,1,2171.67,1,1,5,7,Developing
CUST-1907,Riya Roy,404,1,618.23,3,1,3,7,Developing
CUST-1909,Diya Roy,547,1,3710.62,4,1,5,10,Loyal
CUST-1909,Vivaan Roy,245,1,426.78,2,1,2,5,At Risk
CUST-1910,Isha Roy,272,1,1450.16,2,1,4,7,Developing
CUST-1911,Anaya Patel,391,1,557.61,3,1,3,7,Developing
CUST-1911,Diya Gupta,445,1,4256.32,4,1,5,10,Loyal
CUST-1912,Diya Singh,632,1,845.82,5,1,3,9,Loyal
CUST-1912,Riya Das,295,1,115.07,3,1,1,5,At Risk
CUST-1913,Diya Sinha,433,1,1284.43,3,1,4,8,Developing
CUST-1914,Isha Verma,668,1,60.61,5,1,1,7,Developing
CUST-1914,Meera Singh,272,1,492.87,2,1,2,5,At Risk
CUST-1915,Anaya Kumar,524,1,123.49,4,1,1,6,Developing
CUST-1915,Isha Sharma,81,1,77.71,1,1,1,3,At Risk
CUST-1916,Aarav Sinha,52,1,79.66,1,1,1,3,At Risk
CUST-1917,Aarav Sinha,427,1,642.87,3,1,3,7,Developing
CUST-1918,Anaya Roy,253,1,2364.1,2,1,5,8,Developing
CUST-1918,Arjun Sinha,246,1,1918.76,2,1,4,7,Developing
CUST-1919,Aditya Roy,245,1,4047.34,2,1,5,8,Developing
CUST-1919,Aditya Sinha,179,1,601.02,2,1,3,6,Developing
CUST-1919,Isha Patel,547,1,69.11,4,1,1,6,Developing
CUST-1919,Meera Kumar,685,1,137.8,5,1,1,7,Developing
CUST-1919,Vivaan Sharma,119,1,309.96,1,1,2,4,At Risk
CUST-1920,Diya Verma,143,1,109.42,1,1,1,3,At Risk
CUST-1922,Arjun Gupta,343,1,705.71,3,1,3,7,Developing
CUST-1922,Isha Sharma,127,1,508.55,1,1,2,4,At Risk
CUST-1923,Aarav Gupta,156,1,590.68,2,1,3,6,Developing
CUST-1923,Diya Verma,402,1,280.01,3,1,2,6,Developing
CUST-1924,Isha Gupta,437,1,293.85,4,1,2,7,Developing
CUST-1925,Diya Kumar,246,1,137.91,2,1,1,4,At Risk
CUST-1925,Meera Roy,515,1,783.13,4,1,3,8,Developing
CUST-1929,Arjun Jha,584,1,1131.37,5,1,4,10,Loyal
CUST-1929,Diya Jha,314,1,1061.54,3,1,4,8,Developing
CUST-1929,Kabir Sharma,299,1,200.75,3,1,1,5,At Risk
CUST-1931,Meera Gupta,412,1,389.21,3,1,2,6,Developing
CUST-1932,Anaya Patel,282,1,4933.81,2,1,5,8,Developing
CUST-1933,Anaya Roy,695,1,1174.29,5,1,4,10,Loyal
CUST-1933,Vivaan Gupta,206,1,13.25,2,1,1,4,At Risk
CUST-1935,Riya Patel,463,1,1960.42,4,1,5,10,Loyal
CUST-1937,Arjun Jha,14,1,174.38,1,1,1,3,At Risk
CUST-1937,Diya Kumar,23,1,1466.57,1,1,4,6,Developing
CUST-1937,Kabir Jha,383,1,835.77,3,1,3,7,Developing
CUST-1939,Kabir Das,298,1,1046.31,3,1,4,8,Developing
CUST-1940,Anaya Sharma,624,1,2396.87,5,1,5,11,Loyal
CUST-1940,Riya Patel,641,1,70.56,5,1,1,7,Developing
CUST-1940,Vivaan Sinha,311,1,845.33,3,1,3,7,Developing
CUST-1942,Isha Verma,112,1,1323.94,1,1,4,6,Developing
CUST-1942,Kabir Sinha,395,1,72.71,3,1,1,5,At Risk
CUST-1943,Aarav Roy,413,1,627.72,3,1,3,7,Developing
CUST-1943,Arjun Kumar,424,1,1831.62,3,1,4,8,Developing
CUST-1944,Aditya Verma,216,1,309.01,2,1,2,5,At Risk
CUST-1945,Arjun Singh,309,1,129.2,3,1,1,5,At Risk
CUST-1945,Meera Singh,498,1,36.21,4,1,1,6,Developing
CUST-1946,Vivaan Sharma,623,1,786.19,5,1,3,9,Loyal
CUST-1948,Arjun Singh,140,1,2150.38,1,1,5,7,Developing
CUST-1949,Kabir Sharma,148,1,169.94,2,1,1,4,At Risk
CUST-1949,Riya Sinha,140,1,955.06,1,1,4,6,Developing
CUST-1950,Aarav Verma,48,1,204.53,1,1,1,3,At Risk
CUST-1950,Aditya Sharma,461,1,447.0,4,1,2,7,Developing
CUST-1950,Vivaan Roy,330,1,117.14,3,1,1,5,At Risk
CUST-1952,Aarav Patel,78,1,2787.65,1,1,5,7,Developing
CUST-1952,Isha Das,330,1,1511.55,3,1,4,8,Developing
CUST-1953,Aarav Roy,648,1,517.61,5,1,2,8,Developing
CUST-1953,Kabir Roy,333,1,399.03,3,1,2,6,Developing
CUST-1954,Aarav Sinha,42,1,592.8,1,1,3,5,At Risk
CUST-1954,Kabir Patel,560,1,2852.49,4,1,5,10,Loyal
CUST-1954,Riya Patel,109,1,627.52,1,1,3,5,At Risk
CUST-1954,Riya Roy,527,1,2204.54,4,1,5,10,Loyal
CUST-1954,Vivaan Jha,321,1,39.86,3,1,1,5,At Risk
CUST-1955,Aarav Sharma,21,1,2555.26,1,1,5,7,Developing
CUST-1955,Meera Sinha,505,1,589.02,4,1,3,8,Developing
CUST-1956,Riya Gupta,682,1,369.58,5,1,2,8,Developing
CUST-1956,Riya Sinha,138,1,1292.48,1,1,4,6,Developing
CUST-1957,Kabir Jha,495,1,232.58,4,1,1,6,Developing
CUST-1959,Anaya Sharma,221,1,773.01,2,1,3,6,Developing
CUST-1959,Isha Patel,612,1,1116.48,5,1,4,10,Loyal
CUST-1960,Aditya Gupta,632,1,477.23,5,1,2,8,Developing
CUST-1960,Anaya Singh,641,1,697.54,5,1,3,9,Loyal
CUST-1961,Meera Das,70,1,2470.33,1,1,5,7,Developing
CUST-1962,Aditya Roy,598,1,1411.42,5,1,4,10,Loyal
CUST-1965,Anaya Das,700,1,218.59,5,1,1,7,Developing
CUST-1967,Aditya Sharma,134,1,673.9,1,1,3,5,At Risk
CUST-1968,Kabir Verma,281,1,1445.58,2,1,4,7,Developing
CUST-1969,Arjun Patel,558,1,128.87,4,1,1,6,Developing
CUST-1969,Vivaan Jha,675,1,3433.45,5,1,5,11,Loyal
CUST-1969,Vivaan Roy,635,1,789.81,5,1,3,9,Loyal
CUST-1970,Aditya Kumar,543,1,2590.77,4,1,5,10,Loyal
CUST-1971,Kabir Verma,118,1,948.6,1,1,3,5,At Risk
CUST-1972,Arjun Sinha,110,1,594.06,1,1,3,5,At Risk
CUST-1972,Meera Sinha,677,1,188.23,5,1,1,7,Developing
CUST-1973,Aditya Sharma,687,1,1910.37,5,1,4,10,Loyal
CUST-1973,Diya Singh,629,1,207.46,5,1,1,7,Developing
CUST-1974,Aditya Verma,204,1,1328.58,2,1,4,7,Developing
CUST-1974,Kabir Sharma,45,1,158.66,1,1,1,3,At Risk
CUST-1974,Riya Patel,252,1,186.57,2,1,1,4,At Risk
CUST-1975,Meera Sinha,714,1,469.05,5,1,2,8,Developing
CUST-1975,Riya Verma,619,1,318.85,5,1,2,8,Developing
CUST-1975,Vivaan Sinha,390,1,2278.5,3,1,5,9,Loyal
CUST-1977,Aditya Kumar,538,1,217.32,4,1,1,6,Developing
CUST-1977,Diya Das,242,1,1830.01,2,1,4,7,Developing
CUST-1977,Isha Roy,55,1,71.41,1,1,1,3,At Risk
CUST-1978,Isha Patel,303,1,1267.99,3,1,4,8,Developing
CUST-1979,Aditya Kumar,359,1,658.69,3,1,3,7,Developing
CUST-1983,Anaya Verma,450,1,140.22,4,1,1,6,Developing
CUST-1983,Isha Singh,467,1,2622.36,4,1,5,10,Loyal
CUST-1984,Aditya Verma,37,1,1552.54,1,1,4,6,Developing
CUST-1985,Arjun Kumar,107,1,725.14,1,1,3,5,At Risk
CUST-1985,Riya Jha,506,1,346.34,4,1,2,7,Developing
CUST-1986,Isha Gupta,209,1,434.6,2,1,2,5,At Risk
CUST-1987,Kabir Jha,450,1,1347.1,4,1,4,9,Loyal
CUST-1987,Vivaan Jha,146,1,113.35,2,1,1,4,At Risk
CUST-1988,Diya Patel,326,1,4275.9,3,1,5,9,Loyal
CUST-1989,Arjun Sharma,399,1,663.06,3,1,3,7,Developing
CUST-1989,Diya Singh,566,1,653.36,4,1,3,8,Developing
CUST-1990,Riya Sinha,714,1,186.04,5,1,1,7,Developing
CUST-1992,Diya Patel,559,1,678.68,4,1,3,8,Developing
CUST-1992,Vivaan Sharma,229,1,1532.82,2,1,4,7,Developing
CUST-1995,Kabir Kumar,540,1,516.67,4,1,2,7,Developing
CUST-1995,Kabir Sinha,588,1,664.8,5,1,3,9,Loyal
CUST-1996,Arjun Roy,634,1,310.93,5,1,2,8,Developing
CUST-1996,Meera Das,270,1,154.09,2,1,1,4,At Risk
CUST-1997,Aditya Gupta,141,1,497.68,1,1,2,4,At Risk
CUST-1997,Anaya Verma,262,1,111.01,2,1,1,4,At Risk
CUST-1997,Meera Roy,121,1,1594.77,1,1,4,6,Developing
CUST-1999,Vivaan Singh,232,1,311.58,2,1,2,5,At Risk
CUST-2001,Riya Patel,387,1,719.2,3,1,3,7,Developing
CUST-2003,Aarav Sharma,720,1,1557.37,5,1,4,10,Loyal
CUST-2004,Aarav Singh,547,1,233.84,4,1,1,6,Developing
CUST-2004,Vivaan Gupta,470,1,5616.76,4,1,5,10,Loyal
CUST-2005,Diya Sinha,448,1,1406.47,4,1,4,9,Loyal
CUST-2007,Aarav Gupta,443,1,1887.37,4,1,4,9,Loyal
CUST-2007,Meera Verma,713,1,687.99,5,1,3,9,Loyal
CUST-2007,Riya Singh,729,1,583.36,5,1,3,9,Loyal
CUST-2009,Aditya Verma,709,1,734.57,5,1,3,9,Loyal
CUST-2009,Arjun Sinha,333,1,218.7,3,1,1,5,At Risk
CUST-2009,Vivaan Roy,333,1,419.16,3,1,2,6,Developing
CUST-2010,Diya Kumar,581,1,1389.52,5,1,4,10,Loyal
CUST-2013,Riya Singh,352,1,301.28,3,1,2,6,Developing
CUST-2014,Vivaan Gupta,22,1,656.43,1,1,3,5,At Risk
CUST-2015,Aditya Gupta,505,1,733.89,4,1,3,8,Developing
CUST-2015,Aditya Singh,24,1,823.93,1,1,3,5,At Risk
CUST-2017,Aditya Gupta,705,1,1985.99,5,1,5,11,Loyal
CUST-2017,Meera Sinha,595,1,391.59,5,1,2,8,Developing
CUST-2017,Vivaan Kumar,164,1,112.76,2,1,1,4,At Risk
CUST-2017,Vivaan Sharma,256,1,1825.9,2,1,4,7,Developing
CUST-2018,Kabir Patel,301,1,1967.41,3,1,5,9,Loyal
CUST-2019,Riya Sharma,681,1,1550.38,5,1,4,10,Loyal
CUST-2020,Diya Jha,700,1,334.51,5,1,2,8,Developing
CUST-2022,Aarav Kumar,415,1,1031.85,3,1,4,8,Developing
CUST-2022,Riya Kumar,88,1,5139.22,1,1,5,7,Developing
CUST-2023,Aarav Gupta,680,1,926.48,5,1,3,9,Loyal
CUST-2023,Arjun Sharma,266,1,1562.75,2,1,4,7,Developing
CUST-2024,Vivaan Gupta,720,1,151.25,5,1,1,7,Developing
CUST-2026,Vivaan Gupta,554,1,125.13,4,1,1,6,Developing
CUST-2027,Diya Jha,558,1,150.67,4,1,1,6,Developing
CUST-2027,Isha Kumar,4,1,125.51,1,1,1,3,At Risk
CUST-2028,Isha Kumar,18,1,709.62,1,1,3,5,At Risk
CUST-2028,Meera Jha,635,1,973.12,5,1,4,10,Loyal
CUST-2028,Meera Patel,366,1,2251.31,3,1,5,9,Loyal
CUST-2029,Isha Roy,484,1,165.49,4,1,1,6,Developing
CUST-2029,Meera Sharma,284,1,1491.73,2,1,4,7,Developing
CUST-2029,Vivaan Kumar,104,1,4431.65,1,1,5,7,Developing
CUST-2030,Aditya Sinha,623,1,2281.67,5,1,5,11,Loyal
CUST-2030,Diya Kumar,388,1,375.15,3,1,2,6,Developing
CUST-2031,Aarav Singh,91,1,213.6,1,1,1,3,At Risk
CUST-2031,Arjun Roy,67,1,2759.09,1,1,5,7,Developing
CUST-2031,Diya Sharma,387,1,2332.9,3,1,5,9,Loyal
CUST-2032,Meera Sharma,43,1,4471.9,1,1,5,7,Developing
CUST-2033,Vivaan Jha,601,1,2422.45,5,1,5,11,Loyal
CUST-2034,Aditya Gupta,79,1,418.5,1,1,2,4,At Risk
CUST-2035,Kabir Gupta,717,1,2196.18,5,1,5,11,Loyal
CUST-2036,Meera Patel,82,1,560.19,1,1,3,5,At Risk
CUST-2037,Riya Gupta,731,1,1441.86,5,1,4,10,Loyal
CUST-2039,Vivaan Sharma,174,1,214.17,2,1,1,4,At Risk
CUST-2042,Aarav Sinha,415,1,85.28,3,1,1,5,At Risk
CUST-2042,Meera Jha,269,1,1640.78,2,1,4,7,Developing
CUST-2043,Kabir Singh,134,1,847.45,1,1,3,5,At Risk
CUST-2045,Aarav Roy,48,1,637.55,1,1,3,5,At Risk
CUST-2045,Vivaan Roy,544,1,907.56,4,1,3,8,Developing
CUST-2047,Diya Verma,199,1,2228.75,2,1,5,8,Developing
CUST-2047,Meera Sharma,316,1,2381.2,3,1,5,9,Loyal
CUST-2047,Vivaan Gupta,96,1,388.33,1,1,2,4,At Risk
CUST-2048,Isha Sharma,74,1,534.52,1,1,3,5,At Risk
CUST-2048,Riya Gupta,566,1,2623.97,4,1,5,10,Loyal
CUST-2048,Vivaan Kumar,476,1,105.43,4,1,1,6,Developing
CUST-2049,Riya Das,567,1,440.63,4,1,2,7,Developing
CUST-2049,Vivaan Kumar,46,1,341.38,1,1,2,4,At Risk
CUST-2050,Aarav Sharma,487,1,840.82,4,1,3,8,Developing
CUST-2050,Anaya Gupta,127,1,2563.88,1,1,5,7,Developing
CUST-2050,Vivaan Das,590,1,1443.17,5,1,4,10,Loyal
CUST-2051,Aarav Gupta,403,1,967.02,3,1,4,8,Developing
CUST-2051,Vivaan Sinha,310,1,252.73,3,1,2,6,Developing
CUST-2053,Arjun Verma,583,1,369.06,5,1,2,8,Developing
CUST-2053,Vivaan Gupta,335,1,319.1,3,1,2,6,Developing
CUST-2055,Aarav Roy,94,1,2427.96,1,1,5,7,Developing
CUST-2055,Arjun Gupta,234,1,96.25,2,1,1,4,At Risk
CUST-2057,Anaya Jha,243,1,351.11,2,1,2,5,At Risk
CUST-2057,Isha Kumar,518,1,1644.69,4,1,4,9,Loyal
CUST-2058,Aarav Singh,445,1,138.59,4,1,1,6,Developing
CUST-2058,Diya Patel,64,1,158.73,1,1,1,3,At Risk
CUST-2058,Kabir Singh,628,1,2090.94,5,1,5,11,Loyal
CUST-2059,Aditya Kumar,702,1,2873.57,5,1,5,11,Loyal
CUST-2059,Meera Kumar,434,1,1017.65,3,1,4,8,Developing
CUST-2059,Vivaan Verma,600,1,55.36,5,1,1,7,Developing
CUST-2061,Aditya Sharma,503,1,277.78,4,1,2,7,Developing
CUST-2063,Anaya Gupta,662,1,278.21,5,1,2,8,Developing
CUST-2063,Arjun Verma,538,1,849.16,4,1,3,8,Developing
CUST-2065,Arjun Sharma,674,1,497.08,5,1,2,8,Developing
CUST-2065,Kabir Verma,150,1,2665.95,2,1,5,8,Developing
CUST-2067,Arjun Verma,162,1,1084.33,2,1,4,7,Developing
CUST-2067,Vivaan Singh,258,1,1270.45,2,1,4,7,Developing
CUST-2069,Aditya Sharma,589,1,4000.2,5,1,5,11,Loyal
CUST-2069,Diya Jha,370,1,149.93,3,1,1,5,At Risk
CUST-2069,Kabir Verma,112,1,451.3,1,1,2,4,At Risk
CUST-2070,Anaya Roy,413,1,146.96,3,1,1,5,At Risk
CUST-2070,Riya Kumar,216,1,830.38,2,1,3,6,Developing
CUST-2072,Meera Das,122,1,1904.86,1,1,4,6,Developing
CUST-2073,Arjun Jha,657,1,3125.01,5,1,5,11,Loyal
CUST-2074,Isha Gupta,42,1,1016.14,1,1,4,6,Developing
CUST-2075,Aditya Kumar,395,1,373.16,3,1,2,6,Developing
CUST-2075,Kabir Gupta,514,1,430.41,4,1,2,7,Developing
CUST-2077,Aditya Roy,510,1,331.89,4,1,2,7,Developing
CUST-2077,Diya Gupta,727,1,1232.69,5,1,4,10,Loyal
CUST-2078,Aditya Patel,157,1,1398.77,2,1,4,7,Developing
CUST-2079,Anaya Roy,559,1,2803.67,4,1,5,10,Loyal
CUST-2079,Diya Jha,359,1,538.66,3,1,3,7,Developing
CUST-2080,Meera Patel,160,1,3468.08,2,1,5,8,Developing
CUST-2080,Vivaan Verma,584,1,2343.65,5,1,5,11,Loyal
CUST-2081,Aarav Roy,379,1,1027.4,3,1,4,8,Developing
CUST-2081,Riya Verma,711,1,1712.71,5,1,4,10,Loyal
CUST-2082,Anaya Jha,698,1,591.4,5,1,3,9,Loyal
CUST-2083,Aarav Verma,679,1,294.52,5,1,2,8,Developing
CUST-2084,Kabir Verma,108,1,1986.97,1,1,5,7,Developing
CUST-2085,Arjun Sharma,619,1,303.44,5,1,2,8,Developing
CUST-2085,Isha Roy,216,1,160.22,2,1,1,4,At Risk
CUST-2085,Kabir Jha,473,1,2251.81,4,1,5,10,Loyal
CUST-2088,Kabir Gupta,414,1,464.3,3,1,2,6,Developing
CUST-2088,Meera Kumar,691,1,1133.46,5,1,4,10,Loyal
CUST-2089,Aditya Jha,231,1,697.52,2,1,3,6,Developing
CUST-2089,Isha Verma,125,1,4665.77,1,1,5,7,Developing
CUST-2089,Kabir Gupta,266,1,469.51,2,1,2,5,At Risk
CUST-2093,Kabir Singh,261,1,501.38,2,1,2,5,At Risk
CUST-2094,Aditya Jha,296,1,2938.19,3,1,5,9,Loyal
CUST-2094,Kabir Sinha,50,1,96.56,1,1,1,3,At Risk
CUST-2094,Meera Sharma,48,1,510.33,1,1,2,4,At Risk
CUST-2096,Aditya Gupta,114,1,4405.4,1,1,5,7,Developing
CUST-2097,Diya Roy,644,1,160.32,5,1,1,7,Developing
CUST-2097,Kabir Sinha,379,1,560.56,3,1,3,7,Developing
CUST-2098,Isha Das,707,1,176.42,5,1,1,7,Developing
CUST-2098,Vivaan Patel,241,1,780.48,2,1,3,6,Developing
CUST-2099,Aditya Das,483,1,1029.54,4,1,4,9,Loyal
CUST-2099,Diya Roy,321,1,1035.46,3,1,4,8,Developing
CUST-2099,Diya Singh,70,1,314.24,1,1,2,4,At Risk
CUST-2102,Vivaan Das,71,1,850.48,1,1,3,5,At Risk
CUST-2103,Meera Das,255,1,2909.48,2,1,5,8,Developing
CUST-2104,Anaya Sinha,319,1,2988.59,3,1,5,9,Loyal
CUST-2105,Meera Sinha,596,1,359.54,5,1,2,8,Developing
CUST-2106,Vivaan Jha,547,1,586.71,4,1,3,8,Developing
CUST-2108,Aarav Sharma,195,1,78.62,2,1,1,4,At Risk
CUST-2108,Isha Das,436,1,318.93,4,1,2,7,Developing
CUST-2108,Kabir Singh,147,1,2010.25,2,1,5,8,Developing
CUST-2109,Arjun Sharma,189,1,718.68,2,1,3,6,Developing
CUST-2109,Meera Gupta,56,1,1311.85,1,1,4,6,Developing
CUST-2110,Aditya Singh,512,1,1266.24,4,1,4,9,Loyal
CUST-2111,Meera Sinha,405,1,1975.17,3,1,5,9,Loyal
CUST-2113,Arjun Verma,372,1,1865.91,3,1,4,8,Developing
CUST-2113,Isha Roy,60,1,715.8,1,1,3,5,At Risk
CUST-2114,Aditya Sinha,32,1,1561.17,1,1,4,6,Developing
CUST-2116,Aarav Gupta,417,1,1969.69,3,1,5,9,Loyal
CUST-2116,Isha Sharma,670,1,2130.91,5,1,5,11,Loyal
CUST-2117,Isha Jha,702,1,929.7,5,1,3,9,Loyal
CUST-2120,Aarav Sinha,133,1,714.97,1,1,3,5,At Risk
CUST-2120,Arjun Kumar,240,1,4487.08,2,1,5,8,Developing
CUST-2121,Vivaan Patel,358,1,1031.64,3,1,4,8,Developing
CUST-2122,Kabir Roy,372,1,922.11,3,1,3,7,Developing
CUST-2123,Aditya Das,379,1,794.69,3,1,3,7,Developing
CUST-2124,Aarav Sharma,53,1,2541.67,1,1,5,7,Developing
CUST-2124,Arjun Gupta,425,1,1717.92,3,1,4,8,Developing
CUST-2124,Meera Verma,499,1,486.43,4,1,2,7,Developing
CUST-2125,Aarav Patel,469,1,185.23,4,1,1,6,Developing
CUST-2125,Kabir Verma,678,1,1013.66,5,1,4,10,Loyal
CUST-2125,Vivaan Roy,665,1,128.92,5,1,1,7,Developing
CUST-2126,Riya Kumar,206,1,226.04,2,1,1,4,At Risk
CUST-2127,Anaya Kumar,495,1,1009.48,4,1,4,9,Loyal
CUST-2127,Diya Verma,552,1,2261.66,4,1,5,10,Loyal
CUST-2128,Arjun Sinha,667,1,372.56,5,1,2,8,Developing
CUST-2128,Vivaan Sharma,711,1,492.99,5,1,2,8,Developing
CUST-2130,Riya Jha,332,1,146.05,3,1,1,5,At Risk
CUST-2132,Aarav Roy,147,1,2472.7,2,1,5,8,Developing
CUST-2132,Vivaan Verma,722,1,1287.46,5,1,4,10,Loyal
CUST-2133,Anaya Roy,6,1,943.23,1,1,3,5,At Risk
CUST-2133,Riya Singh,462,1,1223.33,4,1,4,9,Loyal
CUST-2134,Diya Singh,137,1,1045.74,1,1,4,6,Developing
CUST-2134,Diya Verma,108,1,2102.33,1,1,5,7,Developing
CUST-2135,Kabir Sinha,657,1,782.9,5,1,3,9,Loyal
CUST-2135,Meera Singh,532,1,321.62,4,1,2,7,Developing
CUST-2136,Meera Verma,46,1,1312.08,1,1,4,6,Developing
CUST-2137,Vivaan Kumar,102,1,59.89,1,1,1,3,At Risk
CUST-2139,Diya Sharma,430,1,1130.8,3,1,4,8,Developing
CUST-2140,Kabir Sinha,356,1,123.26,3,1,1,5,At Risk
CUST-2140,Riya Das,687,1,461.64,5,1,2,8,Developing
CUST-2141,Aarav Das,476,1,1636.09,4,1,4,9,Loyal
CUST-2144,Isha Gupta,717,1,864.67,5,1,3,9,Loyal
CUST-2144,Kabir Roy,669,1,1453.38,5,1,4,10,Loyal
CUST-2145,Aditya Kumar,147,1,805.57,2,1,3,6,Developing
CUST-2145,Arjun Sharma,546,1,1124.79,4,1,4,9,Loyal
CUST-2146,Aditya Roy,731,1,2417.28,5,1,5,11,Loyal
CUST-2147,Riya Jha,698,1,254.39,5,1,2,8,Developing
CUST-2148,Anaya Kumar,96,1,355.69,1,1,2,4,At Risk
CUST-2149,Aarav Das,466,1,919.15,4,1,3,8,Developing
CUST-2149,Arjun Das,628,1,479.43,5,1,2,8,Developing
CUST-2149,Diya Patel,142,1,669.0,1,1,3,5,At Risk
CUST-2150,Kabir Roy,539,1,2038.81,4,1,5,10,Loyal
CUST-2151,Kabir Jha,151,1,1273.24,2,1,4,7,Developing
CUST-2152,Aarav Roy,255,1,2949.76,2,1,5,8,Developing
CUST-2152,Anaya Sinha,200,1,136.47,2,1,1,4,At Risk
CUST-2152,Meera Das,158,1,150.49,2,1,1,4,At Risk
CUST-2152,Meera Roy,371,1,804.81,3,1,3,7,Developing
CUST-2152,Riya Sharma,308,1,998.42,3,1,4,8,Developing
CUST-2153,Isha Singh,559,1,329.93,4,1,2,7,Developing
CUST-2153,Riya Jha,540,1,2953.0,4,1,5,10,Loyal
CUST-2154,Aarav Kumar,165,1,367.0,2,1,2,5,At Risk
CUST-2156,Aditya Sharma,725,1,116.17,5,1,1,7,Developing
CUST-2156,Aditya Verma,248,1,180.44,2,1,1,4,At Risk
CUST-2156,Diya Jha,87,1,108.15,1,1,1,3,At Risk
CUST-2156,Riya Roy,301,1,2947.8,3,1,5,9,Loyal
CUST-2157,Diya Patel,635,1,1226.46,5,1,4,10,Loyal
CUST-2158,Aarav Roy,272,1,306.56,2,1,2,5,At Risk
CUST-2158,Aditya Patel,613,1,627.35,5,1,3,9,Loyal
CUST-2158,Kabir Sharma,376,1,295.49,3,1,2,6,Developing
CUST-2159,Aditya Sharma,81,1,1629.35,1,1,4,6,Developing
CUST-2160,Aarav Singh,302,1,2331.0,3,1,5,9,Loyal
CUST-2161,Anaya Kumar,589,1,1233.13,5,1,4,10,Loyal
CUST-2161,Diya Kumar,110,1,800.54,1,1,3,5,At Risk
CUST-2162,Isha Sharma,667,1,602.5,5,1,3,9,Loyal
CUST-2163,Aarav Jha,492,1,1103.25,4,1,4,9,Loyal
CUST-2163,Aarav Roy,102,1,34.33,1,1,1,3,At Risk
CUST-2163,Isha Kumar,643,1,1069.98,5,1,4,10,Loyal
CUST-2164,Aarav Gupta,93,1,1295.98,1,1,4,6,Developing
CUST-2164,Anaya Singh,624,1,266.67,5,1,2,8,Developing
CUST-2167,Meera Patel,572,1,889.95,4,1,3,8,Developing
CUST-2167,Riya Jha,351,1,2906.17,3,1,5,9,Loyal
CUST-2169,Anaya Sharma,616,1,215.41,5,1,1,7,Developing
CUST-2169,Meera Singh,86,1,1762.23,1,1,4,6,Developing
CUST-2170,Aarav Sharma,467,1,855.33,4,1,3,8,Developing
CUST-2170,Anaya Jha,520,1,352.89,4,1,2,7,Developing
CUST-2171,Aarav Gupta,291,1,3676.78,2,1,5,8,Developing
CUST-2171,Diya Singh,332,1,1195.57,3,1,4,8,Developing
CUST-2171,Vivaan Patel,286,1,1291.33,2,1,4,7,Developing
CUST-2172,Anaya Gupta,123,1,667.56,1,1,3,5,At Risk
CUST-2172,Meera Roy,493,1,225.22,4,1,1,6,Developing
CUST-2174,Diya Singh,16,1,1707.86,1,1,4,6,Developing
CUST-2174,Vivaan Roy,668,1,1754.0,5,1,4,10,Loyal
CUST-2176,Diya Sharma,702,1,78.98,5,1,1,7,Developing
CUST-2176,Isha Sinha,544,1,1877.46,4,1,4,9,Loyal
CUST-2176,Kabir Gupta,266,1,110.6,2,1,1,4,At Risk
CUST-2176,Meera Sharma,331,1,160.06,3,1,1,5,At Risk
CUST-2177,Aarav Roy,650,1,2920.03,5,1,5,11,Loyal
CUST-2179,Diya Roy,643,1,1542.73,5,1,4,10,Loyal
CUST-2180,Vivaan Sinha,235,1,824.94,2,1,3,6,Developing
CUST-2182,Aarav Gupta,14,1,201.99,1,1,1,3,At Risk
CUST-2182,Isha Das,178,1,331.94,2,1,2,5,At Risk
CUST-2183,Aarav Patel,93,1,1879.03,1,1,4,6,Developing
CUST-2183,Aditya Verma,547,1,2685.16,4,1,5,10,Loyal
CUST-2183,Meera Sharma,70,1,439.44,1,1,2,4,At Risk
CUST-2184,Aarav Jha,67,1,170.94,1,1,1,3,At Risk
CUST-2184,Isha Patel,48,1,1087.01,1,1,4,6,Developing
CUST-2184,Kabir Das,683,1,108.23,5,1,1,7,Developing
CUST-2184,Meera Verma,115,1,73.68,1,1,1,3,At Risk
CUST-2185,Arjun Patel,526,1,2816.02,4,1,5,10,Loyal
CUST-2185,Riya Das,125,1,256.15,1,1,2,4,At Risk
CUST-2186,Aditya Sinha,10,1,2215.45,1,1,5,7,Developing
CUST-2186,Anaya Patel,84,1,1607.53,1,1,4,6,Developing
CUST-2186,Anaya Roy,140,1,50.19,1,1,1,3,At Risk
CUST-2186,Meera Roy,692,1,359.83,5,1,2,8,Developing
CUST-2186,Vivaan Patel,324,1,1868.82,3,1,4,8,Developing
CUST-2187,Meera Singh,336,1,1218.61,3,1,4,8,Developing
CUST-2189,Aditya Kumar,369,1,2929.15,3,1,5,9,Loyal
CUST-2189,Anaya Sinha,217,1,4859.57,2,1,5,8,Developing
CUST-2189,Isha Patel,487,1,1264.08,4,1,4,9,Loyal
CUST-2189,Kabir Gupta,716,1,157.25,5,1,1,7,Developing
CUST-2189,Meera Sinha,696,1,4602.68,5,1,5,11,Loyal
CUST-2192,Diya Sinha,36,1,898.94,1,1,3,5,At Risk
CUST-2193,Aditya Singh,382,1,651.53,3,1,3,7,Developing
CUST-2193,Anaya Das,43,1,708.66,1,1,3,5,At Risk
CUST-2193,Diya Verma,631,1,229.58,5,1,1,7,Developing
CUST-2193,Isha Roy,308,1,135.6,3,1,1,5,At Risk
CUST-2194,Aditya Sharma,104,1,208.18,1,1,1,3,At Risk
CUST-2196,Aarav Verma,407,1,268.87,3,1,2,6,Developing
CUST-2196,Riya Sharma,467,1,96.36,4,1,1,6,Developing
CUST-2197,Kabir Patel,568,1,3824.32,4,1,5,10,Loyal
CUST-2198,Isha Kumar,609,1,431.36,5,1,2,8,Developing
CUST-2198,Kabir Sharma,496,1,629.56,4,1,3,8,Developing
CUST-2198,Vivaan Sharma,90,1,450.06,1,1,2,4,At Risk
CUST-2199,Riya Gupta,44,1,317.5,1,1,2,4,At Risk
CUST-2199,Riya Sinha,82,1,1044.83,1,1,4,6,Developing
CUST-2200,Anaya Patel,130,1,1494.11,1,1,4,6,Developing
CUST-2201,Aditya Das,586,1,1670.96,5,1,4,10,Loyal
CUST-2201,Arjun Jha,425,1,372.43,3,1,2,6,Developing
CUST-2201,Isha Das,547,1,550.03,4,1,3,8,Developing
CUST-2201,Meera Das,26,1,141.08,1,1,1,3,At Risk
CUST-2201,Vivaan Kumar,655,1,510.14,5,1,2,8,Developing
CUST-2202,Kabir Verma,503,1,601.34,4,1,3,8,Developing
CUST-2203,Meera Patel,134,1,1133.43,1,1,4,6,Developing
CUST-2203,Riya Gupta,86,1,425.7,1,1,2,4,At Risk
CUST-2206,Aarav Singh,567,1,4036.27,4,1,5,10,Loyal
CUST-2209,Diya Sharma,723,1,114.57,5,1,1,7,Developing
CUST-2210,Aarav Patel,314,1,95.93,3,1,1,5,At Risk
CUST-2210,Aditya Patel,177,1,489.56,2,1,2,5,At Risk
CUST-2210,Diya Das,31,1,652.92,1,1,3,5,At Risk
CUST-2211,Isha Sinha,347,1,172.14,3,1,1,5,At Risk
CUST-2211,Vivaan Verma,60,1,543.39,1,1,3,5,At Risk
CUST-2213,Aditya Gupta,443,1,2756.57,4,1,5,10,Loyal
CUST-2213,Riya Roy,307,1,370.1,3,1,2,6,Developing
CUST-2213,Vivaan Sharma,685,1,4029.07,5,1,5,11,Loyal
CUST-2214,Riya Roy,35,1,1354.82,1,1,4,6,Developing
CUST-2214,Vivaan Kumar,648,1,404.72,5,1,2,8,Developing
CUST-2216,Meera Gupta,332,1,1136.77,3,1,4,8,Developing
CUST-2216,Meera Verma,272,1,2827.75,2,1,5,8,Developing
CUST-2217,Anaya Kumar,566,1,127.42,4,1,1,6,Developing
CUST-2218,Anaya Roy,694,1,396.19,5,1,2,8,Developing
CUST-2218,Arjun Singh,710,1,418.92,5,1,2,8,Developing
CUST-2222,Aditya Gupta,264,1,131.79,2,1,1,4,At Risk
CUST-2222,Anaya Gupta,202,1,478.78,2,1,2,5,At Risk
CUST-2225,Arjun Singh,672,1,1132.58,5,1,4,10,Loyal
CUST-2225,Arjun Verma,182,1,2429.49,2,1,5,8,Developing
CUST-2226,Isha Sharma,694,1,872.91,5,1,3,9,Loyal
CUST-2226,Riya Sinha,499,1,857.96,4,1,3,8,Developing
CUST-2227,Arjun Das,432,1,2760.57,3,1,5,9,Loyal
CUST-2227,Isha Patel,171,1,1918.82,2,1,4,7,Developing
CUST-2228,Aditya Singh,34,1,1388.95,1,1,4,6,Developing
CUST-2229,Diya Verma,584,1,187.5,5,1,1,7,Developing
CUST-2229,Meera Kumar,344,1,843.65,3,1,3,7,Developing
CUST-2230,Aditya Sharma,666,1,1723.12,5,1,4,10,Loyal
CUST-2230,Anaya Jha,561,1,479.17,4,1,2,7,Developing
CUST-2230,Anaya Roy,458,1,352.83,4,1,2,7,Developing
CUST-2230,Arjun Verma,76,1,261.17,1,1,2,4,At Risk
CUST-2232,Anaya Das,617,1,846.51,5,1,3,9,Loyal
CUST-2232,Isha Kumar,195,2,2297.7599999999998,2,5,5,12,Champions
CUST-2232,Meera Sinha,318,1,15.06,3,1,1,5,At Risk
CUST-2234,Aditya Das,517,1,1578.37,4,1,4,9,Loyal
CUST-2235,Aarav Sharma,141,1,1118.15,1,1,4,6,Developing
CUST-2235,Aditya Singh,426,1,2481.78,3,1,5,9,Loyal
CUST-2235,Anaya Patel,505,1,576.59,4,1,3,8,Developing
CUST-2235,Isha Sharma,552,1,1619.52,4,1,4,9,Loyal
CUST-2236,Aditya Singh,142,1,1022.12,1,1,4,6,Developing
CUST-2238,Anaya Roy,703,1,638.95,5,1,3,9,Loyal
CUST-2238,Vivaan Roy,653,1,714.83,5,1,3,9,Loyal
CUST-2240,Diya Jha,442,1,987.97,4,1,4,9,Loyal
CUST-2241,Kabir Kumar,3,1,489.11,1,1,2,4,At Risk
CUST-2244,Riya Patel,510,1,1344.68,4,1,4,9,Loyal
CUST-2245,Aarav Sharma,563,1,1567.37,4,1,4,9,Loyal
CUST-2245,Arjun Verma,579,1,1535.21,4,1,4,9,Loyal
CUST-2245,Isha Roy,292,1,784.77,2,1,3,6,Developing
CUST-2245,Isha Verma,14,1,228.35,1,1,1,3,At Risk
CUST-2245,Riya Roy,599,1,330.47,5,1,2,8,Developing
CUST-2247,Aditya Verma,439,1,166.96,4,1,1,6,Developing
CUST-2247,Diya Gupta,153,1,2613.21,2,1,5,8,Developing
CUST-2247,Meera Patel,460,1,886.16,4,1,3,8,Developing
CUST-2247,Riya Sinha,397,1,1835.77,3,1,4,8,Developing
CUST-2248,Anaya Gupta,477,1,217.05,4,1,1,6,Developing
CUST-2248,Anaya Singh,650,1,3407.89,5,1,5,11,Loyal
CUST-2249,Diya Verma,205,1,732.42,2,1,3,6,Developing
CUST-2250,Isha Jha,683,1,1837.24,5,1,4,10,Loyal
CUST-2251,Vivaan Sinha,208,1,278.72,2,1,2,5,At Risk
CUST-2252,Meera Gupta,220,1,40.58,2,1,1,4,At Risk
CUST-2254,Vivaan Gupta,322,1,141.96,3,1,1,5,At Risk
CUST-2256,Diya Sharma,437,1,2047.94,4,1,5,10,Loyal
CUST-2256,Isha Sharma,183,1,426.86,2,1,2,5,At Risk
CUST-2257,Aditya Patel,20,1,413.67,1,1,2,4,At Risk
CUST-2258,Anaya Patel,579,1,214.44,4,1,1,6,Developing
CUST-2258,Arjun Sharma,1,1,140.16,1,1,1,3,At Risk
CUST-2258,Riya Sharma,134,1,3632.82,1,1,5,7,Developing
CUST-2259,Diya Sinha,347,1,1477.22,3,1,4,8,Developing
CUST-2259,Meera Roy,73,1,4581.34,1,1,5,7,Developing
CUST-2259,Vivaan Singh,337,1,1983.57,3,1,5,9,Loyal
CUST-2260,Aarav Patel,485,1,293.53,4,1,2,7,Developing
CUST-2260,Arjun Kumar,190,1,45.35,2,1,1,4,At Risk
CUST-2261,Anaya Sharma,70,1,458.29,1,1,2,4,At Risk
CUST-2261,Isha Das,262,1,167.25,2,1,1,4,At Risk
CUST-2261,Isha Gupta,295,1,1257.44,3,1,4,8,Developing
CUST-2261,Meera Singh,528,1,141.72,4,1,1,6,Developing
CUST-2262,Arjun Verma,4,1,424.75,1,1,2,4,At Risk
CUST-2262,Diya Singh,670,1,660.48,5,1,3,9,Loyal
CUST-2263,Aarav Das,34,1,794.76,1,1,3,5,At Risk
CUST-2263,Anaya Jha,703,1,698.55,5,1,3,9,Loyal
CUST-2264,Anaya Patel,124,1,2459.28,1,1,5,7,Developing
CUST-2265,Vivaan Sinha,132,1,1712.19,1,1,4,6,Developing
CUST-2267,Isha Das,144,1,766.27,1,1,3,5,At Risk
CUST-2268,Riya Patel,156,1,456.49,2,1,2,5,At Risk
CUST-2269,Diya Sharma,231,1,706.38,2,1,3,6,Developing
CUST-2270,Anaya Gupta,445,1,1361.35,4,1,4,9,Loyal
CUST-2271,Isha Sharma,201,1,42.8,2,1,1,4,At Risk
CUST-2271,Vivaan Das,435,1,834.09,3,1,3,7,Developing
CUST-2273,Aarav Singh,497,1,129.09,4,1,1,6,Developing
CUST-2273,Vivaan Roy,265,1,1280.28,2,1,4,7,Developing
CUST-2274,Aditya Gupta,506,1,135.94,4,1,1,6,Developing
CUST-2274,Isha Das,387,1,84.0,3,1,1,5,At Risk
CUST-2274,Riya Gupta,406,1,2103.92,3,1,5,9,Loyal
CUST-2275,Aditya Verma,62,1,1127.1,1,1,4,6,Developing
CUST-2276,Arjun Jha,182,1,3352.73,2,1,5,8,Developing
CUST-2276,Diya Das,632,1,1585.02,5,1,4,10,Loyal
CUST-2278,Riya Das,148,1,2597.6,2,1,5,8,Developing
CUST-2280,Kabir Das,196,1,280.7,2,1,2,5,At Risk
CUST-2280,Kabir Roy,212,1,211.28,2,1,1,4,At Risk
CUST-2280,Meera Kumar,261,1,2493.31,2,1,5,8,Developing
CUST-2280,Meera Sinha,41,1,836.88,1,1,3,5,At Risk
CUST-2281,Aarav Das,277,1,2262.3,2,1,5,8,Developing
CUST-2281,Aditya Roy,225,1,220.18,2,1,1,4,At Risk
CUST-2281,Kabir Roy,158,1,158.14,2,1,1,4,At Risk
CUST-2284,Riya Sharma,107,1,1279.93,1,1,4,6,Developing
CUST-2285,Diya Jha,181,1,327.38,2,1,2,5,At Risk
CUST-2285,Kabir Jha,577,1,282.45,4,1,2,7,Developing
CUST-2287,Diya Verma,484,1,752.92,4,1,3,8,Developing
CUST-2287,Vivaan Sinha,255,1,243.85,2,1,1,4,At Risk
CUST-2288,Aarav Jha,21,1,383.75,1,1,2,4,At Risk
CUST-2288,Kabir Patel,708,1,3206.65,5,1,5,11,Loyal
CUST-2289,Arjun Verma,544,1,3264.71,4,1,5,10,Loyal
CUST-2289,Riya Patel,364,1,1638.1,3,1,4,8,Developing
CUST-2290,Aarav Kumar,421,1,12.67,3,1,1,5,At Risk
CUST-2290,Meera Jha,543,1,515.46,4,1,2,7,Developing
CUST-2291,Aarav Jha,91,1,333.15,1,1,2,4,At Risk
CUST-2291,Aditya Gupta,603,1,205.26,5,1,1,7,Developing
CUST-2291,Aditya Verma,200,1,2025.44,2,1,5,8,Developing
CUST-2291,Kabir Gupta,677,1,1753.28,5,1,4,10,Loyal
CUST-2292,Isha Singh,390,1,316.65,3,1,2,6,Developing
CUST-2293,Riya Singh,724,1,1552.65,5,1,4,10,Loyal
CUST-2294,Aarav Gupta,302,1,1683.93,3,1,4,8,Developing
CUST-2294,Meera Kumar,282,1,1634.94,2,1,4,7,Developing
CUST-2294,Vivaan Sharma,406,1,619.25,3,1,3,7,Developing
CUST-2295,Kabir Jha,642,1,2724.24,5,1,5,11,Loyal
CUST-2295,Riya Roy,615,1,25.61,5,1,1,7,Developing
CUST-2296,Isha Singh,634,1,371.42,5,1,2,8,Developing
CUST-2299,Diya Gupta,411,1,2535.63,3,1,5,9,Loyal
CUST-2301,Anaya Sharma,463,1,328.51,4,1,2,7,Developing
CUST-2301,Arjun Sinha,705,1,365.37,5,1,2,8,Developing
CUST-2302,Arjun Roy,203,1,60.01,2,1,1,4,At Risk
CUST-2302,Meera Singh,443,1,2944.04,4,1,5,10,Loyal
CUST-2304,Aarav Verma,387,1,304.88,3,1,2,6,Developing
CUST-2304,Meera Das,551,1,938.77,4,1,3,8,Developing
CUST-2304,Meera Gupta,416,1,1619.21,3,1,4,8,Developing
CUST-2306,Diya Singh,262,1,3788.58,2,1,5,8,Developing
CUST-2306,Riya Sinha,441,1,3766.61,4,1,5,10,Loyal
CUST-2308,Aarav Sinha,10,1,520.9,1,1,2,4,At Risk
CUST-2308,Anaya Patel,311,1,627.92,3,1,3,7,Developing
CUST-2308,Vivaan Das,590,1,2028.72,5,1,5,11,Loyal
CUST-2309,Aarav Jha,520,1,2109.0,4,1,5,10,Loyal
CUST-2309,Aditya Gupta,528,1,536.49,4,1,3,8,Developing
CUST-2309,Anaya Roy,296,1,322.07,3,1,2,6,Developing
CUST-2309,Vivaan Sharma,465,1,1003.52,4,1,4,9,Loyal
CUST-2310,Anaya Gupta,611,1,874.46,5,1,3,9,Loyal
CUST-2310,Riya Singh,302,1,1196.81,3,1,4,8,Developing
CUST-2312,Aditya Verma,188,1,1031.8,2,1,4,7,Developing
CUST-2312,Meera Singh,108,1,726.59,1,1,3,5,At Risk
CUST-2315,Diya Patel,617,1,2161.86,5,1,5,11,Loyal
CUST-2316,Isha Sharma,88,1,291.69,1,1,2,4,At Risk
CUST-2316,Riya Roy,579,1,2018.01,4,1,5,10,Loyal
CUST-2317,Isha Sharma,219,1,48.62,2,1,1,4,At Risk
CUST-2317,Riya Verma,269,1,1101.72,2,1,4,7,Developing
CUST-2318,Diya Kumar,726,1,387.25,5,1,2,8,Developing
CUST-2318,Isha Sharma,625,1,3539.58,5,1,5,11,Loyal
CUST-2318,Kabir Sinha,378,1,1409.3,3,1,4,8,Developing
CUST-2319,Anaya Jha,150,1,223.75,2,1,1,4,At Risk
CUST-2319,Riya Verma,198,1,2920.73,2,1,5,8,Developing
CUST-2320,Aarav Gupta,339,1,1031.48,3,1,4,8,Developing
CUST-2320,Aarav Sharma,385,1,3275.73,3,1,5,9,Loyal
CUST-2320,Kabir Das,65,1,1016.93,1,1,4,6,Developing
CUST-2320,Riya Kumar,541,1,356.89,4,1,2,7,Developing
CUST-2321,Anaya Roy,223,1,97.16,2,1,1,4,At Risk
CUST-2321,Isha Das,202,1,2896.88,2,1,5,8,Developing
CUST-2321,Kabir Jha,381,1,3465.88,3,1,5,9,Loyal
CUST-2321,Kabir Sinha,322,1,328.91,3,1,2,6,Developing
CUST-2324,Arjun Verma,44,1,1578.28,1,1,4,6,Developing
CUST-2325,Isha Sinha,662,1,395.2,5,1,2,8,Developing
CUST-2326,Arjun Verma,62,1,861.32,1,1,3,5,At Risk
CUST-2327,Aarav Roy,501,1,4120.06,4,1,5,10,Loyal
CUST-2327,Aditya Das,318,1,1494.57,3,1,4,8,Developing
CUST-2328,Diya Kumar,457,1,81.67,4,1,1,6,Developing
CUST-2329,Anaya Sharma,540,1,439.56,4,1,2,7,Developing
CUST-2329,Anaya Verma,453,1,250.5,4,1,2,7,Developing
CUST-2329,Isha Kumar,407,1,2632.98,3,1,5,9,Loyal
CUST-2331,Arjun Das,109,1,120.42,1,1,1,3,At Risk
CUST-2331,Kabir Jha,715,1,885.59,5,1,3,9,Loyal
CUST-2332,Arjun Kumar,32,1,62.92,1,1,1,3,At Risk
CUST-2332,Arjun Roy,232,1,1454.92,2,1,4,7,Developing
CUST-2332,Vivaan Singh,636,1,2260.38,5,1,5,11,Loyal
CUST-2334,Riya Gupta,464,1,3262.47,4,1,5,10,Loyal
CUST-2335,Riya Verma,144,1,467.71,1,1,2,4,At Risk
CUST-2336,Meera Gupta,715,1,2039.32,5,1,5,11,Loyal
CUST-2341,Riya Sinha,18,1,1805.66,1,1,4,6,Developing
CUST-2342,Anaya Gupta,722,1,288.29,5,1,2,8,Developing
CUST-2342,Isha Verma,542,1,163.34,4,1,1,6,Developing
CUST-2342,Kabir Patel,558,1,76.86,4,1,1,6,Developing
CUST-2343,Anaya Jha,183,1,284.48,2,1,2,5,At Risk
CUST-2343,Diya Singh,716,1,3369.72,5,1,5,11,Loyal
CUST-2344,Arjun Patel,453,1,154.39,4,1,1,6,Developing
CUST-2344,Arjun Sharma,467,1,806.3,4,1,3,8,Developing
CUST-2345,Kabir Patel,418,1,160.85,3,1,1,5,At Risk
CUST-2346,Arjun Singh,227,1,1509.35,2,1,4,7,Developing
CUST-2346,Riya Patel,469,1,147.47,4,1,1,6,Developing
CUST-2347,Isha Verma,416,1,579.13,3,1,3,7,Developing
CUST-2347,Kabir Das,132,1,441.03,1,1,2,4,At Risk
CUST-2348,Meera Roy,294,1,433.74,3,1,2,6,Developing
CUST-2349,Aditya Gupta,308,1,755.65,3,1,3,7,Developing
CUST-2350,Anaya Verma,53,1,1055.33,1,1,4,6,Developing
CUST-2350,Meera Singh,171,1,370.49,2,1,2,5,At Risk
CUST-2350,Vivaan Singh,507,1,2699.94,4,1,5,10,Loyal
CUST-2351,Kabir Roy,663,1,241.92,5,1,1,7,Developing
CUST-2351,Vivaan Verma,20,1,431.14,1,1,2,4,At Risk
CUST-2352,Aditya Sinha,313,1,1090.24,3,1,4,8,Developing
CUST-2352,Anaya Singh,86,1,33.53,1,1,1,3,At Risk
CUST-2352,Arjun Sinha,45,1,1529.27,1,1,4,6,Developing
CUST-2352,Vivaan Verma,291,1,431.51,2,1,2,5,At Risk
CUST-2353,Anaya Sharma,154,1,241.26,2,1,1,4,At Risk
CUST-2354,Aditya Patel,440,1,1817.94,4,1,4,9,Loyal
CUST-2356,Meera Das,313,1,2133.97,3,1,5,9,Loyal
CUST-2360,Aarav Verma,708,1,1682.54,5,1,4,10,Loyal
CUST-2360,Isha Singh,404,1,458.08,3,1,2,6,Developing
CUST-2360,Vivaan Gupta,24,1,110.96,1,1,1,3,At Risk
CUST-2361,Diya Sinha,102,1,3987.44,1,1,5,7,Developing
CUST-2363,Aditya Jha,470,1,1381.83,4,1,4,9,Loyal
CUST-2363,Anaya Das,277,1,149.7,2,1,1,4,At Risk
CUST-2363,Anaya Sinha,633,1,12.75,5,1,1,7,Developing
CUST-2363,Kabir Kumar,536,1,694.03,4,1,3,8,Developing
CUST-2363,Vivaan Verma,141,1,1011.67,1,1,4,6,Developing
CUST-2365,Isha Sharma,413,1,339.33,3,1,2,6,Developing
CUST-2365,Vivaan Jha,464,1,1016.76,4,1,4,9,Loyal
CUST-2366,Aarav Jha,305,1,1308.44,3,1,4,8,Developing
CUST-2366,Riya Roy,372,1,724.97,3,1,3,7,Developing
CUST-2367,Diya Sharma,215,1,2805.85,2,1,5,8,Developing
CUST-2368,Anaya Kumar,18,1,3488.16,1,1,5,7,Developing
CUST-2368,Meera Singh,44,1,597.51,1,1,3,5,At Risk
CUST-2369,Aarav Gupta,668,1,2806.32,5,1,5,11,Loyal
CUST-2369,Kabir Verma,187,1,44.8,2,1,1,4,At Risk
CUST-2370,Isha Roy,68,1,1692.75,1,1,4,6,Developing
CUST-2371,Aditya Patel,564,1,1069.8,4,1,4,9,Loyal
CUST-2371,Vivaan Das,614,1,111.3,5,1,1,7,Developing
CUST-2374,Arjun Singh,207,1,1832.77,2,1,4,7,Developing
CUST-2374,Arjun Sinha,59,1,116.77,1,1,1,3,At Risk
CUST-2375,Diya Sharma,115,1,991.69,1,1,4,6,Developing
CUST-2376,Meera Gupta,63,1,415.35,1,1,2,4,At Risk
CUST-2376,Vivaan Roy,217,1,803.26,2,1,3,6,Developing
CUST-2376,Vivaan Singh,192,1,566.88,2,1,3,6,Developing
CUST-2377,Arjun Gupta,34,1,954.37,1,1,4,6,Developing
CUST-2379,Arjun Gupta,461,1,16.59,4,1,1,6,Developing
CUST-2380,Riya Jha,345,1,264.41,3,1,2,6,Developing
CUST-2381,Arjun Jha,701,1,270.72,5,1,2,8,Developing
CUST-2381,Arjun Sinha,360,1,413.12,3,1,2,6,Developing
CUST-2382,Vivaan Roy,236,1,1947.64,2,1,5,8,Developing
CUST-2383,Arjun Singh,430,1,1014.66,3,1,4,8,Developing
CUST-2383,Meera Sharma,443,1,2705.92,4,1,5,10,Loyal
CUST-2383,Vivaan Patel,673,1,2495.48,5,1,5,11,Loyal
CUST-2384,Aditya Das,538,1,244.38,4,1,2,7,Developing
CUST-2384,Anaya Jha,288,1,1506.81,2,1,4,7,Developing
CUST-2385,Arjun Das,561,1,128.66,4,1,1,6,Developing
CUST-2385,Kabir Roy,52,1,2007.92,1,1,5,7,Developing
CUST-2386,Meera Das,190,1,4584.55,2,1,5,8,Developing
CUST-2386,Vivaan Jha,134,1,5912.01,1,1,5,7,Developing
CUST-2387,Anaya Gupta,563,1,839.03,4,1,3,8,Developing
CUST-2388,Diya Gupta,432,1,969.73,3,1,4,8,Developing
CUST-2388,Riya Sharma,152,1,144.57,2,1,1,4,At Risk
CUST-2389,Aditya Patel,231,1,532.37,2,1,3,6,Developing
CUST-2389,Arjun Gupta,689,1,229.15,5,1,1,7,Developing
CUST-2391,Aarav Jha,402,1,800.97,3,1,3,7,Developing
CUST-2392,Vivaan Verma,695,1,715.3,5,1,3,9,Loyal
CUST-2393,Aarav Verma,51,1,479.23,1,1,2,4,At Risk
CUST-2393,Isha Jha,313,1,1504.68,3,1,4,8,Developing
CUST-2393,Meera Sharma,483,1,34.61,4,1,1,6,Developing
CUST-2393,Vivaan Roy,456,1,412.46,4,1,2,7,Developing
CUST-2393,Vivaan Verma,174,1,727.48,2,1,3,6,Developing
CUST-2394,Diya Roy,449,1,309.55,4,1,2,7,Developing
CUST-2395,Aditya Sinha,297,1,229.34,3,1,1,5,At Risk
CUST-2399,Meera Sinha,217,1,205.48,2,1,1,4,At Risk
CUST-2400,Aditya Roy,392,1,932.1,3,1,3,7,Developing
CUST-2401,Diya Roy,254,2,2780.23,2,5,5,12,Champions
CUST-2401,Vivaan Patel,538,1,464.76,4,1,2,7,Developing
CUST-2402,Aditya Jha,73,1,3136.89,1,1,5,7,Developing
CUST-2402,Isha Kumar,19,1,3483.42,1,1,5,7,Developing
CUST-2403,Aditya Jha,13,1,61.62,1,1,1,3,At Risk
CUST-2403,Isha Patel,53,1,101.97,1,1,1,3,At Risk
CUST-2403,Meera Jha,703,1,1520.52,5,1,4,10,Loyal
CUST-2405,Isha Jha,688,1,4841.87,5,1,5,11,Loyal
CUST-2405,Vivaan Verma,702,1,141.35,5,1,1,7,Developing
CUST-2406,Aarav Jha,78,1,288.56,1,1,2,4,At Risk
CUST-2406,Diya Verma,392,1,531.19,3,1,3,7,Developing
CUST-2407,Aarav Sharma,162,1,1211.22,2,1,4,7,Developing
CUST-2407,Arjun Verma,263,1,932.03,2,1,3,6,Developing
CUST-2408,Diya Sinha,510,1,3807.79,4,1,5,10,Loyal
CUST-2409,Isha Das,615,1,425.45,5,1,2,8,Developing
CUST-2409,Kabir Jha,694,1,160.73,5,1,1,7,Developing
CUST-2410,Diya Das,415,1,2548.74,3,1,5,9,Loyal
CUST-2410,Diya Jha,204,1,544.37,2,1,3,6,Developing
CUST-2413,Diya Sharma,142,1,245.08,1,1,2,4,At Risk
CUST-2414,Kabir Das,360,1,573.43,3,1,3,7,Developing
CUST-2415,Anaya Jha,268,1,152.3,2,1,1,4,At Risk
CUST-2415,Isha Sinha,510,1,563.3,4,1,3,8,Developing
CUST-2416,Aditya Jha,602,1,180.12,5,1,1,7,Developing
CUST-2416,Arjun Sharma,161,1,901.12,2,1,3,6,Developing
CUST-2417,Diya Jha,695,1,1483.25,5,1,4,10,Loyal
CUST-2417,Kabir Kumar,548,1,484.0,4,1,2,7,Developing
CUST-2418,Aarav Patel,15,1,865.69,1,1,3,5,At Risk
CUST-2418,Aditya Verma,623,1,73.39,5,1,1,7,Developing
CUST-2418,Kabir Sharma,401,1,1474.77,3,1,4,8,Developing
CUST-2418,Meera Sinha,14,1,849.14,1,1,3,5,At Risk
CUST-2419,Meera Sharma,102,1,1705.75,1,1,4,6,Developing
CUST-2421,Arjun Patel,420,1,3219.18,3,1,5,9,Loyal
CUST-2422,Kabir Sinha,420,1,281.71,3,1,2,6,Developing
CUST-2424,Meera Verma,380,1,3177.89,3,1,5,9,Loyal
CUST-2425,Kabir Roy,60,1,774.2,1,1,3,5,At Risk
CUST-2425,Meera Gupta,721,1,2478.76,5,1,5,11,Loyal
CUST-2426,Arjun Patel,677,1,83.31,5,1,1,7,Developing
CUST-2426,Isha Kumar,389,1,1898.36,3,1,4,8,Developing
CUST-2427,Anaya Das,296,1,284.33,3,1,2,6,Developing
CUST-2427,Diya Gupta,35,1,80.48,1,1,1,3,At Risk
CUST-2429,Arjun Jha,143,1,1600.79,1,1,4,6,Developing
CUST-2429,Diya Kumar,365,1,224.31,3,1,1,5,At Risk
CUST-2430,Meera Das,692,1,454.17,5,1,2,8,Developing
CUST-2433,Aarav Sharma,231,1,674.12,2,1,3,6,Developing
CUST-2433,Isha Kumar,665,1,135.8,5,1,1,7,Developing
CUST-2433,Isha Sinha,262,1,2015.59,2,1,5,8,Developing
CUST-2434,Anaya Sinha,174,1,322.99,2,1,2,5,At Risk
CUST-2434,Diya Kumar,590,1,377.11,5,1,2,8,Developing
CUST-2434,Vivaan Jha,492,1,138.86,4,1,1,6,Developing
CUST-2436,Riya Sharma,195,1,431.55,2,1,2,5,At Risk
CUST-2437,Aditya Patel,676,1,252.76,5,1,2,8,Developing
CUST-2437,Diya Patel,334,1,354.82,3,1,2,6,Developing
CUST-2438,Aarav Singh,434,1,243.48,3,1,1,5,At Risk
CUST-2438,Vivaan Jha,563,1,279.79,4,1,2,7,Developing
CUST-2439,Aditya Sinha,59,1,719.09,1,1,3,5,At Risk
CUST-2439,Anaya Jha,280,1,1024.64,2,1,4,7,Developing
CUST-2439,Meera Sinha,518,1,272.31,4,1,2,7,Developing
CUST-2439,Riya Sinha,269,1,550.72,2,1,3,6,Developing
CUST-2440,Aarav Sharma,340,1,697.66,3,1,3,7,Developing
CUST-2443,Anaya Das,695,1,741.35,5,1,3,9,Loyal
CUST-2443,Diya Roy,698,1,537.14,5,1,3,9,Loyal
CUST-2443,Vivaan Das,324,1,243.1,3,1,1,5,At Risk
CUST-2444,Diya Sharma,266,1,3534.36,2,1,5,8,Developing
CUST-2444,Riya Singh,165,1,513.75,2,1,2,5,At Risk
CUST-2445,Arjun Kumar,724,1,221.25,5,1,1,7,Developing
CUST-2447,Arjun Singh,672,1,387.16,5,1,2,8,Developing
CUST-2448,Aditya Das,327,1,710.03,3,1,3,7,Developing
CUST-2449,Riya Verma,422,1,279.91,3,1,2,6,Developing
CUST-2452,Anaya Sinha,713,1,1326.13,5,1,4,10,Loyal
CUST-2452,Arjun Patel,329,1,294.9,3,1,2,6,Developing
CUST-2453,Diya Sinha,424,1,3127.74,3,1,5,9,Loyal
CUST-2455,Aarav Kumar,707,1,312.14,5,1,2,8,Developing
CUST-2455,Aditya Roy,623,1,558.06,5,1,3,9,Loyal
CUST-2455,Vivaan Roy,454,1,750.29,4,1,3,8,Developing
CUST-2456,Kabir Singh,715,1,588.08,5,1,3,9,Loyal
CUST-2458,Diya Jha,559,1,3204.22,4,1,5,10,Loyal
CUST-2459,Anaya Sharma,519,1,534.89,4,1,3,8,Developing
CUST-2459,Arjun Singh,486,1,373.99,4,1,2,7,Developing
CUST-2460,Aditya Roy,464,1,437.73,4,1,2,7,Developing
CUST-2460,Arjun Jha,395,1,334.12,3,1,2,6,Developing
CUST-2460,Meera Singh,2,1,161.28,1,1,1,3,At Risk
CUST-2461,Aarav Verma,167,1,1237.65,2,1,4,7,Developing
CUST-2461,Anaya Sharma,62,1,4120.42,1,1,5,7,Developing
CUST-2461,Isha Gupta,263,1,1315.51,2,1,4,7,Developing
CUST-2461,Isha Singh,260,1,13.79,2,1,1,4,At Risk
CUST-2462,Riya Sharma,9,1,3100.02,1,1,5,7,Developing
CUST-2465,Diya Gupta,447,1,1592.04,4,1,4,9,Loyal
CUST-2466,Isha Kumar,565,1,1634.81,4,1,4,9,Loyal
CUST-2468,Aarav Sharma,282,1,978.77,2,1,4,7,Developing
CUST-2468,Isha Gupta,68,1,115.21,1,1,1,3,At Risk
CUST-2468,Vivaan Gupta,510,1,1647.46,4,1,4,9,Loyal
CUST-2469,Riya Verma,98,1,88.27,1,1,1,3,At Risk
CUST-2471,Aditya Patel,459,1,2005.76,4,1,5,10,Loyal
CUST-2471,Isha Verma,293,1,320.1,3,1,2,6,Developing
CUST-2473,Aarav Sharma,518,1,2884.8,4,1,5,10,Loyal
CUST-2473,Riya Jha,383,1,850.52,3,1,3,7,Developing
CUST-2473,Riya Sharma,574,1,57.72,4,1,1,6,Developing
CUST-2474,Aarav Gupta,331,1,54.81,3,1,1,5,At Risk
CUST-2475,Vivaan Roy,156,1,952.58,2,1,4,7,Developing
CUST-2476,Aditya Sharma,669,1,480.95,5,1,2,8,Developing
CUST-2476,Meera Sharma,458,1,576.54,4,1,3,8,Developing
CUST-2476,Riya Verma,508,1,98.5,4,1,1,6,Developing
CUST-2477,Meera Patel,104,1,125.14,1,1,1,3,At Risk
CUST-2477,Riya Patel,93,1,573.71,1,1,3,5,At Risk
CUST-2477,Riya Roy,288,1,3812.13,2,1,5,8,Developing
CUST-2478,Meera Patel,61,1,393.47,1,1,2,4,At Risk
CUST-2479,Vivaan Roy,266,1,707.86,2,1,3,6,Developing
CUST-2481,Aarav Sharma,159,1,315.84,2,1,2,5,At Risk
CUST-2482,Aditya Patel,572,1,1354.74,4,1,4,9,Loyal
CUST-2483,Anaya Patel,502,1,1157.36,4,1,4,9,Loyal
CUST-2483,Vivaan Roy,283,1,942.67,2,1,3,6,Developing
CUST-2486,Aditya Das,266,1,547.14,2,1,3,6,Developing
CUST-2486,Isha Das,487,1,908.39,4,1,3,8,Developing
CUST-2486,Meera Sinha,514,1,352.91,4,1,2,7,Developing
CUST-2487,Aarav Sharma,468,1,2417.81,4,1,5,10,Loyal
CUST-2487,Riya Patel,40,1,463.29,1,1,2,4,At Risk
CUST-2489,Aarav Singh,214,1,1860.6,2,1,4,7,Developing
CUST-2489,Isha Patel,296,1,1426.05,3,1,4,8,Developing
CUST-2490,Meera Singh,40,1,3428.5,1,1,5,7,Developing
CUST-2495,Anaya Roy,250,1,2323.41,2,1,5,8,Developing
CUST-2495,Diya Kumar,112,1,2057.97,1,1,5,7,Developing
CUST-2497,Arjun Jha,632,1,611.84,5,1,3,9,Loyal
CUST-2498,Aditya Singh,67,1,1674.74,1,1,4,6,Developing
CUST-2499,Aarav Singh,622,1,1154.58,5,1,4,10,Loyal
CUST-2499,Arjun Das,181,1,1363.0,2,1,4,7,Developing
CUST-2499,Arjun Roy,491,1,604.0,4,1,3,8,Developing
CUST-2499,Riya Singh,421,1,855.36,3,1,3,7,Developing
CUST-2500,Arjun Kumar,499,1,37.67,4,1,1,6,Developing
CUST-2500,Isha Sharma,33,1,2539.18,1,1,5,7,Developing
CUST-2500,Vivaan Verma,163,1,2728.52,2,1,5,8,Developing
CUST-2501,Arjun Kumar,571,1,1828.48,4,1,4,9,Loyal
CUST-2502,Vivaan Gupta,594,1,185.38,5,1,1,7,Developing
CUST-2503,Aditya Verma,490,1,315.59,4,1,2,7,Developing
CUST-2504,Aarav Verma,189,1,2264.22,2,1,5,8,Developing
CUST-2505,Anaya Sharma,295,1,214.54,3,1,1,5,At Risk
CUST-2505,Arjun Das,426,1,1218.36,3,1,4,8,Developing
CUST-2506,Isha Singh,314,1,254.13,3,1,2,6,Developing
CUST-2507,Isha Sharma,727,1,397.87,5,1,2,8,Developing
CUST-2508,Arjun Gupta,209,1,1289.26,2,1,4,7,Developing
CUST-2508,Vivaan Jha,74,1,288.07,1,1,2,4,At Risk
CUST-2511,Arjun Das,43,1,2891.51,1,1,5,7,Developing
CUST-2512,Aditya Patel,232,1,1659.37,2,1,4,7,Developing
CUST-2514,Aarav Singh,645,1,563.49,5,1,3,9,Loyal
CUST-2514,Aditya Verma,533,1,1552.34,4,1,4,9,Loyal
CUST-2514,Anaya Jha,236,1,1083.79,2,1,4,7,Developing
CUST-2515,Arjun Sinha,102,1,2145.88,1,1,5,7,Developing
CUST-2516,Anaya Kumar,701,1,365.05,5,1,2,8,Developing
CUST-2517,Aarav Verma,477,1,312.44,4,1,2,7,Developing
CUST-2518,Isha Verma,489,1,928.54,4,1,3,8,Developing
CUST-2518,Meera Singh,540,1,1206.05,4,1,4,9,Loyal
CUST-2519,Diya Das,462,1,294.11,4,1,2,7,Developing
CUST-2521,Diya Jha,119,1,437.73,1,1,2,4,At Risk
CUST-2522,Vivaan Das,718,1,1313.26,5,1,4,10,Loyal
CUST-2524,Anaya Patel,321,1,709.95,3,1,3,7,Developing
CUST-2524,Isha Kumar,129,1,1788.85,1,1,4,6,Developing
CUST-2524,Meera Sharma,563,1,57.35,4,1,1,6,Developing
CUST-2525,Aarav Verma,50,1,219.17,1,1,1,3,At Risk
CUST-2525,Aditya Gupta,120,1,576.59,1,1,3,5,At Risk
CUST-2525,Riya Patel,560,1,739.94,4,1,3,8,Developing
CUST-2526,Diya Kumar,693,1,1170.14,5,1,4,10,Loyal
CUST-2526,Kabir Gupta,126,1,1202.11,1,1,4,6,Developing
CUST-2528,Aditya Kumar,513,1,357.81,4,1,2,7,Developing
CUST-2528,Riya Sinha,717,1,279.5,5,1,2,8,Developing
CUST-2529,Diya Roy,620,1,552.1,5,1,3,9,Loyal
CUST-2530,Anaya Roy,466,1,76.13,4,1,1,6,Developing
CUST-2531,Aarav Verma,259,1,1621.71,2,1,4,7,Developing
CUST-2531,Anaya Singh,283,1,1076.81,2,1,4,7,Developing
CUST-2532,Anaya Gupta,511,1,891.09,4,1,3,8,Developing
CUST-2533,Arjun Kumar,316,1,508.85,3,1,2,6,Developing
CUST-2534,Anaya Roy,544,1,1468.65,4,1,4,9,Loyal
CUST-2536,Meera Jha,424,1,4754.71,3,1,5,9,Loyal
CUST-2537,Aarav Jha,476,1,548.08,4,1,3,8,Developing
CUST-2537,Diya Roy,275,1,243.66,2,1,1,4,At Risk
CUST-2539,Aditya Jha,90,1,446.45,1,1,2,4,At Risk
CUST-2540,Riya Das,406,1,1627.57,3,1,4,8,Developing
CUST-2540,Vivaan Roy,570,1,3096.48,4,1,5,10,Loyal
CUST-2541,Aditya Sharma,621,1,939.52,5,1,3,9,Loyal
CUST-2543,Aarav Roy,340,1,2209.09,3,1,5,9,Loyal
CUST-2543,Aditya Sinha,113,1,588.72,1,1,3,5,At Risk
CUST-2543,Riya Sinha,65,1,1070.57,1,1,4,6,Developing
CUST-2544,Vivaan Kumar,383,1,513.66,3,1,2,6,Developing
CUST-2545,Aarav Verma,203,1,812.38,2,1,3,6,Developing
CUST-2545,Anaya Jha,690,1,636.15,5,1,3,9,Loyal
CUST-2545,Kabir Kumar,281,1,508.8,2,1,2,5,At Risk
CUST-2546,Diya Roy,438,1,3184.6,4,1,5,10,Loyal
CUST-2546,Diya Verma,233,1,243.2,2,1,1,4,At Risk
CUST-2547,Vivaan Das,601,1,684.24,5,1,3,9,Loyal
CUST-2548,Kabir Jha,698,1,793.94,5,1,3,9,Loyal
CUST-2549,Anaya Das,55,1,4587.92,1,1,5,7,Developing
CUST-2550,Riya Gupta,724,1,3231.3,5,1,5,11,Loyal
CUST-2551,Aditya Patel,172,1,1519.72,2,1,4,7,Developing
CUST-2551,Riya Das,421,1,121.66,3,1,1,5,At Risk
CUST-2553,Arjun Gupta,327,1,1635.26,3,1,4,8,Developing
CUST-2554,Arjun Kumar,39,1,137.66,1,1,1,3,At Risk
CUST-2555,Arjun Sharma,52,1,2293.41,1,1,5,7,Developing
CUST-2555,Meera Das,145,1,458.08,1,1,2,4,At Risk
CUST-2555,Vivaan Verma,500,1,2197.26,4,1,5,10,Loyal
CUST-2558,Aditya Sinha,309,1,1455.31,3,1,4,8,Developing
CUST-2558,Arjun Gupta,367,1,3023.45,3,1,5,9,Loyal
CUST-2558,Isha Roy,130,1,818.79,1,1,3,5,At Risk
CUST-2560,Isha Gupta,45,1,2265.89,1,1,5,7,Developing
CUST-2561,Anaya Patel,386,1,2046.57,3,1,5,9,Loyal
CUST-2562,Aditya Singh,660,1,3374.06,5,1,5,11,Loyal
CUST-2562,Arjun Verma,256,1,1750.29,2,1,4,7,Developing
CUST-2562,Isha Jha,505,1,150.81,4,1,1,6,Developing
CUST-2562,Isha Roy,262,1,1252.39,2,1,4,7,Developing
CUST-2563,Diya Sinha,700,1,231.16,5,1,1,7,Developing
CUST-2564,Meera Roy,138,1,1113.96,1,1,4,6,Developing
CUST-2564,Riya Roy,161,1,1539.7,2,1,4,7,Developing
CUST-2565,Anaya Verma,321,1,53.11,3,1,1,5,At Risk
CUST-2565,Kabir Sinha,387,1,44.12,3,1,1,5,At Risk
CUST-2565,Meera Patel,122,2,452.89,1,5,2,8,Developing
CUST-2565,Vivaan Sharma,348,1,1726.16,3,1,4,8,Developing
CUST-2568,Riya Singh,272,1,755.04,2,1,3,6,Developing
CUST-2572,Aarav Sharma,55,1,645.64,1,1,3,5,At Risk
CUST-2572,Riya Sinha,516,1,66.2,4,1,1,6,Developing
CUST-2573,Aarav Singh,175,1,145.58,2,1,1,4,At Risk
CUST-2575,Anaya Das,534,1,493.11,4,1,2,7,Developing
CUST-2575,Kabir Kumar,340,1,1065.91,3,1,4,8,Developing
CUST-2576,Diya Sharma,702,1,834.07,5,1,3,9,Loyal
CUST-2578,Anaya Jha,601,1,151.72,5,1,1,7,Developing
CUST-2579,Kabir Patel,659,1,601.74,5,1,3,9,Loyal
CUST-2579,Vivaan Sharma,479,1,3426.22,4,1,5,10,Loyal
CUST-2580,Anaya Patel,372,1,100.65,3,1,1,5,At Risk
CUST-2581,Aditya Sharma,285,1,306.76,2,1,2,5,At Risk
CUST-2581,Riya Das,248,1,462.75,2,1,2,5,At Risk
CUST-2582,Aarav Kumar,289,1,87.2,2,1,1,4,At Risk
CUST-2583,Arjun Patel,590,1,124.38,5,1,1,7,Developing
CUST-2584,Aditya Sharma,251,1,80.25,2,1,1,4,At Risk
CUST-2585,Aarav Sharma,665,1,95.54,5,1,1,7,Developing
CUST-2585,Arjun Patel,117,1,325.01,1,1,2,4,At Risk
CUST-2587,Kabir Gupta,454,1,481.07,4,1,2,7,Developing
CUST-2588,Anaya Sharma,602,1,198.08,5,1,1,7,Developing
CUST-2588,Meera Sinha,680,1,602.39,5,1,3,9,Loyal
CUST-2588,Vivaan Das,217,1,276.63,2,1,2,5,At Risk
CUST-2590,Isha Sinha,501,1,205.37,4,1,1,6,Developing
CUST-2590,Kabir Jha,512,1,353.07,4,1,2,7,Developing
CUST-2592,Anaya Gupta,537,1,861.27,4,1,3,8,Developing
CUST-2593,Anaya Singh,236,1,2564.53,2,1,5,8,Developing
CUST-2593,Arjun Kumar,550,1,1058.22,4,1,4,9,Loyal
CUST-2594,Meera Verma,243,1,3179.68,2,1,5,8,Developing
CUST-2595,Riya Roy,37,1,52.65,1,1,1,3,At Risk
CUST-2596,Anaya Sharma,449,1,2765.9,4,1,5,10,Loyal
CUST-2597,Meera Verma,143,1,716.92,1,1,3,5,At Risk
CUST-2598,Aarav Verma,659,1,1391.41,5,1,4,10,Loyal
CUST-2598,Anaya Patel,557,1,1067.87,4,1,4,9,Loyal
CUST-2600,Arjun Kumar,163,1,1688.65,2,1,4,7,Developing
CUST-2600,Kabir Jha,254,1,1154.59,2,1,4,7,Developing
CUST-2600,Kabir Roy,406,1,4467.84,3,1,5,9,Loyal
CUST-2600,Kabir Singh,665,1,330.69,5,1,2,8,Developing
CUST-2601,Aditya Verma,349,1,295.06,3,1,2,6,Developing
CUST-2602,Anaya Kumar,275,1,320.92,2,1,2,5,At Risk
CUST-2603,Aditya Kumar,443,1,168.75,4,1,1,6,Developing
CUST-2603,Kabir Patel,540,1,398.04,4,1,2,7,Developing
CUST-2603,Kabir Singh,402,1,357.82,3,1,2,6,Developing
CUST-2603,Meera Patel,77,1,381.15,1,1,2,4,At Risk
CUST-2604,Diya Gupta,485,1,109.51,4,1,1,6,Developing
CUST-2604,Vivaan Das,491,1,152.87,4,1,1,6,Developing
CUST-2604,Vivaan Gupta,336,1,1023.5,3,1,4,8,Developing
CUST-2605,Arjun Verma,331,1,338.71,3,1,2,6,Developing
CUST-2605,Riya Singh,268,1,610.01,2,1,3,6,Developing
CUST-2607,Aditya Kumar,489,1,42.86,4,1,1,6,Developing
CUST-2607,Arjun Sharma,38,1,1978.48,1,1,5,7,Developing
CUST-2608,Anaya Das,584,1,273.15,5,1,2,8,Developing
CUST-2609,Isha Gupta,318,1,267.71,3,1,2,6,Developing
CUST-2609,Riya Roy,520,1,3326.0,4,1,5,10,Loyal
CUST-2610,Aarav Jha,479,1,96.39,4,1,1,6,Developing
CUST-2610,Diya Jha,602,1,93.09,5,1,1,7,Developing
CUST-2610,Meera Verma,60,1,122.61,1,1,1,3,At Risk
CUST-2611,Aditya Singh,602,1,2365.71,5,1,5,11,Loyal
CUST-2611,Anaya Patel,247,1,1641.45,2,1,4,7,Developing
CUST-2611,Diya Roy,123,1,631.82,1,1,3,5,At Risk
CUST-2611,Vivaan Kumar,334,1,337.47,3,1,2,6,Developing
CUST-2613,Anaya Patel,353,1,774.96,3,1,3,7,Developing
CUST-2613,Isha Jha,263,1,77.95,2,1,1,4,At Risk
CUST-2614,Arjun Sinha,356,1,2448.73,3,1,5,9,Loyal
CUST-2615,Arjun Sharma,544,1,3008.52,4,1,5,10,Loyal
CUST-2616,Aarav Singh,228,1,2867.22,2,1,5,8,Developing
CUST-2617,Aarav Gupta,702,1,3716.78,5,1,5,11,Loyal
CUST-2617,Aarav Singh,225,1,138.27,2,1,1,4,At Risk
CUST-2617,Aditya Das,438,1,537.94,4,1,3,8,Developing
CUST-2617,Kabir Gupta,671,1,60.51,5,1,1,7,Developing
CUST-2617,Meera Sharma,394,1,1020.44,3,1,4,8,Developing
CUST-2620,Aarav Jha,645,1,1496.75,5,1,4,10,Loyal
CUST-2620,Arjun Gupta,125,1,278.28,1,1,2,4,At Risk
CUST-2620,Riya Singh,235,1,1259.75,2,1,4,7,Developing
CUST-2621,Kabir Verma,50,1,1259.37,1,1,4,6,Developing
CUST-2622,Aarav Gupta,374,1,175.05,3,1,1,5,At Risk
CUST-2624,Vivaan Sinha,588,1,251.23,5,1,2,8,Developing
CUST-2625,Anaya Sharma,531,1,2596.55,4,1,5,10,Loyal
CUST-2627,Isha Verma,425,1,4448.67,3,1,5,9,Loyal
CUST-2629,Isha Roy,668,1,565.33,5,1,3,9,Loyal
CUST-2629,Vivaan Kumar,98,1,1998.89,1,1,5,7,Developing
CUST-2631,Aditya Roy,500,1,1160.19,4,1,4,9,Loyal
CUST-2631,Anaya Das,409,1,30.41,3,1,1,5,At Risk
CUST-2632,Isha Kumar,627,1,7.1,5,1,1,7,Developing
CUST-2633,Diya Roy,18,1,86.14,1,1,1,3,At Risk
CUST-2633,Kabir Verma,377,1,734.79,3,1,3,7,Developing
CUST-2633,Vivaan Jha,412,1,526.83,3,1,3,7,Developing
CUST-2634,Isha Kumar,668,1,594.23,5,1,3,9,Loyal
CUST-2635,Meera Verma,644,1,2972.07,5,1,5,11,Loyal
CUST-2637,Diya Jha,103,1,799.65,1,1,3,5,At Risk
CUST-2637,Isha Verma,266,1,242.15,2,1,1,4,At Risk
CUST-2637,Meera Jha,689,1,188.49,5,1,1,7,Developing
CUST-2638,Aditya Roy,636,1,736.55,5,1,3,9,Loyal
CUST-2639,Diya Patel,285,1,845.81,2,1,3,6,Developing
CUST-2639,Meera Kumar,615,1,1383.84,5,1,4,10,Loyal
CUST-2640,Riya Kumar,669,1,2448.42,5,1,5,11,Loyal
CUST-2643,Vivaan Roy,155,1,82.91,2,1,1,4,At Risk
CUST-2643,Vivaan Verma,276,1,363.21,2,1,2,5,At Risk
CUST-2645,Aditya Patel,429,1,2988.98,3,1,5,9,Loyal
CUST-2645,Arjun Sharma,448,1,1555.88,4,1,4,9,Loyal
CUST-2645,Kabir Sharma,723,1,530.38,5,1,3,9,Loyal
CUST-2646,Kabir Das,447,1,1296.02,4,1,4,9,Loyal
CUST-2646,Meera Roy,692,1,374.31,5,1,2,8,Developing
CUST-2647,Anaya Sharma,490,2,3009.9399999999996,4,5,5,14,Champions
CUST-2647,Riya Jha,90,1,4802.64,1,1,5,7,Developing
CUST-2649,Meera Singh,72,1,2846.46,1,1,5,7,Developing
CUST-2649,Vivaan Roy,713,1,167.53,5,1,1,7,Developing
CUST-2650,Kabir Sinha,474,1,1508.98,4,1,4,9,Loyal
CUST-2652,Diya Roy,139,1,933.27,1,1,3,5,At Risk
CUST-2652,Kabir Das,375,1,2103.18,3,1,5,9,Loyal
CUST-2653,Aarav Gupta,337,1,509.64,3,1,2,6,Developing
CUST-2653,Meera Singh,258,1,1128.83,2,1,4,7,Developing
CUST-2655,Isha Jha,164,1,1444.13,2,1,4,7,Developing
CUST-2655,Meera Roy,316,1,744.19,3,1,3,7,Developing
CUST-2655,Riya Verma,585,1,117.19,5,1,1,7,Developing
CUST-2656,Aditya Gupta,530,1,1654.64,4,1,4,9,Loyal
CUST-2657,Aditya Jha,456,1,2949.92,4,1,5,10,Loyal
CUST-2657,Arjun Kumar,346,1,333.84,3,1,2,6,Developing
CUST-2658,Arjun Gupta,683,1,485.13,5,1,2,8,Developing
CUST-2658,Arjun Jha,210,1,3222.87,2,1,5,8,Developing
CUST-2658,Kabir Kumar,252,1,990.19,2,1,4,7,Developing
CUST-2660,Aditya Sinha,596,1,875.31,5,1,3,9,Loyal
CUST-2663,Aarav Roy,346,1,517.52,3,1,2,6,Developing
CUST-2663,Diya Jha,98,1,435.26,1,1,2,4,At Risk
CUST-2664,Riya Das,486,1,945.48,4,1,3,8,Developing
CUST-2664,Riya Kumar,380,1,79.54,3,1,1,5,At Risk
CUST-2665,Aditya Roy,96,1,235.78,1,1,1,3,At Risk
CUST-2666,Aarav Patel,442,1,876.16,4,1,3,8,Developing
CUST-2666,Meera Patel,83,1,278.13,1,1,2,4,At Risk
CUST-2667,Aarav Verma,211,1,733.27,2,1,3,6,Developing
CUST-2667,Kabir Verma,496,1,78.98,4,1,1,6,Developing
CUST-2668,Arjun Das,450,1,515.75,4,1,2,7,Developing
CUST-2668,Vivaan Sharma,167,1,1163.37,2,1,4,7,Developing
CUST-2669,Isha Roy,385,1,937.85,3,1,3,7,Developing
CUST-2671,Kabir Das,663,1,956.35,5,1,4,10,Loyal
CUST-2674,Anaya Singh,220,1,315.92,2,1,2,5,At Risk
CUST-2674,Kabir Verma,628,1,1883.97,5,1,4,10,Loyal
CUST-2674,Vivaan Verma,606,1,566.38,5,1,3,9,Loyal
CUST-2675,Diya Patel,216,1,1229.44,2,1,4,7,Developing
CUST-2675,Kabir Kumar,157,1,736.97,2,1,3,6,Developing
CUST-2677,Aditya Das,93,1,521.05,1,1,2,4,At Risk
CUST-2677,Aditya Roy,526,1,570.3,4,1,3,8,Developing
CUST-2677,Kabir Kumar,667,1,1750.48,5,1,4,10,Loyal
CUST-2677,Vivaan Jha,676,1,590.34,5,1,3,9,Loyal
CUST-2678,Aarav Gupta,536,1,624.24,4,1,3,8,Developing
CUST-2678,Aditya Roy,262,1,734.37,2,1,3,6,Developing
CUST-2678,Meera Sharma,177,1,26.56,2,1,1,4,At Risk
CUST-2679,Anaya Kumar,96,1,1482.18,1,1,4,6,Developing
CUST-2680,Aditya Patel,716,1,275.93,5,1,2,8,Developing
CUST-2680,Isha Singh,360,1,587.79,3,1,3,7,Developing
CUST-2681,Vivaan Jha,493,1,1095.69,4,1,4,9,Loyal
CUST-2683,Diya Singh,155,1,3805.2,2,1,5,8,Developing
CUST-2685,Aarav Singh,409,1,530.41,3,1,3,7,Developing
CUST-2685,Diya Das,520,1,1559.39,4,1,4,9,Loyal
CUST-2685,Kabir Jha,471,1,59.03,4,1,1,6,Developing
CUST-2685,Meera Gupta,691,1,2130.25,5,1,5,11,Loyal
CUST-2685,Riya Sharma,458,1,204.94,4,1,1,6,Developing
CUST-2687,Diya Sinha,534,1,1499.15,4,1,4,9,Loyal
CUST-2688,Arjun Patel,233,1,563.42,2,1,3,6,Developing
CUST-2690,Aditya Patel,399,1,401.67,3,1,2,6,Developing
CUST-2690,Kabir Jha,469,1,14.46,4,1,1,6,Developing
CUST-2691,Anaya Gupta,443,1,1221.33,4,1,4,9,Loyal
CUST-2691,Vivaan Roy,645,1,357.61,5,1,2,8,Developing
CUST-2693,Kabir Jha,566,1,422.37,4,1,2,7,Developing
CUST-2695,Diya Roy,94,1,2489.74,1,1,5,7,Developing
CUST-2696,Aditya Gupta,385,1,1527.04,3,1,4,8,Developing
CUST-2696,Kabir Verma,427,1,126.78,3,1,1,5,At Risk
CUST-2698,Arjun Verma,388,1,1825.91,3,1,4,8,Developing
CUST-2698,Isha Sharma,223,1,351.47,2,1,2,5,At Risk
CUST-2699,Aditya Sharma,658,1,170.21,5,1,1,7,Developing
CUST-2700,Arjun Roy,530,1,1744.0,4,1,4,9,Loyal
CUST-2701,Arjun Gupta,237,1,1369.96,2,1,4,7,Developing
CUST-2702,Anaya Roy,333,1,396.49,3,1,2,6,Developing
CUST-2703,Aditya Jha,593,1,1170.82,5,1,4,10,Loyal
CUST-2704,Aditya Verma,419,1,276.74,3,1,2,6,Developing
CUST-2705,Aditya Kumar,495,1,258.6,4,1,2,7,Developing
CUST-2705,Aditya Sharma,320,1,1010.45,3,1,4,8,Developing
CUST-2705,Isha Sharma,17,1,1041.25,1,1,4,6,Developing
CUST-2707,Riya Jha,610,1,1320.23,5,1,4,10,Loyal
CUST-2710,Arjun Patel,203,1,1696.76,2,1,4,7,Developing
CUST-2711,Arjun Verma,723,1,254.78,5,1,2,8,Developing
CUST-2711,Isha Kumar,116,1,1214.0,1,1,4,6,Developing
CUST-2712,Diya Sinha,204,1,2100.85,2,1,5,8,Developing
CUST-2713,Meera Jha,5,1,673.02,1,1,3,5,At Risk
CUST-2715,Kabir Das,89,1,2138.76,1,1,5,7,Developing
CUST-2719,Arjun Sinha,572,1,198.74,4,1,1,6,Developing
CUST-2721,Diya Jha,465,1,2821.16,4,1,5,10,Loyal
CUST-2721,Meera Sinha,278,1,2063.61,2,1,5,8,Developing
CUST-2723,Meera Gupta,297,1,1229.12,3,1,4,8,Developing
CUST-2724,Isha Roy,352,1,81.84,3,1,1,5,At Risk
CUST-2725,Aarav Sinha,101,1,144.24,1,1,1,3,At Risk
CUST-2725,Meera Singh,622,1,3045.07,5,1,5,11,Loyal
CUST-2725,Vivaan Patel,323,1,347.04,3,1,2,6,Developing
CUST-2726,Aarav Sinha,564,1,120.53,4,1,1,6,Developing
CUST-2726,Aditya Sinha,265,1,530.26,2,1,3,6,Developing
CUST-2726,Anaya Singh,587,1,2323.24,5,1,5,11,Loyal
CUST-2726,Isha Singh,532,1,3720.01,4,1,5,10,Loyal
CUST-2728,Aarav Verma,640,1,396.02,5,1,2,8,Developing
CUST-2729,Arjun Sharma,579,1,1101.42,4,1,4,9,Loyal
CUST-2730,Arjun Jha,184,1,277.42,2,1,2,5,At Risk
CUST-2730,Isha Jha,238,1,1706.61,2,1,4,7,Developing
CUST-2730,Riya Verma,656,1,1095.04,5,1,4,10,Loyal
CUST-2731,Anaya Sharma,122,1,1032.19,1,1,4,6,Developing
CUST-2732,Aarav Patel,184,1,59.39,2,1,1,4,At Risk
CUST-2732,Isha Sinha,292,1,90.85,2,1,1,4,At Risk
CUST-2733,Vivaan Singh,260,1,1220.03,2,1,4,7,Developing
CUST-2734,Aarav Sinha,388,1,490.2,3,1,2,6,Developing
CUST-2735,Anaya Gupta,61,1,802.84,1,1,3,5,At Risk
CUST-2735,Riya Das,600,1,237.67,5,1,1,7,Developing
CUST-2737,Aditya Patel,309,1,414.37,3,1,2,6,Developing
CUST-2737,Aditya Roy,398,1,530.73,3,1,3,7,Developing
CUST-2740,Aditya Patel,346,1,479.76,3,1,2,6,Developing
CUST-2740,Isha Singh,385,1,2746.07,3,1,5,9,Loyal
CUST-2740,Meera Verma,244,1,493.52,2,1,2,5,At Risk
CUST-2741,Anaya Verma,280,1,234.65,2,1,1,4,At Risk
CUST-2742,Arjun Das,432,1,607.69,3,1,3,7,Developing
CUST-2743,Anaya Gupta,661,1,213.71,5,1,1,7,Developing
CUST-2743,Arjun Patel,453,1,5058.29,4,1,5,10,Loyal
CUST-2743,Diya Sinha,642,1,3739.34,5,1,5,11,Loyal
CUST-2743,Riya Singh,389,1,979.61,3,1,4,8,Developing
CUST-2744,Arjun Verma,404,1,846.14,3,1,3,7,Developing
CUST-2744,Riya Roy,39,1,453.8,1,1,2,4,At Risk
CUST-2745,Diya Verma,461,1,2914.3,4,1,5,10,Loyal
CUST-2746,Vivaan Patel,87,1,261.75,1,1,2,4,At Risk
CUST-2748,Anaya Roy,343,1,2729.68,3,1,5,9,Loyal
CUST-2749,Arjun Patel,209,1,1878.2,2,1,4,7,Developing
CUST-2749,Arjun Sinha,700,1,1849.89,5,1,4,10,Loyal
CUST-2749,Vivaan Singh,263,1,307.78,2,1,2,5,At Risk
CUST-2750,Anaya Jha,125,1,519.23,1,1,2,4,At Risk
CUST-2750,Isha Verma,449,1,1356.89,4,1,4,9,Loyal
CUST-2750,Meera Gupta,391,1,787.98,3,1,3,7,Developing
CUST-2750,Vivaan Patel,23,1,731.45,1,1,3,5,At Risk
CUST-2751,Aarav Patel,271,1,768.09,2,1,3,6,Developing
CUST-2751,Anaya Sinha,311,1,436.09,3,1,2,6,Developing
CUST-2751,Diya Roy,18,1,956.42,1,1,4,6,Developing
CUST-2752,Arjun Jha,379,1,771.42,3,1,3,7,Developing
CUST-2754,Aditya Sharma,81,1,272.73,1,1,2,4,At Risk
CUST-2754,Anaya Das,250,1,1896.71,2,1,4,7,Developing
CUST-2754,Kabir Roy,326,1,1291.59,3,1,4,8,Developing
CUST-2755,Arjun Roy,78,1,466.87,1,1,2,4,At Risk
CUST-2755,Vivaan Jha,527,1,350.64,4,1,2,7,Developing
CUST-2756,Aarav Das,695,1,429.49,5,1,2,8,Developing
CUST-2756,Riya Patel,250,1,261.75,2,1,2,5,At Risk
CUST-2757,Arjun Gupta,501,1,1710.79,4,1,4,9,Loyal
CUST-2758,Aditya Singh,198,1,1471.89,2,1,4,7,Developing
CUST-2758,Meera Kumar,347,1,1116.17,3,1,4,8,Developing
CUST-2759,Aditya Sinha,143,1,268.83,1,1,2,4,At Risk
CUST-2759,Meera Verma,501,1,2540.83,4,1,5,10,Loyal
CUST-2759,Riya Gupta,113,1,811.8,1,1,3,5,At Risk
CUST-2760,Meera Sinha,403,1,1001.13,3,1,4,8,Developing
CUST-2762,Diya Verma,579,1,1659.61,4,1,4,9,Loyal
CUST-2762,Meera Patel,45,1,66.7,1,1,1,3,At Risk
CUST-2762,Vivaan Kumar,335,1,1307.22,3,1,4,8,Developing
CUST-2763,Meera Roy,546,1,1280.09,4,1,4,9,Loyal
CUST-2763,Riya Jha,207,1,1077.48,2,1,4,7,Developing
CUST-2764,Arjun Jha,683,1,3936.88,5,1,5,11,Loyal
CUST-2764,Vivaan Das,135,1,1268.93,1,1,4,6,Developing
CUST-2765,Riya Verma,254,1,65.92,2,1,1,4,At Risk
CUST-2767,Riya Roy,72,1,129.32,1,1,1,3,At Risk
CUST-2769,Diya Singh,83,1,1070.52,1,1,4,6,Developing
CUST-2771,Arjun Verma,419,1,372.76,3,1,2,6,Developing
CUST-2772,Vivaan Gupta,129,1,276.75,1,1,2,4,At Risk
CUST-2772,Vivaan Patel,226,1,992.88,2,1,4,7,Developing
CUST-2773,Vivaan Patel,322,1,368.62,3,1,2,6,Developing
CUST-2774,Aarav Verma,398,1,254.56,3,1,2,6,Developing
CUST-2774,Aditya Das,212,1,926.97,2,1,3,6,Developing
CUST-2775,Aarav Patel,376,1,104.35,3,1,1,5,At Risk
CUST-2775,Arjun Sharma,684,1,16.72,5,1,1,7,Developing
CUST-2777,Aditya Sinha,439,1,137.54,4,1,1,6,Developing
CUST-2777,Meera Singh,401,1,108.86,3,1,1,5,At Risk
CUST-2778,Kabir Das,531,1,579.41,4,1,3,8,Developing
CUST-2780,Anaya Kumar,459,1,362.61,4,1,2,7,Developing
CUST-2780,Arjun Das,471,1,622.7,4,1,3,8,Developing
CUST-2780,Kabir Kumar,414,1,277.55,3,1,2,6,Developing
CUST-2780,Vivaan Patel,560,1,153.99,4,1,1,6,Developing
CUST-2781,Aarav Singh,31,1,696.33,1,1,3,5,At Risk
CUST-2781,Arjun Roy,673,1,5267.86,5,1,5,11,Loyal
CUST-2783,Aarav Patel,411,1,295.95,3,1,2,6,Developing
CUST-2783,Diya Sinha,301,1,908.47,3,1,3,7,Developing
CUST-2784,Aarav Singh,536,1,1880.81,4,1,4,9,Loyal
CUST-2784,Kabir Das,162,1,3316.57,2,1,5,8,Developing
CUST-2785,Vivaan Sinha,527,1,426.28,4,1,2,7,Developing
CUST-2787,Anaya Jha,373,1,1092.69,3,1,4,8,Developing
CUST-2789,Vivaan Das,502,1,457.64,4,1,2,7,Developing
CUST-2790,Meera Patel,548,1,278.8,4,1,2,7,Developing
CUST-2790,Riya Roy,11,1,1188.66,1,1,4,6,Developing
CUST-2791,Aditya Verma,461,1,1807.04,4,2,4,10,Loyal
CUST-2793,Arjun Singh,141,1,698.74,1,2,3,6,Developing
CUST-2793,Kabir Kumar,455,1,654.91,4,2,3,9,Loyal
CUST-2793,Riya Patel,579,1,339.38,4,2,2,8,Developing
CUST-2794,Aditya Gupta,278,1,471.75,2,2,2,6,Developing
CUST-2794,Anaya Das,658,1,231.85,5,2,1,8,Developing
CUST-2794,Riya Patel,112,1,136.9,1,2,1,4,At Risk
CUST-2795,Aditya Patel,644,1,3461.47,5,2,5,12,Champions
CUST-2795,Anaya Sinha,305,1,2873.31,3,2,5,10,Loyal
CUST-2796,Diya Gupta,36,1,5572.07,1,2,5,8,Developing
CUST-2796,Vivaan Verma,59,1,858.35,1,2,3,6,Developing
CUST-2797,Anaya Das,615,1,117.28,5,2,1,8,Developing
CUST-2797,Anaya Singh,419,1,100.46,3,2,1,6,Developing
CUST-2797,Meera Sharma,670,1,662.87,5,2,3,10,Loyal
CUST-2800,Anaya Gupta,76,1,83.04,1,2,1,4,At Risk
CUST-2803,Aditya Das,619,1,1171.04,5,2,4,11,Loyal
CUST-2805,Aarav Das,210,1,3026.13,2,2,5,9,Loyal
CUST-2805,Vivaan Sharma,297,1,2076.88,3,2,5,10,Loyal
CUST-2806,Anaya Sharma,29,1,85.61,1,2,1,4,At Risk
CUST-2806,Meera Verma,110,1,1281.41,1,2,4,7,Developing
CUST-2809,Aditya Kumar,277,1,1430.66,2,2,4,8,Developing
CUST-2809,Diya Verma,542,1,617.19,4,2,3,9,Loyal
CUST-2809,Riya Roy,615,1,852.85,5,2,3,10,Loyal
CUST-2810,Isha Sinha,149,1,204.98,2,2,1,5,At Risk
CUST-2811,Aditya Gupta,527,1,568.73,4,2,3,9,Loyal
CUST-2811,Vivaan Singh,595,1,132.88,5,2,1,8,Developing
CUST-2813,Anaya Jha,163,1,731.9,2,2,3,7,Developing
CUST-2813,Isha Patel,648,1,6.81,5,2,1,8,Developing
CUST-2813,Meera Verma,5,1,826.71,1,2,3,6,Developing
CUST-2814,Aarav Jha,613,1,561.02,5,2,3,10,Loyal
CUST-2814,Anaya Gupta,709,1,1167.14,5,2,4,11,Loyal
CUST-2814,Kabir Gupta,181,1,3251.9,2,2,5,9,Loyal
CUST-2816,Aditya Das,160,1,1596.63,2,2,4,8,Developing
CUST-2816,Arjun Verma,425,1,658.33,3,2,3,8,Developing
CUST-2817,Aditya Sinha,8,1,1598.71,1,2,4,7,Developing
CUST-2817,Kabir Patel,597,1,759.75,5,2,3,10,Loyal
CUST-2818,Aarav Das,405,1,1941.74,3,2,5,10,Loyal
CUST-2819,Arjun Das,322,1,146.22,3,2,1,6,Developing
CUST-2819,Riya Sharma,431,1,1499.42,3,2,4,9,Loyal
CUST-2820,Aditya Gupta,189,1,2156.36,2,2,5,9,Loyal
CUST-2820,Vivaan Sinha,463,1,2742.47,4,2,5,11,Loyal
CUST-2821,Vivaan Das,82,1,615.6,1,2,3,6,Developing
CUST-2822,Riya Sinha,646,1,265.71,5,2,2,9,Loyal
CUST-2822,Vivaan Patel,562,1,430.86,4,2,2,8,Developing
CUST-2822,Vivaan Sharma,79,1,141.42,1,2,1,4,At Risk
CUST-2823,Anaya Das,729,1,834.24,5,2,3,10,Loyal
CUST-2823,Meera Das,68,1,476.27,1,2,2,5,At Risk
CUST-2824,Isha Kumar,62,1,1759.28,1,2,4,7,Developing
CUST-2825,Isha Roy,211,1,581.88,2,2,3,7,Developing
CUST-2828,Arjun Patel,674,1,275.14,5,2,2,9,Loyal
CUST-2829,Arjun Sinha,276,1,1466.37,2,2,4,8,Developing
CUST-2829,Riya Roy,287,1,2000.01,2,2,5,9,Loyal
CUST-2830,Kabir Kumar,484,1,274.06,4,2,2,8,Developing
CUST-2831,Arjun Jha,426,1,990.28,3,2,4,9,Loyal
CUST-2833,Anaya Patel,214,1,584.96,2,2,3,7,Developing
CUST-2833,Arjun Verma,669,1,280.97,5,2,2,9,Loyal
CUST-2835,Arjun Singh,255,1,1708.15,2,2,4,8,Developing
CUST-2835,Vivaan Kumar,545,1,1948.85,4,2,5,11,Loyal
CUST-2838,Aarav Kumar,392,1,141.34,3,2,1,6,Developing
CUST-2838,Anaya Sharma,472,1,252.36,4,2,2,8,Developing
CUST-2838,Isha Das,225,1,417.62,2,2,2,6,Developing
CUST-2838,Riya Jha,630,1,285.65,5,2,2,9,Loyal
CUST-2839,Kabir Roy,138,1,1351.58,1,2,4,7,Developing
CUST-2841,Kabir Gupta,321,1,3395.2,3,2,5,10,Loyal
CUST-2843,Meera Das,184,1,602.8,2,2,3,7,Developing
CUST-2844,Riya Kumar,283,1,150.6,2,2,1,5,At Risk
CUST-2846,Vivaan Sinha,323,1,375.37,3,2,2,7,Developing
CUST-2847,Aarav Patel,450,1,1166.06,4,2,4,10,Loyal
CUST-2847,Meera Verma,129,1,42.0,1,2,1,4,At Risk
CUST-2848,Arjun Das,492,1,912.65,4,2,3,9,Loyal
CUST-2849,Isha Singh,455,1,774.98,4,2,3,9,Loyal
CUST-2850,Riya Verma,298,1,856.01,3,2,3,8,Developing
CUST-2851,Arjun Das,570,1,630.21,4,2,3,9,Loyal
CUST-2852,Aditya Sharma,525,1,557.32,4,2,3,9,Loyal
CUST-2852,Anaya Das,186,1,118.24,2,2,1,5,At Risk
CUST-2854,Diya Roy,467,1,129.37,4,2,1,7,Developing
CUST-2854,Meera Roy,169,1,2781.73,2,2,5,9,Loyal
CUST-2855,Aditya Singh,303,1,85.34,3,2,1,6,Developing
CUST-2857,Kabir Verma,678,1,195.52,5,2,1,8,Developing
CUST-2858,Anaya Jha,656,1,95.67,5,2,1,8,Developing
CUST-2858,Isha Gupta,447,1,517.83,4,2,2,8,Developing
CUST-2861,Isha Sharma,525,1,1209.26,4,2,4,10,Loyal
CUST-2861,Meera Jha,238,1,401.81,2,2,2,6,Developing
CUST-2862,Aarav Jha,110,1,1530.07,1,2,4,7,Developing
CUST-2862,Riya Singh,170,1,109.62,2,2,1,5,At Risk
CUST-2865,Meera Das,279,1,524.28,2,2,2,6,Developing
CUST-2866,Aarav Singh,530,1,1753.49,4,2,4,10,Loyal
CUST-2866,Diya Singh,108,1,1965.41,1,2,5,8,Developing
CUST-2867,Diya Kumar,325,1,364.57,3,2,2,7,Developing
CUST-2870,Arjun Sinha,70,1,209.62,1,2,1,4,At Risk
CUST-2871,Isha Gupta,32,1,1652.9,1,2,4,7,Developing
CUST-2872,Aditya Sinha,383,1,1226.31,3,2,4,9,Loyal
CUST-2872,Isha Singh,480,1,428.35,4,2,2,8,Developing
CUST-2874,Anaya Sharma,556,1,286.03,4,2,2,8,Developing
CUST-2874,Arjun Sharma,360,1,355.59,3,2,2,7,Developing
CUST-2874,Isha Das,696,1,1739.79,5,2,4,11,Loyal
CUST-2875,Anaya Das,90,1,2406.17,1,2,5,8,Developing
CUST-2875,Anaya Verma,121,1,1966.09,1,2,5,8,Developing
CUST-2875,Kabir Das,15,1,2068.1,1,2,5,8,Developing
CUST-2875,Kabir Patel,348,1,157.82,3,2,1,6,Developing
CUST-2876,Arjun Das,227,1,513.79,2,2,2,6,Developing
CUST-2877,Riya Kumar,707,1,382.44,5,2,2,9,Loyal
CUST-2877,Riya Patel,545,1,1578.22,4,2,4,10,Loyal
CUST-2877,Vivaan Jha,212,1,1916.52,2,2,4,8,Developing
CUST-2878,Diya Sharma,347,1,2040.68,3,2,5,10,Loyal
CUST-2878,Isha Verma,150,1,988.21,2,2,4,8,Developing
CUST-2878,Meera Verma,101,1,773.9,1,2,3,6,Developing
CUST-2878,Riya Singh,727,1,1691.23,5,2,4,11,Loyal
CUST-2879,Kabir Verma,123,1,281.83,1,2,2,5,At Risk
CUST-2880,Aarav Singh,210,1,863.75,2,2,3,7,Developing
CUST-2880,Arjun Roy,666,1,162.4,5,2,1,8,Developing
CUST-2881,Isha Patel,322,1,4026.3,3,2,5,10,Loyal
CUST-2882,Arjun Patel,701,1,271.8,5,2,2,9,Loyal
CUST-2882,Diya Jha,210,1,489.25,2,2,2,6,Developing
CUST-2883,Riya Singh,323,1,69.67,3,2,1,6,Developing
CUST-2884,Meera Kumar,95,1,39.66,1,2,1,4,At Risk
CUST-2886,Meera Sharma,307,1,233.68,3,2,1,6,Developing
CUST-2887,Aarav Sinha,601,1,348.37,5,2,2,9,Loyal
CUST-2887,Kabir Jha,75,1,250.03,1,2,2,5,At Risk
CUST-2887,Riya Sharma,447,1,483.71,4,2,2,8,Developing
CUST-2888,Aarav Singh,401,1,1999.54,3,2,5,10,Loyal
CUST-2888,Aditya Das,510,1,721.72,4,2,3,9,Loyal
CUST-2888,Meera Das,106,1,116.9,1,2,1,4,At Risk
CUST-2888,Riya Jha,162,1,822.35,2,2,3,7,Developing
CUST-2889,Aditya Jha,602,1,3356.53,5,2,5,12,Champions
CUST-2890,Meera Jha,621,1,3700.67,5,2,5,12,Champions
CUST-2891,Arjun Patel,154,1,1513.06,2,2,4,8,Developing
CUST-2892,Isha Sinha,611,1,1224.05,5,2,4,11,Loyal
CUST-2895,Riya Sharma,530,1,66.31,4,2,1,7,Developing
CUST-2896,Aarav Kumar,15,1,411.82,1,2,2,5,At Risk
CUST-2896,Aditya Singh,249,1,594.63,2,2,3,7,Developing
CUST-2896,Arjun Jha,191,1,2978.5,2,2,5,9,Loyal
CUST-2896,Diya Das,271,1,854.3,2,2,3,7,Developing
CUST-2896,Riya Verma,290,1,1229.23,2,2,4,8,Developing
CUST-2898,Kabir Verma,26,1,249.95,1,2,2,5,At Risk
CUST-2900,Diya Gupta,128,1,375.76,1,2,2,5,At Risk
CUST-2901,Aarav Patel,196,1,221.57,2,2,1,5,At Risk
CUST-2901,Arjun Sinha,693,1,1435.46,5,2,4,11,Loyal
CUST-2902,Aarav Sharma,204,1,2641.73,2,2,5,9,Loyal
CUST-2902,Aditya Jha,414,1,1138.74,3,2,4,9,Loyal
CUST-2902,Aditya Patel,683,1,1349.95,5,2,4,11,Loyal
CUST-2902,Diya Roy,128,1,868.66,1,2,3,6,Developing
CUST-2903,Anaya Sharma,139,1,1221.56,1,2,4,7,Developing
CUST-2903,Meera Sharma,48,1,419.57,1,2,2,5,At Risk
CUST-2904,Riya Jha,174,1,1951.15,2,2,5,9,Loyal
CUST-2904,Riya Patel,309,1,198.26,3,2,1,6,Developing
CUST-2906,Anaya Gupta,12,1,1228.7,1,2,4,7,Developing
CUST-2906,Meera Gupta,568,1,3755.81,4,2,5,11,Loyal
CUST-2910,Arjun Das,308,1,160.42,3,2,1,6,Developing
CUST-2911,Kabir Verma,67,1,2625.7,1,2,5,8,Developing
CUST-2912,Vivaan Gupta,251,1,107.42,2,2,1,5,At Risk
CUST-2914,Meera Gupta,644,1,439.04,5,2,2,9,Loyal
CUST-2915,Aarav Patel,394,1,1956.84,3,2,5,10,Loyal
CUST-2915,Kabir Patel,473,1,3403.86,4,2,5,11,Loyal
CUST-2916,Arjun Patel,469,1,250.03,4,2,2,8,Developing
CUST-2917,Vivaan Jha,117,1,314.7,1,2,2,5,At Risk
CUST-2917,Vivaan Sinha,622,1,120.68,5,2,1,8,Developing
CUST-2918,Aarav Sharma,506,1,2134.19,4,2,5,11,Loyal
CUST-2920,Aditya Gupta,380,1,167.44,3,2,1,6,Developing
CUST-2920,Kabir Roy,396,1,2191.16,3,2,5,10,Loyal
CUST-2922,Anaya Gupta,658,1,1835.03,5,2,4,11,Loyal
CUST-2923,Diya Jha,260,1,3999.14,2,2,5,9,Loyal
CUST-2923,Kabir Roy,659,1,1527.75,5,2,4,11,Loyal
CUST-2924,Isha Sinha,205,1,284.92,2,2,2,6,Developing
CUST-2927,Aditya Sharma,445,1,3147.86,4,2,5,11,Loyal
CUST-2928,Arjun Sinha,533,1,2340.49,4,2,5,11,Loyal
CUST-2930,Diya Kumar,460,1,390.38,4,2,2,8,Developing
CUST-2931,Arjun Gupta,664,1,108.72,5,2,1,8,Developing
CUST-2932,Arjun Kumar,206,1,373.67,2,2,2,6,Developing
CUST-2932,Meera Patel,629,1,1524.6,5,2,4,11,Loyal
CUST-2932,Riya Kumar,346,1,1106.27,3,2,4,9,Loyal
CUST-2934,Riya Gupta,241,1,1807.51,2,2,4,8,Developing
CUST-2935,Meera Jha,3,1,683.69,1,2,3,6,Developing
CUST-2937,Aarav Das,135,1,228.72,1,2,1,4,At Risk
CUST-2941,Meera Sinha,85,1,1867.49,1,2,4,7,Developing
CUST-2941,Riya Patel,630,1,982.7,5,2,4,11,Loyal
CUST-2942,Aditya Singh,384,1,693.09,3,2,3,8,Developing
CUST-2942,Kabir Patel,458,1,2465.86,4,2,5,11,Loyal
CUST-2943,Anaya Roy,185,1,800.62,2,2,3,7,Developing
CUST-2943,Vivaan Das,484,1,3935.5,4,2,5,11,Loyal
CUST-2944,Arjun Kumar,278,1,368.18,2,2,2,6,Developing
CUST-2944,Riya Jha,629,1,182.17,5,2,1,8,Developing
CUST-2944,Vivaan Jha,506,1,3944.68,4,2,5,11,Loyal
CUST-2945,Isha Das,272,1,220.08,2,2,1,5,At Risk
CUST-2945,Isha Patel,611,1,2448.79,5,2,5,12,Champions
CUST-2946,Meera Gupta,689,1,445.98,5,2,2,9,Loyal
CUST-2946,Meera Singh,366,1,2163.68,3,2,5,10,Loyal
CUST-2948,Aarav Patel,570,1,427.05,4,2,2,8,Developing
CUST-2948,Riya Sharma,331,1,615.58,3,2,3,8,Developing
CUST-2949,Aarav Verma,400,1,38.72,3,2,1,6,Developing
CUST-2950,Isha Das,651,1,5051.28,5,2,5,12,Champions
CUST-2951,Diya Sharma,284,1,1277.68,2,2,4,8,Developing
CUST-2952,Anaya Roy,716,1,858.86,5,2,3,10,Loyal
CUST-2952,Meera Singh,322,1,553.53,3,2,3,8,Developing
CUST-2953,Arjun Jha,671,1,530.91,5,2,3,10,Loyal
CUST-2955,Aarav Singh,726,1,3185.24,5,2,5,12,Champions
CUST-2956,Arjun Jha,653,1,2339.68,5,2,5,12,Champions
CUST-2957,Isha Sinha,497,1,195.45,4,2,1,7,Developing
CUST-2958,Diya Roy,225,1,517.79,2,2,2,6,Developing
CUST-2958,Riya Patel,195,1,382.62,2,2,2,6,Developing
CUST-2958,Vivaan Jha,647,1,153.76,5,2,1,8,Developing
CUST-2959,Isha Singh,517,1,2059.06,4,2,5,11,Loyal
CUST-2961,Arjun Sinha,711,1,315.74,5,2,2,9,Loyal
CUST-2961,Kabir Roy,540,1,1137.06,4,2,4,10,Loyal
CUST-2961,Vivaan Roy,167,1,64.39,2,2,1,5,At Risk
CUST-2962,Riya Sinha,19,1,911.93,1,2,3,6,Developing
CUST-2963,Vivaan Kumar,657,1,1405.79,5,2,4,11,Loyal
CUST-2964,Diya Sinha,24,1,2411.57,1,2,5,8,Developing
CUST-2964,Kabir Kumar,563,1,97.99,4,2,1,7,Developing
CUST-2965,Isha Sharma,352,1,1006.19,3,2,4,9,Loyal
CUST-2968,Diya Patel,422,1,264.44,3,2,2,7,Developing
CUST-2970,Kabir Sharma,347,1,400.22,3,2,2,7,Developing
CUST-2970,Kabir Singh,34,1,293.33,1,2,2,5,At Risk
CUST-2971,Arjun Jha,62,1,108.28,1,2,1,4,At Risk
CUST-2971,Diya Patel,134,1,387.58,1,2,2,5,At Risk
CUST-2971,Diya Sinha,78,1,736.2,1,2,3,6,Developing
CUST-2971,Isha Sinha,26,1,383.4,1,2,2,5,At Risk
CUST-2972,Anaya Sinha,331,1,630.56,3,2,3,8,Developing
CUST-2972,Isha Sharma,546,1,1231.79,4,2,4,10,Loyal
CUST-2972,Kabir Gupta,566,1,835.25,4,2,3,9,Loyal
CUST-2973,Aarav Verma,188,1,2870.26,2,2,5,9,Loyal
CUST-2974,Arjun Verma,146,1,541.34,2,2,3,7,Developing
CUST-2976,Meera Roy,122,1,1443.31,1,2,4,7,Developing
CUST-2976,Vivaan Sharma,724,1,689.37,5,2,3,10,Loyal
CUST-2977,Meera Verma,172,1,1852.24,2,2,4,8,Developing
CUST-2977,Vivaan Jha,56,1,1172.41,1,2,4,7,Developing
CUST-2978,Isha Patel,192,1,2353.96,2,2,5,9,Loyal
CUST-2979,Kabir Roy,88,1,647.39,1,2,3,6,Developing
CUST-2982,Aarav Singh,688,1,2059.2,5,2,5,12,Champions
CUST-2982,Aditya Sinha,133,1,854.31,1,2,3,6,Developing
CUST-2982,Anaya Sharma,305,1,804.24,3,2,3,8,Developing
CUST-2983,Arjun Das,692,1,795.23,5,2,3,10,Loyal
CUST-2983,Vivaan Roy,522,1,2242.06,4,2,5,11,Loyal
CUST-2984,Arjun Jha,226,1,224.65,2,2,1,5,At Risk
CUST-2985,Isha Roy,52,1,68.86,1,2,1,4,At Risk
CUST-2985,Vivaan Gupta,597,1,1078.84,5,2,4,11,Loyal
CUST-2986,Aditya Verma,683,1,622.55,5,2,3,10,Loyal
CUST-2987,Riya Sharma,140,1,770.19,1,2,3,6,Developing
CUST-2988,Anaya Patel,22,1,780.67,1,2,3,6,Developing
CUST-2988,Isha Sinha,474,1,315.62,4,2,2,8,Developing
CUST-2989,Isha Sinha,404,1,3381.35,3,2,5,10,Loyal
CUST-2989,Meera Verma,7,1,847.94,1,2,3,6,Developing
CUST-2990,Anaya Patel,413,1,347.19,3,2,2,7,Developing
CUST-2990,Arjun Roy,302,1,1284.62,3,2,4,9,Loyal
CUST-2990,Diya Jha,467,1,732.91,4,2,3,9,Loyal
CUST-2990,Meera Jha,618,1,3246.3,5,2,5,12,Champions
CUST-2991,Anaya Patel,313,1,2479.91,3,2,5,10,Loyal
CUST-2991,Diya Kumar,244,1,2204.48,2,2,5,9,Loyal
CUST-2991,Meera Kumar,62,1,4416.06,1,2,5,8,Developing
CUST-2992,Aarav Roy,328,1,2327.06,3,2,5,10,Loyal
CUST-2995,Diya Roy,52,1,542.38,1,2,3,6,Developing
CUST-2996,Aarav Singh,177,1,2705.27,2,2,5,9,Loyal
CUST-2996,Vivaan Roy,454,1,2935.91,4,2,5,11,Loyal
CUST-2997,Isha Kumar,75,1,3116.62,1,2,5,8,Developing
CUST-2998,Meera Jha,313,1,116.0,3,2,1,6,Developing
CUST-2998,Riya Jha,699,1,1712.41,5,2,4,11,Loyal
CUST-3000,Anaya Patel,331,1,464.08,3,2,2,7,Developing
CUST-3000,Vivaan Kumar,503,1,726.26,4,2,3,9,Loyal
CUST-3001,Isha Sinha,51,1,59.07,1,2,1,4,At Risk
CUST-3003,Anaya Gupta,350,1,712.94,3,2,3,8,Developing
CUST-3003,Arjun Sinha,262,1,3329.46,2,2,5,9,Loyal
CUST-3005,Vivaan Das,386,1,962.4,3,2,4,9,Loyal
CUST-3006,Meera Patel,112,1,140.59,1,2,1,4,At Risk
CUST-3007,Meera Gupta,194,1,220.41,2,2,1,5,At Risk
CUST-3011,Aditya Das,93,1,2118.23,1,2,5,8,Developing
CUST-3011,Diya Kumar,266,1,1056.6,2,2,4,8,Developing
CUST-3012,Meera Verma,112,1,2302.56,1,2,5,8,Developing
CUST-3013,Aarav Gupta,479,1,398.59,4,2,2,8,Developing
CUST-3013,Meera Roy,510,1,143.07,4,2,1,7,Developing
CUST-3013,Riya Jha,402,1,3517.89,3,2,5,10,Loyal
CUST-3013,Vivaan Gupta,595,1,389.14,5,2,2,9,Loyal
CUST-3014,Aarav Patel,274,1,4065.57,2,2,5,9,Loyal
CUST-3014,Riya Singh,274,1,551.03,2,2,3,7,Developing
CUST-3015,Meera Sharma,139,1,106.41,1,2,1,4,At Risk
CUST-3015,Vivaan Sharma,510,1,98.01,4,2,1,7,Developing
CUST-3016,Vivaan Roy,110,1,941.78,1,2,3,6,Developing
CUST-3018,Meera Kumar,618,1,636.59,5,2,3,10,Loyal
CUST-3019,Riya Gupta,639,1,433.28,5,2,2,9,Loyal
CUST-3020,Kabir Gupta,442,1,5206.11,4,2,5,11,Loyal
CUST-3021,Aditya Sharma,216,1,1321.54,2,2,4,8,Developing
CUST-3021,Meera Gupta,179,1,411.2,2,2,2,6,Developing
CUST-3023,Diya Sharma,589,1,492.94,5,2,2,9,Loyal
CUST-3024,Arjun Gupta,237,1,438.29,2,2,2,6,Developing
CUST-3024,Diya Gupta,473,1,2839.32,4,2,5,11,Loyal
CUST-3024,Isha Patel,49,1,397.03,1,2,2,5,At Risk
CUST-3024,Vivaan Sinha,139,1,252.69,1,2,2,5,At Risk
CUST-3025,Aarav Jha,662,1,2742.04,5,2,5,12,Champions
CUST-3025,Kabir Gupta,329,1,98.09,3,2,1,6,Developing
CUST-3026,Arjun Singh,208,1,248.29,2,2,2,6,Developing
CUST-3026,Kabir Sinha,570,1,472.12,4,2,2,8,Developing
CUST-3028,Aditya Sharma,704,1,2685.86,5,2,5,12,Champions
CUST-3030,Vivaan Jha,332,1,751.22,3,2,3,8,Developing
CUST-3031,Diya Kumar,381,1,932.07,3,2,3,8,Developing
CUST-3031,Isha Kumar,562,1,2146.69,4,2,5,11,Loyal
CUST-3032,Kabir Patel,12,1,2268.39,1,2,5,8,Developing
CUST-3032,Vivaan Kumar,225,1,1642.64,2,2,4,8,Developing
CUST-3033,Arjun Sharma,157,1,102.22,2,2,1,5,At Risk
CUST-3033,Meera Roy,305,1,4248.77,3,2,5,10,Loyal
CUST-3034,Vivaan Patel,493,1,3207.6,4,2,5,11,Loyal
CUST-3035,Arjun Roy,635,1,179.62,5,2,1,8,Developing
CUST-3035,Isha Sinha,137,1,1059.93,1,2,4,7,Developing
CUST-3036,Vivaan Patel,408,1,934.96,3,2,3,8,Developing
CUST-3037,Arjun Jha,666,1,1380.48,5,2,4,11,Loyal
CUST-3038,Arjun Jha,664,1,2871.66,5,2,5,12,Champions
CUST-3038,Kabir Sharma,496,1,1385.9,4,2,4,10,Loyal
CUST-3038,Riya Das,3,1,2662.17,1,2,5,8,Developing
CUST-3039,Aditya Kumar,589,1,3058.35,5,2,5,12,Champions
CUST-3039,Isha Verma,396,1,81.69,3,2,1,6,Developing
CUST-3039,Kabir Sharma,202,1,450.56,2,2,2,6,Developing
CUST-3040,Vivaan Das,532,1,71.2,4,2,1,7,Developing
CUST-3041,Aditya Sinha,346,1,1582.15,3,2,4,9,Loyal
CUST-3042,Aarav Sinha,588,1,128.41,5,2,1,8,Developing
CUST-3042,Isha Jha,324,1,2498.43,3,2,5,10,Loyal
CUST-3044,Riya Roy,29,1,1975.08,1,2,5,8,Developing
CUST-3045,Isha Patel,341,1,3561.14,3,2,5,10,Loyal
CUST-3046,Kabir Sharma,45,1,613.51,1,2,3,6,Developing
CUST-3046,Riya Patel,714,1,777.37,5,2,3,10,Loyal
CUST-3047,Aditya Gupta,299,1,2093.7,3,2,5,10,Loyal
CUST-3049,Aarav Das,474,1,94.26,4,2,1,7,Developing
CUST-3050,Arjun Patel,704,1,2743.68,5,2,5,12,Champions
CUST-3051,Diya Sinha,452,1,2549.69,4,2,5,11,Loyal
CUST-3051,Riya Gupta,643,1,109.34,5,2,1,8,Developing
CUST-3052,Isha Das,375,1,1352.49,3,2,4,9,Loyal
CUST-3052,Isha Singh,479,1,2439.78,4,2,5,11,Loyal
CUST-3052,Riya Singh,142,1,1397.75,1,2,4,7,Developing
CUST-3053,Aarav Roy,2,1,1789.22,1,2,4,7,Developing
CUST-3053,Diya Kumar,403,1,2846.57,3,2,5,10,Loyal
CUST-3056,Isha Singh,697,1,406.71,5,2,2,9,Loyal
CUST-3059,Anaya Sinha,31,1,449.41,1,2,2,5,At Risk
CUST-3061,Aarav Patel,624,1,152.96,5,2,1,8,Developing
CUST-3061,Riya Sharma,267,1,466.69,2,2,2,6,Developing
CUST-3062,Anaya Patel,5,1,438.42,1,2,2,5,At Risk
CUST-3062,Anaya Sharma,533,1,703.65,4,2,3,9,Loyal
CUST-3062,Kabir Verma,268,1,17.36,2,2,1,5,At Risk
CUST-3063,Riya Jha,534,1,130.95,4,2,1,7,Developing
CUST-3064,Arjun Gupta,534,1,866.55,4,2,3,9,Loyal
CUST-3064,Diya Jha,374,1,1054.49,3,2,4,9,Loyal
CUST-3064,Isha Sharma,185,1,123.71,2,2,1,5,At Risk
CUST-3064,Meera Kumar,120,1,1456.75,1,2,4,7,Developing
CUST-3064,Riya Sinha,303,1,1100.55,3,2,4,9,Loyal
CUST-3065,Arjun Sinha,214,1,98.57,2,2,1,5,At Risk
CUST-3065,Riya Kumar,590,1,2009.63,5,2,5,12,Champions
CUST-3067,Arjun Kumar,286,1,488.72,2,2,2,6,Developing
CUST-3068,Anaya Sharma,458,1,177.73,4,2,1,7,Developing
CUST-3068,Anaya Singh,706,1,740.3,5,2,3,10,Loyal
CUST-3068,Vivaan Patel,241,1,769.99,2,2,3,7,Developing
CUST-3069,Diya Sinha,134,1,2003.6,1,2,5,8,Developing
CUST-3069,Riya Roy,157,1,93.37,2,2,1,5,At Risk
CUST-3071,Arjun Das,9,1,2877.53,1,2,5,8,Developing
CUST-3071,Isha Verma,521,1,747.09,4,2,3,9,Loyal
CUST-3072,Meera Roy,96,1,3412.73,1,2,5,8,Developing
CUST-3072,Vivaan Jha,197,1,674.56,2,2,3,7,Developing
CUST-3072,Vivaan Roy,34,1,796.61,1,2,3,6,Developing
CUST-3073,Isha Das,415,1,1118.07,3,2,4,9,Loyal
CUST-3074,Meera Roy,18,1,301.43,1,2,2,5,At Risk
CUST-3075,Meera Roy,637,1,256.7,5,2,2,9,Loyal
CUST-3075,Meera Sinha,595,1,313.17,5,2,2,9,Loyal
CUST-3075,Riya Kumar,715,1,1490.75,5,2,4,11,Loyal
CUST-3076,Kabir Singh,723,1,1548.35,5,2,4,11,Loyal
CUST-3076,Riya Verma,652,1,933.93,5,2,3,10,Loyal
CUST-3078,Aarav Roy,622,1,915.89,5,2,3,10,Loyal
CUST-3079,Aarav Sharma,722,1,253.86,5,2,2,9,Loyal
CUST-3079,Riya Sinha,215,1,430.56,2,2,2,6,Developing
CUST-3080,Arjun Das,233,1,893.87,2,2,3,7,Developing
CUST-3081,Aditya Kumar,156,1,233.78,2,2,1,5,At Risk
CUST-3081,Diya Gupta,19,1,1228.18,1,2,4,7,Developing
CUST-3082,Aditya Das,392,1,492.52,3,2,2,7,Developing
CUST-3082,Aditya Jha,539,1,2324.81,4,2,5,11,Loyal
CUST-3082,Kabir Sinha,283,1,273.03,2,2,2,6,Developing
CUST-3083,Arjun Verma,650,1,148.37,5,2,1,8,Developing
CUST-3084,Anaya Jha,208,2,1622.01,2,5,4,11,Loyal
CUST-3084,Riya Singh,645,1,721.95,5,2,3,10,Loyal
CUST-3085,Aditya Jha,407,1,235.51,3,2,1,6,Developing
CUST-3087,Diya Sinha,436,2,4260.29,4,5,5,14,Champions
CUST-3087,Isha Jha,598,1,2609.78,5,2,5,12,Champions
CUST-3087,Isha Kumar,508,1,1408.24,4,2,4,10,Loyal
CUST-3087,Meera Kumar,132,1,79.92,1,2,1,4,At Risk
CUST-3088,Aditya Singh,706,1,597.22,5,2,3,10,Loyal
CUST-3089,Riya Gupta,295,1,715.28,3,2,3,8,Developing
CUST-3090,Meera Roy,703,1,958.59,5,2,4,11,Loyal
CUST-3091,Isha Das,281,1,981.34,2,2,4,8,Developing
CUST-3091,Isha Gupta,476,1,1220.31,4,2,4,10,Loyal
CUST-3091,Meera Kumar,267,1,1300.72,2,2,4,8,Developing
CUST-3092,Anaya Patel,513,1,152.37,4,2,1,7,Developing
CUST-3092,Arjun Gupta,328,1,3032.56,3,2,5,10,Loyal
CUST-3092,Diya Singh,148,1,224.38,2,2,1,5,At Risk
CUST-3093,Anaya Patel,114,1,774.09,1,2,3,6,Developing
CUST-3093,Diya Roy,308,1,786.7,3,2,3,8,Developing
CUST-3094,Arjun Patel,378,1,1366.68,3,2,4,9,Loyal
CUST-3095,Aditya Roy,43,1,502.81,1,2,2,5,At Risk
CUST-3097,Diya Das,552,1,1604.28,4,2,4,10,Loyal
CUST-3101,Vivaan Singh,347,1,1753.59,3,2,4,9,Loyal
CUST-3104,Anaya Sharma,73,1,77.83,1,2,1,4,At Risk
CUST-3104,Arjun Sinha,163,1,1042.37,2,2,4,8,Developing
CUST-3105,Isha Sharma,600,1,885.66,5,2,3,10,Loyal
CUST-3105,Vivaan Sharma,89,1,597.58,1,2,3,6,Developing
CUST-3108,Aditya Das,32,1,71.22,1,2,1,4,At Risk
CUST-3108,Aditya Kumar,477,1,1967.87,4,2,5,11,Loyal
CUST-3108,Aditya Roy,500,1,5686.38,4,2,5,11,Loyal
CUST-3108,Meera Das,444,1,1050.13,4,2,4,10,Loyal
CUST-3109,Anaya Singh,50,1,1019.61,1,2,4,7,Developing
CUST-3109,Isha Gupta,17,1,514.87,1,2,2,5,At Risk
CUST-3110,Aditya Sharma,4,1,3065.6,1,2,5,8,Developing
CUST-3111,Meera Jha,471,1,324.98,4,2,2,8,Developing
CUST-3111,Riya Das,423,1,829.79,3,2,3,8,Developing
CUST-3111,Vivaan Singh,683,1,590.13,5,2,3,10,Loyal
CUST-3112,Aarav Das,393,1,446.81,3,2,2,7,Developing
CUST-3113,Aditya Das,402,1,2371.45,3,2,5,10,Loyal
CUST-3113,Aditya Jha,561,1,1415.77,4,2,4,10,Loyal
CUST-3114,Anaya Sharma,171,1,769.63,2,2,3,7,Developing
CUST-3115,Aarav Gupta,592,1,405.35,5,2,2,9,Loyal
CUST-3115,Isha Patel,280,1,43.62,2,2,1,5,At Risk
CUST-3116,Riya Sharma,625,1,1346.06,5,2,4,11,Loyal
CUST-3117,Isha Sharma,670,1,64.16,5,2,1,8,Developing
CUST-3117,Kabir Jha,146,1,570.0,2,2,3,7,Developing
CUST-3119,Arjun Sinha,189,1,892.0,2,2,3,7,Developing
CUST-3119,Isha Gupta,562,1,1090.63,4,2,4,10,Loyal
CUST-3120,Diya Roy,176,1,2710.31,2,2,5,9,Loyal
CUST-3121,Anaya Gupta,517,1,148.31,4,2,1,7,Developing
CUST-3123,Anaya Verma,359,1,568.42,3,2,3,8,Developing
CUST-3124,Aarav Singh,205,1,95.69,2,2,1,5,At Risk
CUST-3125,Aditya Sinha,266,1,497.56,2,2,2,6,Developing
CUST-3126,Riya Kumar,624,1,234.33,5,2,1,8,Developing
CUST-3127,Vivaan Sharma,254,1,216.62,2,2,1,5,At Risk
CUST-3129,Aditya Patel,388,1,642.36,3,2,3,8,Developing
CUST-3135,Isha Das,404,1,526.02,3,2,3,8,Developing
CUST-3136,Aditya Singh,224,1,227.1,2,2,1,5,At Risk
CUST-3136,Anaya Sharma,325,1,788.42,3,2,3,8,Developing
CUST-3136,Diya Verma,357,1,888.4,3,2,3,8,Developing
CUST-3139,Anaya Singh,63,1,462.86,1,2,2,5,At Risk
CUST-3139,Arjun Sharma,381,1,957.29,3,2,4,9,Loyal
CUST-3139,Isha Kumar,514,1,938.45,4,2,3,9,Loyal
CUST-3140,Aditya Patel,65,1,250.11,1,2,2,5,At Risk
CUST-3141,Arjun Gupta,501,1,457.1,4,2,2,8,Developing
CUST-3142,Aarav Roy,249,1,3288.78,2,2,5,9,Loyal
CUST-3142,Kabir Roy,421,1,1128.51,3,2,4,9,Loyal
CUST-3144,Anaya Sharma,569,1,571.62,4,2,3,9,Loyal
CUST-3145,Anaya Sharma,159,1,88.22,2,2,1,5,At Risk
CUST-3145,Arjun Singh,521,1,1030.77,4,2,4,10,Loyal
CUST-3147,Arjun Sinha,501,1,205.04,4,2,1,7,Developing
CUST-3147,Meera Gupta,663,1,1013.43,5,2,4,11,Loyal
CUST-3149,Aditya Sharma,271,1,435.88,2,2,2,6,Developing
CUST-3149,Kabir Patel,142,1,1040.37,1,2,4,7,Developing
CUST-3149,Vivaan Gupta,553,1,476.58,4,2,2,8,Developing
CUST-3151,Aarav Das,344,1,3900.94,3,2,5,10,Loyal
CUST-3151,Aditya Verma,17,2,1177.71,1,5,4,10,Loyal
CUST-3151,Riya Patel,256,1,2248.8,2,2,5,9,Loyal
CUST-3151,Vivaan Gupta,585,1,485.91,5,2,2,9,Loyal
CUST-3152,Meera Singh,568,1,757.21,4,2,3,9,Loyal
CUST-3153,Aarav Gupta,449,1,804.14,4,2,3,9,Loyal
CUST-3153,Aditya Kumar,464,1,1985.69,4,2,5,11,Loyal
CUST-3154,Kabir Roy,341,1,2333.68,3,2,5,10,Loyal
CUST-3154,Vivaan Verma,643,1,525.96,5,2,3,10,Loyal
CUST-3155,Aarav Gupta,270,1,529.8,2,2,3,7,Developing
CUST-3156,Meera Sinha,54,1,1464.0,1,2,4,7,Developing
CUST-3157,Meera Sharma,240,1,944.64,2,2,3,7,Developing
CUST-3158,Diya Kumar,465,1,3456.95,4,2,5,11,Loyal
CUST-3159,Anaya Gupta,195,1,900.29,2,2,3,7,Developing
CUST-3159,Meera Verma,144,1,400.14,1,2,2,5,At Risk
CUST-3160,Kabir Patel,551,1,729.17,4,2,3,9,Loyal
CUST-3160,Kabir Sharma,189,1,2822.39,2,2,5,9,Loyal
CUST-3160,Riya Singh,544,1,3447.54,4,2,5,11,Loyal
CUST-3161,Meera Gupta,205,1,80.68,2,2,1,5,At Risk
CUST-3163,Anaya Das,355,1,328.09,3,2,2,7,Developing
CUST-3164,Kabir Sinha,712,1,3713.25,5,2,5,12,Champions
CUST-3165,Aarav Gupta,536,1,1800.99,4,2,4,10,Loyal
CUST-3166,Anaya Jha,663,1,1704.76,5,2,4,11,Loyal
CUST-3166,Isha Gupta,66,1,815.04,1,2,3,6,Developing
CUST-3166,Isha Sinha,10,1,131.86,1,2,1,4,At Risk
CUST-3166,Vivaan Singh,633,1,2362.44,5,2,5,12,Champions
CUST-3168,Aditya Patel,448,1,626.98,4,2,3,9,Loyal
CUST-3168,Arjun Sinha,129,1,462.89,1,2,2,5,At Risk
CUST-3168,Isha Sharma,317,1,36.08,3,2,1,6,Developing
CUST-3170,Anaya Singh,162,1,892.83,2,2,3,7,Developing
CUST-3170,Isha Sinha,471,1,155.58,4,2,1,7,Developing
CUST-3170,Riya Gupta,21,1,168.3,1,2,1,4,At Risk
CUST-3171,Anaya Patel,110,1,295.14,1,2,2,5,At Risk
CUST-3171,Riya Patel,68,2,1322.17,1,5,4,10,Loyal
CUST-3172,Aditya Kumar,393,1,1204.97,3,2,4,9,Loyal
CUST-3172,Arjun Patel,111,1,645.39,1,2,3,6,Developing
CUST-3172,Meera Sharma,653,1,85.0,5,2,1,8,Developing
CUST-3172,Meera Verma,702,1,1546.16,5,2,4,11,Loyal
CUST-3173,Aditya Patel,268,1,1167.59,2,2,4,8,Developing
CUST-3173,Isha Sharma,460,1,478.07,4,2,2,8,Developing
CUST-3173,Meera Roy,681,1,573.38,5,2,3,10,Loyal
CUST-3173,Riya Das,487,1,992.74,4,2,4,10,Loyal
CUST-3173,Riya Singh,94,1,208.2,1,2,1,4,At Risk
CUST-3174,Isha Sinha,178,1,194.8,2,2,1,5,At Risk
CUST-3175,Aarav Jha,293,1,254.84,3,2,2,7,Developing
CUST-3175,Arjun Sinha,41,1,564.35,1,2,3,6,Developing
CUST-3175,Kabir Sinha,524,1,3165.07,4,2,5,11,Loyal
CUST-3175,Vivaan Sharma,177,1,791.02,2,2,3,7,Developing
CUST-3176,Arjun Gupta,38,1,91.78,1,2,1,4,At Risk
CUST-3177,Riya Sinha,117,1,77.7,1,2,1,4,At Risk
CUST-3178,Diya Jha,242,1,2621.52,2,2,5,9,Loyal
CUST-3179,Arjun Verma,415,1,1127.91,3,2,4,9,Loyal
CUST-3179,Isha Kumar,128,1,510.37,1,2,2,5,At Risk
CUST-3180,Diya Singh,709,1,347.38,5,2,2,9,Loyal
CUST-3180,Kabir Patel,375,1,797.99,3,2,3,8,Developing
CUST-3181,Riya Kumar,481,1,732.23,4,2,3,9,Loyal
CUST-3184,Anaya Kumar,9,1,44.25,1,2,1,4,At Risk
CUST-3184,Anaya Singh,492,1,535.04,4,2,3,9,Loyal
CUST-3184,Meera Singh,713,1,836.82,5,2,3,10,Loyal
CUST-3185,Diya Kumar,89,1,47.04,1,2,1,4,At Risk
CUST-3185,Kabir Verma,590,1,360.49,5,2,2,9,Loyal
CUST-3186,Aditya Sinha,424,1,37.27,3,2,1,6,Developing
CUST-3187,Arjun Kumar,358,1,221.33,3,2,1,6,Developing
CUST-3187,Diya Gupta,146,1,310.92,2,2,2,6,Developing
CUST-3189,Anaya Gupta,392,1,10.64,3,2,1,6,Developing
CUST-3191,Aditya Patel,634,1,816.32,5,2,3,10,Loyal
CUST-3192,Riya Gupta,599,1,1003.17,5,2,4,11,Loyal
CUST-3193,Aditya Singh,728,1,506.01,5,2,2,9,Loyal
CUST-3193,Arjun Jha,75,1,1207.41,1,2,4,7,Developing
CUST-3193,Isha Sharma,588,1,2264.0,5,2,5,12,Champions
CUST-3193,Riya Sinha,462,1,114.94,4,2,1,7,Developing
CUST-3195,Aditya Verma,651,1,501.57,5,2,2,9,Loyal
CUST-3196,Aarav Gupta,529,1,2852.2,4,2,5,11,Loyal
CUST-3196,Isha Patel,354,1,1663.47,3,2,4,9,Loyal
CUST-3196,Vivaan Roy,345,1,420.83,3,2,2,7,Developing
CUST-3197,Anaya Das,132,1,25.87,1,2,1,4,At Risk
CUST-3197,Meera Singh,194,1,172.86,2,2,1,5,At Risk
CUST-3197,Vivaan Patel,252,1,547.26,2,2,3,7,Developing
CUST-3198,Arjun Sinha,435,1,2187.61,3,2,5,10,Loyal
CUST-3201,Diya Gupta,88,1,103.24,1,2,1,4,At Risk
CUST-3201,Riya Patel,689,1,1802.91,5,2,4,11,Loyal
CUST-3201,Vivaan Jha,671,1,4213.78,5,2,5,12,Champions
CUST-3202,Aditya Singh,419,1,247.32,3,2,2,7,Developing
CUST-3203,Arjun Patel,404,1,1756.7,3,2,4,9,Loyal
CUST-3204,Kabir Roy,125,1,216.56,1,2,1,4,At Risk
CUST-3205,Riya Sinha,404,1,1807.12,3,2,4,9,Loyal
CUST-3206,Aditya Gupta,299,1,233.2,3,2,1,6,Developing
CUST-3206,Aditya Sinha,437,1,1186.42,4,2,4,10,Loyal
CUST-3206,Vivaan Singh,327,1,438.33,3,2,2,7,Developing
CUST-3209,Vivaan Singh,687,1,1672.65,5,2,4,11,Loyal
CUST-3211,Arjun Jha,502,1,1253.7,4,2,4,10,Loyal
CUST-3214,Anaya Jha,168,1,211.38,2,2,1,5,At Risk
CUST-3215,Anaya Sharma,267,1,909.71,2,2,3,7,Developing
CUST-3215,Vivaan Gupta,122,1,651.76,1,2,3,6,Developing
CUST-3216,Riya Jha,284,1,153.34,2,2,1,5,At Risk
CUST-3217,Meera Verma,542,1,308.45,4,2,2,8,Developing
CUST-3218,Kabir Singh,478,1,1321.22,4,2,4,10,Loyal
CUST-3220,Vivaan Patel,611,1,482.66,5,2,2,9,Loyal
CUST-3221,Aarav Das,54,1,163.63,1,2,1,4,At Risk
CUST-3221,Meera Singh,217,1,206.35,2,2,1,5,At Risk
CUST-3222,Anaya Sharma,413,1,974.25,3,2,4,9,Loyal
CUST-3222,Arjun Patel,621,1,1403.49,5,2,4,11,Loyal
CUST-3222,Vivaan Das,338,1,340.15,3,2,2,7,Developing
CUST-3224,Aarav Patel,492,1,888.01,4,2,3,9,Loyal
CUST-3224,Riya Jha,105,1,1390.67,1,2,4,7,Developing
CUST-3224,Riya Patel,292,1,125.75,2,2,1,5,At Risk
CUST-3225,Arjun Kumar,369,1,653.23,3,2,3,8,Developing
CUST-3226,Kabir Kumar,247,1,3566.83,2,2,5,9,Loyal
CUST-3226,Meera Singh,543,1,3221.56,4,2,5,11,Loyal
CUST-3227,Aditya Das,243,1,965.72,2,2,4,8,Developing
CUST-3229,Arjun Das,295,1,774.5,3,2,3,8,Developing
CUST-3230,Meera Sharma,48,1,2006.91,1,2,5,8,Developing
CUST-3231,Riya Sharma,282,1,152.77,2,2,1,5,At Risk
CUST-3233,Arjun Singh,97,2,290.89,1,5,2,8,Developing
CUST-3233,Kabir Sinha,244,1,1818.36,2,2,4,8,Developing
CUST-3234,Aarav Gupta,621,1,1946.55,5,2,5,12,Champions
CUST-3235,Isha Patel,503,1,2615.95,4,2,5,11,Loyal
CUST-3235,Riya Jha,263,1,1342.02,2,2,4,8,Developing
CUST-3237,Meera Gupta,285,1,61.43,2,2,1,5,At Risk
CUST-3239,Anaya Sinha,293,1,176.67,3,2,1,6,Developing
CUST-3239,Arjun Kumar,413,1,462.4,3,2,2,7,Developing
CUST-3239,Diya Roy,351,1,654.81,3,2,3,8,Developing
CUST-3242,Anaya Roy,94,1,2679.58,1,2,5,8,Developing
CUST-3243,Aditya Sinha,459,1,1588.34,4,2,4,10,Loyal
CUST-3243,Vivaan Sharma,82,1,117.03,1,2,1,4,At Risk
CUST-3245,Aarav Jha,549,1,2311.4,4,2,5,11,Loyal
CUST-3245,Meera Sinha,712,1,698.39,5,2,3,10,Loyal
CUST-3245,Vivaan Gupta,548,1,1608.01,4,2,4,10,Loyal
CUST-3246,Arjun Kumar,311,1,466.46,3,2,2,7,Developing
CUST-3246,Kabir Jha,348,1,333.05,3,2,2,7,Developing
CUST-3248,Kabir Sinha,666,2,862.44,5,5,3,13,Champions
CUST-3251,Aditya Sinha,199,1,180.81,2,2,1,5,At Risk
CUST-3251,Diya Jha,52,1,1022.47,1,2,4,7,Developing
CUST-3251,Riya Das,560,1,619.72,4,2,3,9,Loyal
CUST-3252,Diya Gupta,486,1,580.03,4,2,3,9,Loyal
CUST-3252,Kabir Jha,624,1,270.53,5,2,2,9,Loyal
CUST-3253,Diya Jha,494,1,669.97,4,2,3,9,Loyal
CUST-3254,Anaya Kumar,363,1,409.47,3,2,2,7,Developing
CUST-3254,Anaya Sharma,429,1,2131.9,3,2,5,10,Loyal
CUST-3257,Diya Gupta,180,1,2306.83,2,2,5,9,Loyal
CUST-3257,Kabir Verma,211,1,1158.17,2,2,4,8,Developing
CUST-3258,Meera Roy,54,1,886.07,1,2,3,6,Developing
CUST-3259,Diya Roy,101,1,1247.5,1,2,4,7,Developing
CUST-3259,Meera Sinha,614,1,665.51,5,2,3,10,Loyal
CUST-3260,Anaya Sharma,303,1,597.39,3,2,3,8,Developing
CUST-3261,Diya Gupta,441,1,455.34,4,2,2,8,Developing
CUST-3261,Isha Sharma,578,1,539.98,4,2,3,9,Loyal
CUST-3262,Isha Das,609,1,556.87,5,2,3,10,Loyal
CUST-3263,Anaya Gupta,492,1,3174.16,4,2,5,11,Loyal
CUST-3264,Anaya Verma,28,1,672.71,1,2,3,6,Developing
CUST-3264,Arjun Kumar,254,1,987.0,2,2,4,8,Developing
CUST-3265,Arjun Jha,322,1,2153.69,3,2,5,10,Loyal
CUST-3265,Meera Sharma,538,1,59.9,4,2,1,7,Developing
CUST-3266,Arjun Gupta,451,1,859.44,4,2,3,9,Loyal
CUST-3266,Meera Sharma,370,1,2830.98,3,2,5,10,Loyal
CUST-3267,Diya Roy,155,1,4310.33,2,2,5,9,Loyal
CUST-3269,Aditya Singh,243,1,427.78,2,2,2,6,Developing
CUST-3269,Vivaan Patel,525,1,204.25,4,2,1,7,Developing
CUST-3270,Isha Sharma,619,1,1171.96,5,2,4,11,Loyal
CUST-3270,Riya Das,492,1,376.28,4,2,2,8,Developing
CUST-3270,Riya Jha,323,1,381.89,3,2,2,7,Developing
CUST-3272,Riya Das,720,1,2386.43,5,2,5,12,Champions
CUST-3273,Isha Singh,527,1,828.2,4,2,3,9,Loyal
CUST-3275,Isha Patel,722,1,749.42,5,2,3,10,Loyal
CUST-3276,Arjun Singh,87,1,181.69,1,2,1,4,At Risk
CUST-3279,Anaya Patel,473,1,547.79,4,2,3,9,Loyal
CUST-3280,Arjun Verma,455,1,1719.85,4,2,4,10,Loyal
CUST-3280,Diya Roy,510,1,351.19,4,2,2,8,Developing
CUST-3281,Kabir Das,332,1,341.0,3,2,2,7,Developing
CUST-3283,Aarav Kumar,99,1,513.33,1,2,2,5,At Risk
CUST-3285,Arjun Kumar,555,1,3158.4,4,2,5,11,Loyal
CUST-3285,Kabir Roy,640,1,313.25,5,2,2,9,Loyal
CUST-3287,Diya Das,370,1,255.01,3,2,2,7,Developing
CUST-3288,Arjun Patel,147,1,257.86,2,2,2,6,Developing
CUST-3288,Isha Sharma,295,1,1418.36,3,2,4,9,Loyal
CUST-3289,Arjun Das,122,1,408.24,1,2,2,5,At Risk
CUST-3290,Anaya Jha,444,1,126.44,4,2,1,7,Developing
CUST-3291,Arjun Jha,499,1,1484.56,4,2,4,10,Loyal
CUST-3291,Diya Patel,178,1,931.74,2,2,3,7,Developing
CUST-3291,Isha Singh,3,1,298.76,1,2,2,5,At Risk
CUST-3292,Isha Roy,313,1,746.73,3,2,3,8,Developing
CUST-3293,Aditya Sharma,530,1,445.69,4,2,2,8,Developing
CUST-3294,Kabir Patel,406,1,286.22,3,2,2,7,Developing
CUST-3295,Riya Sharma,89,1,2573.97,1,2,5,8,Developing
CUST-3296,Aarav Verma,542,2,1009.5999999999999,4,5,4,13,Champions
CUST-3297,Anaya Kumar,581,1,629.26,5,2,3,10,Loyal
CUST-3297,Arjun Gupta,389,1,1502.43,3,2,4,9,Loyal
CUST-3297,Meera Sinha,501,1,590.27,4,2,3,9,Loyal
CUST-3297,Riya Sinha,401,1,2897.28,3,2,5,10,Loyal
CUST-3298,Diya Sinha,151,1,210.73,2,2,1,5,At Risk
CUST-3299,Aarav Jha,49,1,3295.74,1,2,5,8,Developing
CUST-3299,Anaya Singh,605,1,791.27,5,2,3,10,Loyal
CUST-3300,Aditya Das,267,1,800.65,2,2,3,7,Developing
CUST-3300,Anaya Gupta,422,1,287.25,3,2,2,7,Developing
CUST-3300,Arjun Sharma,543,1,2690.73,4,2,5,11,Loyal
CUST-3300,Vivaan Kumar,681,1,49.12,5,2,1,8,Developing
CUST-3301,Aarav Das,262,1,258.31,2,2,2,6,Developing
CUST-3302,Diya Jha,356,1,863.06,3,2,3,8,Developing
CUST-3302,Meera Das,1,1,1128.72,1,2,4,7,Developing
CUST-3303,Kabir Das,180,1,689.05,2,2,3,7,Developing
CUST-3303,Meera Singh,477,1,890.67,4,2,3,9,Loyal
CUST-3303,Riya Patel,204,1,396.93,2,2,2,6,Developing
CUST-3303,Riya Sinha,563,1,4751.81,4,2,5,11,Loyal
CUST-3304,Kabir Das,260,1,233.55,2,2,1,5,At Risk
CUST-3306,Anaya Kumar,457,1,847.94,4,2,3,9,Loyal
CUST-3306,Anaya Patel,227,1,2521.3,2,2,5,9,Loyal
CUST-3306,Diya Jha,463,1,2377.36,4,2,5,11,Loyal
CUST-3306,Isha Singh,133,1,128.64,1,2,1,4,At Risk
CUST-3307,Aditya Sharma,493,1,1242.2,4,2,4,10,Loyal
CUST-3307,Anaya Sharma,438,1,3233.72,4,2,5,11,Loyal
CUST-3307,Arjun Singh,80,1,3157.32,1,2,5,8,Developing
CUST-3308,Arjun Jha,718,1,992.07,5,2,4,11,Loyal
CUST-3308,Diya Jha,410,1,106.77,3,2,1,6,Developing
CUST-3309,Riya Jha,473,1,1184.7,4,2,4,10,Loyal
CUST-3311,Diya Kumar,250,1,21.69,2,2,1,5,At Risk
CUST-3311,Meera Das,323,1,106.45,3,2,1,6,Developing
CUST-3311,Riya Jha,56,1,1522.6,1,2,4,7,Developing
CUST-3312,Aditya Kumar,36,1,3644.93,1,2,5,8,Developing
CUST-3312,Isha Jha,698,1,61.82,5,2,1,8,Developing
CUST-3312,Riya Das,724,1,735.62,5,2,3,10,Loyal
CUST-3313,Riya Verma,342,1,740.98,3,2,3,8,Developing
CUST-3314,Anaya Gupta,102,1,91.29,1,2,1,4,At Risk
CUST-3314,Arjun Kumar,343,1,265.19,3,2,2,7,Developing
CUST-3314,Isha Patel,305,1,2139.4,3,2,5,10,Loyal
CUST-3315,Diya Roy,494,1,884.42,4,2,3,9,Loyal
CUST-3316,Riya Singh,121,1,311.4,1,2,2,5,At Risk
CUST-3316,Riya Sinha,593,1,425.03,5,2,2,9,Loyal
CUST-3317,Arjun Gupta,259,1,2015.28,2,2,5,9,Loyal
CUST-3318,Isha Roy,406,1,4421.04,3,2,5,10,Loyal
CUST-3318,Meera Verma,39,1,1469.81,1,2,4,7,Developing
CUST-3319,Anaya Singh,387,1,685.14,3,2,3,8,Developing
CUST-3319,Arjun Singh,669,1,1445.27,5,2,4,11,Loyal
CUST-3319,Isha Gupta,382,1,262.29,3,2,2,7,Developing
CUST-3320,Diya Jha,210,1,97.43,2,2,1,5,At Risk
CUST-3320,Riya Kumar,298,1,269.24,3,2,2,7,Developing
CUST-3321,Diya Verma,97,1,674.89,1,2,3,6,Developing
CUST-3323,Diya Kumar,296,1,597.32,3,2,3,8,Developing
CUST-3324,Riya Singh,129,1,507.08,1,2,2,5,At Risk
CUST-3326,Anaya Sharma,230,1,166.43,2,2,1,5,At Risk
CUST-3326,Diya Gupta,214,1,116.7,2,2,1,5,At Risk
CUST-3328,Kabir Sharma,288,1,540.56,2,2,3,7,Developing
CUST-3329,Aarav Roy,200,1,129.92,2,2,1,5,At Risk
CUST-3329,Aditya Sinha,63,1,584.92,1,2,3,6,Developing
CUST-3331,Riya Verma,649,1,1027.09,5,2,4,11,Loyal
CUST-3331,Vivaan Verma,83,2,2984.11,1,5,5,11,Loyal
CUST-3332,Aarav Patel,361,1,760.8,3,2,3,8,Developing
CUST-3333,Aarav Sinha,646,1,9.94,5,2,1,8,Developing
CUST-3333,Aditya Roy,28,1,759.07,1,2,3,6,Developing
CUST-3334,Isha Singh,578,1,680.21,4,2,3,9,Loyal
CUST-3335,Anaya Sharma,123,1,2474.74,1,2,5,8,Developing
CUST-3336,Diya Jha,447,1,544.72,4,2,3,9,Loyal
CUST-3336,Riya Singh,277,1,236.96,2,2,1,5,At Risk
CUST-3337,Kabir Roy,716,1,278.15,5,2,2,9,Loyal
CUST-3338,Aarav Das,689,1,2324.03,5,2,5,12,Champions
CUST-3338,Kabir Verma,166,1,1975.26,2,2,5,9,Loyal
CUST-3339,Anaya Das,61,1,1618.29,1,2,4,7,Developing
CUST-3341,Aarav Kumar,566,1,216.67,4,2,1,7,Developing
CUST-3341,Diya Sinha,701,1,2289.21,5,2,5,12,Champions
CUST-3342,Arjun Roy,472,1,269.16,4,2,2,8,Developing
CUST-3343,Vivaan Sinha,53,1,598.4,1,2,3,6,Developing
CUST-3345,Aditya Roy,274,1,3316.73,2,2,5,9,Loyal
CUST-3345,Isha Jha,81,1,477.5,1,2,2,5,At Risk
CUST-3345,Kabir Singh,588,1,3274.95,5,2,5,12,Champions
CUST-3346,Aarav Singh,729,1,3548.72,5,2,5,12,Champions
CUST-3346,Aditya Kumar,720,1,170.61,5,2,1,8,Developing
CUST-3347,Vivaan Verma,312,1,543.14,3,2,3,8,Developing
CUST-3349,Diya Sharma,342,1,12.54,3,2,1,6,Developing
CUST-3351,Kabir Patel,203,1,1314.67,2,2,4,8,Developing
CUST-3352,Riya Sharma,87,1,91.93,1,2,1,4,At Risk
CUST-3353,Meera Das,243,1,84.98,2,2,1,5,At Risk
CUST-3354,Anaya Sharma,425,1,3862.83,3,2,5,10,Loyal
CUST-3354,Diya Roy,211,1,1755.25,2,2,4,8,Developing
CUST-3354,Vivaan Sinha,54,1,161.78,1,2,1,4,At Risk
CUST-3355,Anaya Das,272,1,127.65,2,2,1,5,At Risk
CUST-3356,Anaya Singh,717,1,2493.55,5,2,5,12,Champions
CUST-3356,Isha Singh,537,1,317.95,4,2,2,8,Developing
CUST-3357,Isha Gupta,288,1,288.4,2,2,2,6,Developing
CUST-3358,Vivaan Singh,691,1,1511.01,5,2,4,11,Loyal
CUST-3359,Riya Roy,694,1,3194.56,5,2,5,12,Champions
CUST-3359,Vivaan Patel,225,1,94.03,2,2,1,5,At Risk
CUST-3360,Riya Sharma,611,1,597.42,5,2,3,10,Loyal
CUST-3362,Riya Patel,27,1,2791.55,1,2,5,8,Developing
CUST-3363,Isha Singh,512,1,4841.2,4,2,5,11,Loyal
CUST-3363,Kabir Das,623,1,263.16,5,2,2,9,Loyal
CUST-3364,Anaya Sharma,121,1,206.31,1,2,1,4,At Risk
CUST-3364,Kabir Das,463,1,5270.79,4,2,5,11,Loyal
CUST-3365,Aarav Sinha,23,1,4437.33,1,2,5,8,Developing
CUST-3365,Anaya Sharma,345,1,606.58,3,2,3,8,Developing
CUST-3365,Meera Sharma,527,1,766.4,4,2,3,9,Loyal
CUST-3365,Riya Jha,274,1,993.74,2,2,4,8,Developing
CUST-3366,Aarav Jha,289,1,3401.47,2,2,5,9,Loyal
CUST-3366,Kabir Jha,348,1,1479.54,3,2,4,9,Loyal
CUST-3367,Aditya Verma,219,1,315.69,2,2,2,6,Developing
CUST-3367,Meera Sinha,612,1,9.57,5,2,1,8,Developing
CUST-3368,Aarav Sinha,278,1,579.36,2,2,3,7,Developing
CUST-3368,Isha Singh,478,1,1050.98,4,2,4,10,Loyal
CUST-3369,Aditya Sharma,531,1,150.72,4,2,1,7,Developing
CUST-3370,Arjun Patel,533,1,2360.71,4,2,5,11,Loyal
CUST-3370,Kabir Roy,145,1,14.39,1,2,1,4,At Risk
CUST-3370,Riya Sinha,327,1,50.4,3,2,1,6,Developing
CUST-3371,Aditya Das,523,1,1067.92,4,2,4,10,Loyal
CUST-3371,Isha Sinha,119,1,2288.3,1,2,5,8,Developing
CUST-3373,Arjun Sinha,602,1,2173.38,5,2,5,12,Champions
CUST-3374,Aarav Gupta,171,1,823.84,2,2,3,7,Developing
CUST-3374,Arjun Patel,470,1,1863.01,4,2,4,10,Loyal
CUST-3374,Isha Sharma,403,1,820.19,3,2,3,8,Developing
CUST-3374,Meera Gupta,155,1,1238.42,2,2,4,8,Developing
CUST-3374,Riya Jha,491,1,2182.15,4,2,5,11,Loyal
CUST-3375,Diya Singh,139,1,433.44,1,2,2,5,At Risk
CUST-3375,Meera Sharma,137,1,3532.38,1,2,5,8,Developing
CUST-3376,Anaya Singh,487,1,261.62,4,2,2,8,Developing
CUST-3376,Riya Verma,437,1,1939.44,4,2,5,11,Loyal
CUST-3377,Isha Singh,577,1,147.74,4,2,1,7,Developing
CUST-3378,Isha Gupta,226,1,674.14,2,2,3,7,Developing
CUST-3378,Riya Singh,232,1,992.14,2,2,4,8,Developing
CUST-3380,Kabir Das,350,1,529.74,3,2,3,8,Developing
CUST-3380,Kabir Patel,598,1,1081.85,5,2,4,11,Loyal
CUST-3381,Aditya Roy,369,1,935.34,3,2,3,8,Developing
CUST-3382,Diya Kumar,690,1,1628.22,5,2,4,11,Loyal
CUST-3383,Riya Das,78,1,1492.91,1,2,4,7,Developing
CUST-3384,Meera Sharma,206,1,452.41,2,2,2,6,Developing
CUST-3385,Aarav Sinha,325,1,540.68,3,2,3,8,Developing
CUST-3385,Anaya Roy,215,1,666.47,2,2,3,7,Developing
CUST-3385,Kabir Verma,648,1,492.89,5,2,2,9,Loyal
CUST-3386,Kabir Kumar,628,1,1591.66,5,2,4,11,Loyal
CUST-3386,Riya Verma,511,1,228.04,4,2,1,7,Developing
CUST-3386,Vivaan Jha,667,1,474.07,5,2,2,9,Loyal
CUST-3387,Aarav Sinha,293,2,1734.34,3,5,4,12,Champions
CUST-3390,Aditya Sinha,646,1,3109.37,5,2,5,12,Champions
CUST-3391,Arjun Jha,478,1,3547.33,4,2,5,11,Loyal
CUST-3392,Vivaan Sharma,674,1,176.13,5,2,1,8,Developing
CUST-3394,Anaya Sinha,210,1,1002.89,2,2,4,8,Developing
CUST-3394,Diya Sinha,129,1,730.84,1,2,3,6,Developing
CUST-3394,Isha Singh,370,1,37.12,3,2,1,6,Developing
CUST-3394,Riya Patel,526,1,501.2,4,2,2,8,Developing
CUST-3396,Diya Verma,474,1,167.4,4,2,1,7,Developing
CUST-3397,Aditya Verma,348,1,974.37,3,2,4,9,Loyal
CUST-3397,Anaya Gupta,668,1,74.66,5,2,1,8,Developing
CUST-3401,Aarav Verma,299,1,145.71,3,2,1,6,Developing
CUST-3401,Isha Verma,635,1,386.66,5,2,2,9,Loyal
CUST-3403,Diya Das,451,1,1042.21,4,2,4,10,Loyal
CUST-3403,Riya Verma,85,1,4152.41,1,2,5,8,Developing
CUST-3404,Riya Verma,178,1,2677.08,2,2,5,9,Loyal
CUST-3404,Vivaan Roy,5,1,3127.96,1,2,5,8,Developing
CUST-3406,Kabir Jha,568,1,2270.76,4,2,5,11,Loyal
CUST-3406,Kabir Verma,275,1,4185.4,2,2,5,9,Loyal
CUST-3407,Meera Roy,180,1,715.68,2,2,3,7,Developing
CUST-3408,Riya Gupta,543,1,3882.25,4,2,5,11,Loyal
CUST-3409,Meera Sinha,24,1,93.66,1,2,1,4,At Risk
CUST-3410,Meera Sharma,245,1,152.7,2,2,1,5,At Risk
CUST-3411,Arjun Das,524,1,67.51,4,2,1,7,Developing
CUST-3412,Anaya Sinha,674,1,27.26,5,2,1,8,Developing
CUST-3412,Kabir Das,278,1,60.88,2,2,1,5,At Risk
CUST-3413,Aditya Roy,53,2,2539.16,1,5,5,11,Loyal
CUST-3413,Arjun Jha,355,1,798.4,3,2,3,8,Developing
CUST-3413,Isha Das,637,1,93.51,5,2,1,8,Developing
CUST-3414,Arjun Patel,436,1,1156.07,4,2,4,10,Loyal
CUST-3414,Diya Verma,491,1,1046.52,4,2,4,10,Loyal
CUST-3414,Kabir Verma,392,1,400.18,3,2,2,7,Developing
CUST-3415,Aarav Roy,317,1,2239.0,3,2,5,10,Loyal
CUST-3415,Arjun Roy,173,1,288.32,2,2,2,6,Developing
CUST-3415,Isha Sinha,367,1,805.7,3,2,3,8,Developing
CUST-3416,Diya Kumar,441,1,475.21,4,2,2,8,Developing
CUST-3416,Isha Kumar,723,1,2748.94,5,2,5,12,Champions
CUST-3418,Anaya Sinha,725,1,273.2,5,2,2,9,Loyal
CUST-3418,Anaya Verma,136,1,3154.12,1,2,5,8,Developing
CUST-3419,Kabir Patel,493,1,920.33,4,2,3,9,Loyal
CUST-3419,Meera Patel,55,1,80.81,1,2,1,4,At Risk
CUST-3420,Meera Das,675,1,1608.42,5,2,4,11,Loyal
CUST-3421,Aditya Sharma,503,1,1230.89,4,2,4,10,Loyal
CUST-3421,Riya Jha,206,1,640.89,2,2,3,7,Developing
CUST-3421,Riya Sinha,340,1,555.57,3,2,3,8,Developing
CUST-3423,Aarav Roy,35,1,236.98,1,2,1,4,At Risk
CUST-3423,Anaya Patel,105,1,302.72,1,2,2,5,At Risk
CUST-3423,Arjun Das,547,1,346.08,4,2,2,8,Developing
CUST-3423,Diya Roy,55,1,1955.65,1,2,5,8,Developing
CUST-3424,Riya Patel,725,1,1672.43,5,2,4,11,Loyal
CUST-3425,Arjun Gupta,120,1,2122.77,1,2,5,8,Developing
CUST-3426,Isha Jha,601,1,173.79,5,2,1,8,Developing
CUST-3428,Anaya Singh,79,1,3133.24,1,2,5,8,Developing
CUST-3429,Aarav Das,672,1,145.53,5,2,1,8,Developing
CUST-3429,Isha Roy,604,1,2762.74,5,2,5,12,Champions
CUST-3430,Riya Das,665,1,1680.39,5,2,4,11,Loyal
CUST-3432,Aarav Patel,686,1,3974.12,5,2,5,12,Champions
CUST-3432,Aarav Verma,366,1,75.81,3,2,1,6,Developing
CUST-3432,Anaya Jha,442,1,2336.0,4,2,5,11,Loyal
CUST-3433,Kabir Sharma,503,1,684.03,4,2,3,9,Loyal
CUST-3433,Riya Das,396,1,209.72,3,2,1,6,Developing
CUST-3433,Riya Singh,359,1,266.73,3,2,2,7,Developing
CUST-3435,Kabir Patel,369,1,75.05,3,2,1,6,Developing
CUST-3435,Kabir Singh,582,1,989.0,5,2,4,11,Loyal
CUST-3436,Aditya Roy,61,1,1100.47,1,2,4,7,Developing
CUST-3437,Aarav Patel,36,1,2762.66,1,2,5,8,Developing
CUST-3437,Diya Singh,178,1,133.36,2,2,1,5,At Risk
CUST-3439,Riya Verma,685,1,526.72,5,2,3,10,Loyal
CUST-3440,Meera Jha,488,1,3385.31,4,2,5,11,Loyal
CUST-3443,Arjun Sinha,397,1,14.67,3,2,1,6,Developing
CUST-3444,Isha Sharma,517,1,2405.28,4,2,5,11,Loyal
CUST-3445,Anaya Sharma,85,1,428.93,1,2,2,5,At Risk
CUST-3445,Vivaan Kumar,107,2,5556.24,1,5,5,11,Loyal
CUST-3446,Aarav Roy,127,1,954.89,1,2,4,7,Developing
CUST-3446,Aarav Sinha,174,1,122.97,2,2,1,5,At Risk
CUST-3448,Aarav Patel,490,1,3165.87,4,2,5,11,Loyal
CUST-3448,Kabir Roy,313,1,2049.34,3,2,5,10,Loyal
CUST-3449,Meera Patel,577,1,704.92,4,2,3,9,Loyal
CUST-3450,Aditya Kumar,207,1,297.29,2,2,2,6,Developing
CUST-3450,Arjun Singh,121,1,5096.67,1,2,5,8,Developing
CUST-3450,Arjun Sinha,365,1,196.1,3,2,1,6,Developing
CUST-3450,Vivaan Sharma,632,1,1613.21,5,2,4,11,Loyal
CUST-3451,Kabir Singh,253,1,3757.05,2,2,5,9,Loyal
CUST-3452,Diya Das,250,1,683.78,2,2,3,7,Developing
CUST-3452,Diya Sinha,340,1,380.06,3,2,2,7,Developing
CUST-3452,Vivaan Roy,419,1,595.09,3,2,3,8,Developing
CUST-3454,Vivaan Kumar,314,1,1046.8,3,2,4,9,Loyal
CUST-3455,Meera Patel,662,1,2023.5,5,2,5,12,Champions
CUST-3456,Anaya Roy,518,1,107.92,4,2,1,7,Developing
CUST-3456,Kabir Patel,473,1,1577.52,4,2,4,10,Loyal
CUST-3456,Meera Singh,159,1,1355.17,2,2,4,8,Developing
CUST-3456,Riya Gupta,198,1,154.99,2,2,1,5,At Risk
CUST-3459,Riya Verma,345,1,45.48,3,2,1,6,Developing
CUST-3460,Aditya Jha,553,1,865.3,4,2,3,9,Loyal
CUST-3460,Anaya Kumar,431,1,768.94,3,2,3,8,Developing
CUST-3460,Anaya Roy,378,1,1752.28,3,2,4,9,Loyal
CUST-3460,Meera Gupta,358,1,898.24,3,2,3,8,Developing
CUST-3460,Vivaan Kumar,711,1,1565.29,5,2,4,11,Loyal
CUST-3461,Vivaan Roy,595,1,2264.99,5,2,5,12,Champions
CUST-3462,Isha Gupta,632,1,109.89,5,2,1,8,Developing
CUST-3462,Kabir Jha,334,1,374.97,3,2,2,7,Developing
CUST-3463,Diya Sinha,559,1,1524.65,4,2,4,10,Loyal
CUST-3463,Riya Kumar,527,1,1296.83,4,2,4,10,Loyal
CUST-3463,Vivaan Patel,94,1,815.2,1,2,3,6,Developing
CUST-3464,Isha Sinha,41,1,2021.17,1,2,5,8,Developing
CUST-3464,Riya Singh,238,1,524.76,2,2,2,6,Developing
CUST-3465,Isha Patel,584,1,839.11,5,2,3,10,Loyal
CUST-3466,Arjun Singh,514,1,452.63,4,2,2,8,Developing
CUST-3466,Diya Roy,80,1,224.51,1,2,1,4,At Risk
CUST-3466,Isha Jha,190,1,781.24,2,2,3,7,Developing
CUST-3466,Meera Roy,564,1,1551.52,4,2,4,10,Loyal
CUST-3467,Arjun Sinha,588,1,147.51,5,2,1,8,Developing
CUST-3467,Meera Kumar,365,1,300.32,3,2,2,7,Developing
CUST-3468,Aarav Patel,553,1,698.02,4,2,3,9,Loyal
CUST-3468,Diya Verma,458,1,1601.86,4,2,4,10,Loyal
CUST-3468,Kabir Gupta,715,1,55.24,5,2,1,8,Developing
CUST-3469,Aarav Patel,129,1,3704.79,1,2,5,8,Developing
CUST-3473,Arjun Sharma,552,1,795.05,4,2,3,9,Loyal
CUST-3473,Kabir Sinha,441,1,259.61,4,2,2,8,Developing
CUST-3473,Riya Roy,550,1,648.34,4,2,3,9,Loyal
CUST-3475,Aarav Gupta,125,1,529.21,1,2,3,6,Developing
CUST-3475,Diya Verma,651,1,95.22,5,2,1,8,Developing
CUST-3476,Arjun Kumar,74,1,549.08,1,2,3,6,Developing
CUST-3476,Meera Kumar,233,1,785.55,2,2,3,7,Developing
CUST-3478,Arjun Sharma,457,1,472.4,4,2,2,8,Developing
CUST-3478,Arjun Verma,608,1,93.09,5,2,1,8,Developing
CUST-3478,Kabir Das,630,1,846.92,5,2,3,10,Loyal
CUST-3479,Aarav Sinha,585,1,1135.45,5,2,4,11,Loyal
CUST-3479,Arjun Patel,139,1,721.31,1,2,3,6,Developing
CUST-3480,Arjun Sharma,127,1,758.29,1,2,3,6,Developing
CUST-3480,Diya Singh,494,1,1376.49,4,2,4,10,Loyal
CUST-3481,Kabir Das,537,1,101.35,4,2,1,7,Developing
CUST-3482,Diya Jha,451,1,4144.05,4,2,5,11,Loyal
CUST-3483,Arjun Singh,594,1,77.65,5,2,1,8,Developing
CUST-3484,Isha Sinha,283,1,3607.9,2,2,5,9,Loyal
CUST-3485,Meera Patel,110,1,390.92,1,2,2,5,At Risk
CUST-3485,Riya Kumar,300,1,100.31,3,2,1,6,Developing
CUST-3486,Aditya Singh,520,1,505.73,4,2,2,8,Developing
CUST-3486,Anaya Sinha,556,1,1516.47,4,2,4,10,Loyal
CUST-3486,Anaya Verma,461,1,2039.02,4,2,5,11,Loyal
CUST-3488,Meera Sharma,331,1,881.67,3,2,3,8,Developing
CUST-3489,Aarav Sharma,548,1,129.02,4,2,1,7,Developing
CUST-3490,Vivaan Das,63,1,1732.58,1,2,4,7,Developing
CUST-3492,Aditya Das,82,1,1652.85,1,2,4,7,Developing
CUST-3497,Aarav Das,28,1,1773.36,1,2,4,7,Developing
CUST-3498,Arjun Verma,156,1,3251.86,2,2,5,9,Loyal
CUST-3498,Diya Sharma,660,1,260.32,5,2,2,9,Loyal
CUST-3498,Riya Gupta,180,1,3291.76,2,2,5,9,Loyal
CUST-3499,Diya Verma,695,1,1719.77,5,2,4,11,Loyal
CUST-3500,Aarav Singh,27,1,2287.01,1,2,5,8,Developing
CUST-3501,Meera Jha,48,1,3491.33,1,2,5,8,Developing
CUST-3503,Aditya Das,264,1,802.28,2,2,3,7,Developing
CUST-3503,Meera Gupta,583,1,294.39,5,2,2,9,Loyal
CUST-3503,Riya Verma,128,1,25.77,1,2,1,4,At Risk
CUST-3504,Anaya Sinha,416,1,935.14,3,2,3,8,Developing
CUST-3504,Diya Sharma,33,1,1157.32,1,2,4,7,Developing
CUST-3504,Kabir Jha,146,1,302.51,2,2,2,6,Developing
CUST-3506,Vivaan Sharma,493,1,525.14,4,2,2,8,Developing
CUST-3507,Arjun Das,705,1,60.09,5,2,1,8,Developing
CUST-3507,Vivaan Singh,277,1,955.65,2,2,4,8,Developing
CUST-3511,Anaya Sinha,86,1,1164.89,1,2,4,7,Developing
CUST-3511,Riya Verma,370,1,1269.73,3,2,4,9,Loyal
CUST-3511,Vivaan Sharma,605,1,121.67,5,2,1,8,Developing
CUST-3513,Diya Kumar,44,1,865.59,1,2,3,6,Developing
CUST-3514,Aarav Das,9,1,921.62,1,2,3,6,Developing
CUST-3514,Riya Patel,645,1,1144.85,5,2,4,11,Loyal
CUST-3515,Aarav Singh,551,1,2869.97,4,2,5,11,Loyal
CUST-3515,Isha Sinha,627,1,227.64,5,2,1,8,Developing
CUST-3516,Aditya Patel,610,1,343.99,5,2,2,9,Loyal
CUST-3516,Arjun Jha,81,1,1540.42,1,2,4,7,Developing
CUST-3516,Riya Jha,690,1,252.01,5,2,2,9,Loyal
CUST-3517,Diya Sinha,709,1,293.0,5,2,2,9,Loyal
CUST-3517,Vivaan Das,258,1,1111.76,2,2,4,8,Developing
CUST-3518,Isha Verma,49,1,49.32,1,2,1,4,At Risk
CUST-3519,Kabir Kumar,42,1,927.1,1,2,3,6,Developing
CUST-3520,Aarav Sinha,413,1,698.02,3,2,3,8,Developing
CUST-3520,Diya Roy,53,1,749.05,1,2,3,6,Developing
CUST-3520,Meera Roy,326,1,2626.7,3,2,5,10,Loyal
CUST-3522,Diya Jha,692,1,139.8,5,2,1,8,Developing
CUST-3522,Kabir Jha,55,1,521.72,1,2,2,5,At Risk
CUST-3523,Kabir Patel,233,1,41.95,2,2,1,5,At Risk
CUST-3524,Anaya Sinha,143,1,3453.99,1,2,5,8,Developing
CUST-3524,Arjun Singh,671,1,636.42,5,2,3,10,Loyal
CUST-3524,Vivaan Patel,186,1,3145.4,2,2,5,9,Loyal
CUST-3527,Kabir Gupta,602,1,75.1,5,2,1,8,Developing
CUST-3528,Kabir Kumar,716,1,4053.94,5,2,5,12,Champions
CUST-3529,Aditya Das,259,1,3820.93,2,2,5,9,Loyal
CUST-3529,Diya Singh,313,1,302.36,3,2,2,7,Developing
CUST-3529,Isha Sinha,446,1,423.36,4,2,2,8,Developing
CUST-3529,Riya Das,38,1,2160.4,1,2,5,8,Developing
CUST-3529,Riya Patel,92,1,253.31,1,2,2,5,At Risk
CUST-3529,Vivaan Verma,487,1,980.78,4,2,4,10,Loyal
CUST-3531,Arjun Roy,238,1,852.38,2,2,3,7,Developing
CUST-3533,Isha Singh,35,1,218.41,1,2,1,4,At Risk
CUST-3533,Meera Verma,696,1,134.97,5,2,1,8,Developing
CUST-3533,Riya Singh,638,1,5091.85,5,2,5,12,Champions
CUST-3534,Isha Gupta,311,1,809.16,3,2,3,8,Developing
CUST-3534,Riya Kumar,419,1,211.94,3,2,1,6,Developing
CUST-3535,Aarav Jha,344,1,746.23,3,2,3,8,Developing
CUST-3535,Aarav Sharma,231,1,704.94,2,2,3,7,Developing
CUST-3535,Anaya Sharma,88,1,144.68,1,2,1,4,At Risk
CUST-3536,Diya Singh,231,1,801.49,2,2,3,7,Developing
CUST-3537,Anaya Gupta,636,1,4198.96,5,2,5,12,Champions
CUST-3541,Meera Roy,118,1,761.03,1,2,3,6,Developing
CUST-3542,Aarav Das,246,1,2030.82,2,2,5,9,Loyal
CUST-3542,Aarav Patel,574,1,139.74,4,2,1,7,Developing
CUST-3543,Aarav Patel,510,1,623.57,4,2,3,9,Loyal
CUST-3543,Arjun Jha,196,1,104.76,2,2,1,5,At Risk
CUST-3543,Arjun Patel,708,1,46.84,5,2,1,8,Developing
CUST-3543,Kabir Kumar,347,1,50.18,3,2,1,6,Developing
CUST-3543,Kabir Singh,578,1,30.3,4,2,1,7,Developing
CUST-3544,Riya Jha,534,1,1153.83,4,2,4,10,Loyal
CUST-3545,Anaya Das,283,1,568.35,2,2,3,7,Developing
CUST-3545,Kabir Kumar,576,1,1165.48,4,2,4,10,Loyal
CUST-3545,Kabir Patel,13,1,1211.25,1,2,4,7,Developing
CUST-3546,Meera Patel,531,1,1726.29,4,2,4,10,Loyal
CUST-3547,Aditya Das,100,1,1220.32,1,2,4,7,Developing
CUST-3547,Meera Gupta,269,1,3661.86,2,2,5,9,Loyal
CUST-3547,Riya Das,556,1,361.38,4,2,2,8,Developing
CUST-3548,Aditya Verma,622,1,152.94,5,2,1,8,Developing
CUST-3548,Vivaan Singh,553,1,568.45,4,2,3,9,Loyal
CUST-3549,Anaya Sharma,239,1,339.22,2,2,2,6,Developing
CUST-3549,Diya Patel,552,1,1635.17,4,2,4,10,Loyal
CUST-3549,Meera Kumar,158,1,130.52,2,2,1,5,At Risk
CUST-3550,Diya Das,31,1,83.47,1,2,1,4,At Risk
CUST-3550,Diya Jha,472,1,338.54,4,2,2,8,Developing
CUST-3550,Vivaan Verma,83,1,553.15,1,2,3,6,Developing
CUST-3551,Aditya Verma,83,1,2163.12,1,2,5,8,Developing
CUST-3551,Diya Jha,575,1,425.79,4,2,2,8,Developing
CUST-3551,Diya Roy,400,1,540.21,3,2,3,8,Developing
CUST-3551,Meera Patel,721,1,198.7,5,2,1,8,Developing
CUST-3552,Aarav Sinha,135,1,422.2,1,2,2,5,At Risk
CUST-3552,Anaya Gupta,539,1,385.76,4,2,2,8,Developing
CUST-3552,Meera Jha,126,1,387.39,1,2,2,5,At Risk
CUST-3552,Meera Singh,675,1,41.02,5,2,1,8,Developing
CUST-3555,Aditya Jha,288,1,1109.16,2,2,4,8,Developing
CUST-3555,Arjun Patel,209,1,1220.67,2,2,4,8,Developing
CUST-3555,Kabir Roy,60,1,73.43,1,2,1,4,At Risk
CUST-3555,Vivaan Gupta,206,1,465.48,2,2,2,6,Developing
CUST-3556,Isha Verma,667,1,2080.29,5,2,5,12,Champions
CUST-3557,Meera Singh,286,1,488.21,2,2,2,6,Developing
CUST-3558,Riya Kumar,33,1,173.35,1,2,1,4,At Risk
CUST-3561,Aditya Das,90,1,3438.7,1,2,5,8,Developing
CUST-3562,Aarav Sinha,103,1,460.98,1,2,2,5,At Risk
CUST-3562,Arjun Jha,588,1,2916.02,5,2,5,12,Champions
CUST-3562,Kabir Das,139,1,510.38,1,2,2,5,At Risk
CUST-3562,Vivaan Verma,176,1,455.44,2,2,2,6,Developing
CUST-3563,Arjun Kumar,540,1,255.48,4,2,2,8,Developing
CUST-3564,Aditya Jha,641,1,1353.59,5,2,4,11,Loyal
CUST-3565,Anaya Roy,616,1,763.72,5,2,3,10,Loyal
CUST-3565,Meera Patel,170,1,1328.57,2,2,4,8,Developing
CUST-3566,Arjun Jha,427,1,93.93,3,2,1,6,Developing
CUST-3567,Aarav Verma,527,1,446.93,4,2,2,8,Developing
CUST-3567,Diya Singh,668,1,963.25,5,2,4,11,Loyal
CUST-3567,Vivaan Patel,380,1,3800.94,3,2,5,10,Loyal
CUST-3568,Aditya Kumar,474,1,1258.65,4,2,4,10,Loyal
CUST-3568,Arjun Roy,51,1,322.87,1,2,2,5,At Risk
CUST-3569,Arjun Verma,322,1,137.14,3,2,1,6,Developing
CUST-3569,Vivaan Jha,2,1,1952.18,1,2,5,8,Developing
CUST-3570,Anaya Patel,339,1,158.39,3,2,1,6,Developing
CUST-3570,Diya Singh,103,1,453.33,1,2,2,5,At Risk
CUST-3572,Aarav Roy,587,1,333.61,5,2,2,9,Loyal
CUST-3572,Diya Kumar,259,1,1283.18,2,2,4,8,Developing
CUST-3572,Vivaan Verma,607,1,2125.88,5,2,5,12,Champions
CUST-3573,Diya Singh,504,1,1758.61,4,2,4,10,Loyal
CUST-3573,Kabir Sharma,375,1,748.47,3,2,3,8,Developing
CUST-3575,Meera Kumar,465,1,3090.17,4,2,5,11,Loyal
CUST-3576,Arjun Gupta,539,1,1142.5,4,2,4,10,Loyal
CUST-3578,Aditya Sinha,318,1,2125.35,3,2,5,10,Loyal
CUST-3578,Arjun Verma,435,1,678.97,3,2,3,8,Developing
CUST-3579,Aarav Verma,402,1,1687.56,3,2,4,9,Loyal
CUST-3580,Aditya Das,557,1,44.46,4,2,1,7,Developing
CUST-3580,Diya Jha,116,1,204.03,1,2,1,4,At Risk
CUST-3581,Anaya Sharma,509,1,1176.51,4,2,4,10,Loyal
CUST-3582,Aditya Sharma,38,1,55.79,1,2,1,4,At Risk
CUST-3583,Meera Sinha,194,1,976.37,2,2,4,8,Developing
CUST-3585,Aarav Das,310,1,1342.91,3,2,4,9,Loyal
CUST-3585,Aarav Sinha,163,1,400.87,2,2,2,6,Developing
CUST-3585,Riya Roy,438,1,1948.45,4,2,5,11,Loyal
CUST-3586,Diya Singh,426,1,792.9,3,2,3,8,Developing
CUST-3586,Isha Sinha,16,1,283.59,1,2,2,5,At Risk
CUST-3587,Diya Singh,225,1,332.93,2,2,2,6,Developing
CUST-3587,Kabir Sinha,302,1,342.98,3,2,2,7,Developing
CUST-3587,Meera Singh,176,1,2591.62,2,2,5,9,Loyal
CUST-3588,Isha Gupta,235,1,336.03,2,2,2,6,Developing
CUST-3588,Vivaan Das,535,1,652.5,4,2,3,9,Loyal
CUST-3589,Arjun Jha,220,1,1208.62,2,2,4,8,Developing
CUST-3589,Isha Singh,665,1,37.11,5,2,1,8,Developing
CUST-3590,Aarav Jha,114,1,117.07,1,2,1,4,At Risk
CUST-3590,Kabir Patel,375,1,3041.59,3,2,5,10,Loyal
CUST-3590,Vivaan Kumar,472,1,145.48,4,2,1,7,Developing
CUST-3591,Anaya Das,588,1,1643.74,5,2,4,11,Loyal
CUST-3592,Riya Jha,172,1,4063.62,2,2,5,9,Loyal
CUST-3593,Diya Verma,147,1,3699.44,2,2,5,9,Loyal
CUST-3594,Vivaan Das,305,1,1044.7,3,2,4,9,Loyal
CUST-3594,Vivaan Singh,363,1,848.95,3,2,3,8,Developing
CUST-3595,Kabir Roy,543,1,2463.85,4,2,5,11,Loyal
CUST-3597,Arjun Das,37,1,1266.59,1,2,4,7,Developing
CUST-3597,Isha Patel,678,1,207.38,5,2,1,8,Developing
CUST-3599,Isha Das,665,1,2778.89,5,2,5,12,Champions
CUST-3600,Diya Singh,479,1,639.16,4,2,3,9,Loyal
CUST-3600,Kabir Kumar,112,1,260.92,1,2,2,5,At Risk
CUST-3601,Anaya Gupta,200,1,564.56,2,2,3,7,Developing
CUST-3601,Kabir Jha,523,1,633.64,4,2,3,9,Loyal
CUST-3602,Riya Kumar,349,1,531.02,3,2,3,8,Developing
CUST-3604,Aarav Das,83,1,176.89,1,2,1,4,At Risk
CUST-3604,Diya Roy,669,1,2435.57,5,2,5,12,Champions
CUST-3604,Meera Das,427,1,105.19,3,2,1,6,Developing
CUST-3607,Aditya Kumar,352,1,1518.41,3,2,4,9,Loyal
CUST-3608,Diya Roy,74,1,4661.09,1,2,5,8,Developing
CUST-3610,Diya Kumar,540,1,625.57,4,2,3,9,Loyal
CUST-3611,Kabir Roy,89,1,90.68,1,2,1,4,At Risk
CUST-3611,Riya Roy,645,1,2139.8,5,2,5,12,Champions
CUST-3612,Aarav Jha,165,2,1917.6499999999999,2,5,4,11,Loyal
CUST-3612,Aarav Roy,644,1,419.65,5,2,2,9,Loyal
CUST-3613,Isha Das,597,1,110.86,5,2,1,8,Developing
CUST-3613,Riya Roy,114,1,2355.94,1,2,5,8,Developing
CUST-3614,Diya Verma,88,1,451.56,1,2,2,5,At Risk
CUST-3615,Isha Singh,52,1,1922.03,1,2,5,8,Developing
CUST-3616,Riya Das,721,1,149.15,5,2,1,8,Developing
CUST-3617,Arjun Roy,422,1,2265.28,3,2,5,10,Loyal
CUST-3617,Arjun Sharma,303,1,2340.19,3,2,5,10,Loyal
CUST-3618,Diya Gupta,626,1,901.86,5,2,3,10,Loyal
CUST-3618,Vivaan Gupta,470,1,578.9,4,2,3,9,Loyal
CUST-3619,Kabir Jha,442,1,2186.51,4,2,5,11,Loyal
CUST-3621,Aditya Gupta,594,1,156.69,5,2,1,8,Developing
CUST-3621,Arjun Sinha,526,1,2526.35,4,2,5,11,Loyal
CUST-3621,Kabir Gupta,264,1,2546.73,2,2,5,9,Loyal
CUST-3621,Vivaan Das,309,1,125.9,3,2,1,6,Developing
CUST-3622,Anaya Kumar,705,1,131.59,5,2,1,8,Developing
CUST-3622,Meera Das,13,1,401.26,1,2,2,5,At Risk
CUST-3623,Aditya Patel,676,1,176.84,5,2,1,8,Developing
CUST-3625,Aarav Gupta,415,1,649.44,3,2,3,8,Developing
CUST-3626,Aditya Patel,25,1,205.11,1,2,1,4,At Risk
CUST-3626,Kabir Singh,194,1,1101.12,2,2,4,8,Developing
CUST-3627,Arjun Sharma,535,1,2437.73,4,2,5,11,Loyal
CUST-3627,Kabir Roy,683,1,311.65,5,2,2,9,Loyal
CUST-3627,Riya Singh,332,1,1324.16,3,2,4,9,Loyal
CUST-3627,Vivaan Das,285,1,2176.54,2,2,5,9,Loyal
CUST-3627,Vivaan Roy,549,1,889.33,4,2,3,9,Loyal
CUST-3629,Aditya Patel,450,1,226.99,4,2,1,7,Developing
CUST-3629,Arjun Das,159,1,28.34,2,2,1,5,At Risk
CUST-3630,Isha Jha,434,1,1416.86,3,2,4,9,Loyal
CUST-3631,Kabir Verma,123,1,714.23,1,2,3,6,Developing
CUST-3631,Vivaan Singh,283,1,97.89,2,2,1,5,At Risk
CUST-3631,Vivaan Sinha,289,1,720.46,2,2,3,7,Developing
CUST-3632,Aarav Patel,510,1,655.96,4,2,3,9,Loyal
CUST-3632,Diya Jha,464,1,132.6,4,2,1,7,Developing
CUST-3632,Isha Patel,337,1,226.08,3,2,1,6,Developing
CUST-3632,Kabir Kumar,20,1,53.69,1,2,1,4,At Risk
CUST-3633,Aarav Patel,371,1,2655.74,3,2,5,10,Loyal
CUST-3634,Aarav Gupta,429,1,213.82,3,2,1,6,Developing
CUST-3634,Meera Singh,683,1,858.19,5,2,3,10,Loyal
CUST-3635,Anaya Jha,636,1,1976.87,5,2,5,12,Champions
CUST-3635,Isha Singh,190,1,117.16,2,2,1,5,At Risk
CUST-3635,Kabir Verma,62,1,245.27,1,2,2,5,At Risk
CUST-3636,Riya Verma,290,1,1190.07,2,2,4,8,Developing
CUST-3637,Diya Roy,521,1,349.97,4,2,2,8,Developing
CUST-3638,Isha Das,77,1,577.19,1,2,3,6,Developing
CUST-3639,Anaya Das,394,1,315.39,3,2,2,7,Developing
CUST-3640,Aarav Gupta,347,2,4130.83,3,5,5,13,Champions
CUST-3642,Meera Das,720,1,1485.93,5,2,4,11,Loyal
CUST-3643,Arjun Singh,629,1,2141.95,5,2,5,12,Champions
CUST-3644,Kabir Patel,478,1,1204.23,4,2,4,10,Loyal
CUST-3645,Aarav Verma,157,1,184.88,2,2,1,5,At Risk
CUST-3645,Anaya Gupta,445,1,3590.02,4,2,5,11,Loyal
CUST-3645,Riya Singh,51,1,282.45,1,2,2,5,At Risk
CUST-3645,Vivaan Sharma,677,1,3277.71,5,2,5,12,Champions
CUST-3646,Arjun Gupta,553,1,1107.28,4,2,4,10,Loyal
CUST-3646,Diya Das,511,1,196.72,4,2,1,7,Developing
CUST-3648,Aarav Kumar,582,1,931.47,5,2,3,10,Loyal
CUST-3648,Aarav Singh,438,1,4572.45,4,2,5,11,Loyal
CUST-3648,Anaya Roy,223,1,2425.15,2,2,5,9,Loyal
CUST-3649,Isha Das,439,1,172.44,4,2,1,7,Developing
CUST-3649,Isha Sinha,35,1,1293.15,1,2,4,7,Developing
CUST-3649,Vivaan Verma,216,1,692.27,2,2,3,7,Developing
CUST-3650,Isha Jha,518,1,533.22,4,2,3,9,Loyal
CUST-3651,Vivaan Das,643,1,58.29,5,2,1,8,Developing
CUST-3652,Vivaan Kumar,634,1,160.46,5,2,1,8,Developing
CUST-3653,Kabir Jha,687,1,52.16,5,2,1,8,Developing
CUST-3653,Meera Kumar,551,1,662.87,4,2,3,9,Loyal
CUST-3653,Riya Gupta,466,1,791.19,4,2,3,9,Loyal
CUST-3655,Riya Sharma,386,1,1373.67,3,2,4,9,Loyal
CUST-3655,Vivaan Gupta,460,1,670.31,4,2,3,9,Loyal
CUST-3655,Vivaan Singh,19,1,3767.57,1,2,5,8,Developing
CUST-3656,Riya Kumar,564,1,2994.39,4,2,5,11,Loyal
CUST-3657,Aditya Roy,356,1,1760.27,3,2,4,9,Loyal
CUST-3658,Arjun Verma,600,1,245.24,5,2,2,9,Loyal
CUST-3659,Aditya Sinha,442,1,160.42,4,2,1,7,Developing
CUST-3661,Kabir Das,393,1,466.0,3,2,2,7,Developing
CUST-3662,Aditya Das,651,1,281.62,5,2,2,9,Loyal
CUST-3662,Aditya Kumar,531,1,200.71,4,2,1,7,Developing
CUST-3662,Vivaan Kumar,58,1,2325.24,1,2,5,8,Developing
CUST-3663,Arjun Jha,396,1,747.49,3,2,3,8,Developing
CUST-3663,Diya Kumar,235,1,1792.0,2,2,4,8,Developing
CUST-3665,Kabir Verma,238,1,724.8,2,2,3,7,Developing
CUST-3665,Meera Gupta,40,1,534.06,1,2,3,6,Developing
CUST-3665,Riya Jha,89,1,2167.45,1,2,5,8,Developing
CUST-3666,Aarav Roy,502,1,963.52,4,2,4,10,Loyal
CUST-3666,Riya Roy,491,1,803.96,4,2,3,9,Loyal
CUST-3667,Aarav Singh,150,1,1333.89,2,2,4,8,Developing
CUST-3667,Vivaan Singh,714,1,2711.9,5,2,5,12,Champions
CUST-3668,Diya Das,464,1,1412.64,4,2,4,10,Loyal
CUST-3669,Arjun Kumar,498,1,551.44,4,2,3,9,Loyal
CUST-3670,Diya Das,220,1,179.99,2,2,1,5,At Risk
CUST-3670,Diya Sinha,431,1,457.4,3,2,2,7,Developing
CUST-3670,Riya Sinha,451,1,667.8,4,2,3,9,Loyal
CUST-3671,Meera Jha,124,1,2974.28,1,2,5,8,Developing
CUST-3672,Aditya Patel,290,1,729.71,2,2,3,7,Developing
CUST-3672,Anaya Verma,165,1,3233.9,2,2,5,9,Loyal
CUST-3673,Aarav Patel,253,1,751.2,2,2,3,7,Developing
CUST-3673,Diya Sharma,98,1,258.95,1,2,2,5,At Risk
CUST-3674,Aarav Verma,17,1,532.21,1,2,3,6,Developing
CUST-3674,Kabir Roy,556,1,494.26,4,2,2,8,Developing
CUST-3675,Diya Gupta,185,1,248.43,2,2,2,6,Developing
CUST-3676,Arjun Patel,293,1,728.08,3,2,3,8,Developing
CUST-3676,Kabir Patel,7,1,1065.67,1,2,4,7,Developing
CUST-3676,Vivaan Kumar,450,1,803.47,4,2,3,9,Loyal
CUST-3677,Aarav Roy,596,1,385.67,5,2,2,9,Loyal
CUST-3677,Riya Patel,89,1,1755.86,1,2,4,7,Developing
CUST-3678,Arjun Verma,351,1,102.72,3,2,1,6,Developing
CUST-3678,Kabir Jha,404,1,1705.79,3,2,4,9,Loyal
CUST-3678,Riya Jha,563,1,785.12,4,2,3,9,Loyal
CUST-3679,Kabir Sharma,62,1,64.1,1,2,1,4,At Risk
CUST-3680,Diya Patel,127,1,557.13,1,2,3,6,Developing
CUST-3680,Meera Verma,475,1,76.06,4,2,1,7,Developing
CUST-3681,Diya Verma,721,1,3535.36,5,2,5,12,Champions
CUST-3682,Aditya Patel,522,1,2154.73,4,2,5,11,Loyal
CUST-3682,Diya Verma,455,1,276.05,4,2,2,8,Developing
CUST-3684,Arjun Roy,197,1,78.13,2,2,1,5,At Risk
CUST-3684,Isha Roy,398,1,2337.08,3,2,5,10,Loyal
CUST-3687,Meera Jha,522,1,99.9,4,2,1,7,Developing
CUST-3687,Vivaan Roy,704,1,120.99,5,2,1,8,Developing
CUST-3689,Anaya Gupta,131,1,1581.26,1,2,4,7,Developing
CUST-3689,Meera Roy,184,1,4208.34,2,2,5,9,Loyal
CUST-3691,Aarav Gupta,589,1,310.45,5,2,2,9,Loyal
CUST-3691,Aarav Sharma,72,1,2210.48,1,2,5,8,Developing
CUST-3691,Aditya Patel,137,1,738.2,1,2,3,6,Developing
CUST-3691,Anaya Roy,334,1,218.54,3,2,1,6,Developing
CUST-3691,Isha Singh,56,1,162.18,1,2,1,4,At Risk
CUST-3692,Diya Gupta,415,1,606.97,3,2,3,8,Developing
CUST-3692,Vivaan Kumar,133,1,860.78,1,2,3,6,Developing
CUST-3693,Diya Verma,240,1,1354.83,2,2,4,8,Developing
CUST-3693,Meera Sharma,690,1,2267.62,5,2,5,12,Champions
CUST-3693,Vivaan Das,53,1,512.26,1,2,2,5,At Risk
CUST-3694,Aarav Das,584,1,495.15,5,2,2,9,Loyal
CUST-3695,Aditya Das,306,1,604.95,3,2,3,8,Developing
CUST-3695,Vivaan Sharma,376,1,1903.83,3,2,4,9,Loyal
CUST-3696,Aarav Patel,462,2,1178.24,4,5,4,13,Champions
CUST-3696,Aditya Das,257,1,931.18,2,2,3,7,Developing
CUST-3696,Aditya Jha,558,1,137.14,4,2,1,7,Developing
CUST-3698,Anaya Kumar,329,1,692.94,3,2,3,8,Developing
CUST-3698,Isha Sharma,356,1,3583.78,3,2,5,10,Loyal
CUST-3699,Vivaan Jha,704,1,345.79,5,2,2,9,Loyal
CUST-3700,Anaya Sinha,520,1,467.27,4,2,2,8,Developing
CUST-3701,Aarav Sinha,179,1,363.75,2,2,2,6,Developing
CUST-3701,Kabir Sharma,224,1,39.97,2,2,1,5,At Risk
CUST-3701,Meera Kumar,8,1,270.25,1,2,2,5,At Risk
CUST-3702,Aarav Gupta,96,1,957.41,1,2,4,7,Developing
CUST-3702,Aditya Sharma,431,1,801.2,3,2,3,8,Developing
CUST-3702,Anaya Jha,209,1,753.37,2,2,3,7,Developing
CUST-3702,Anaya Singh,359,1,566.04,3,2,3,8,Developing
CUST-3703,Aditya Gupta,651,1,172.61,5,2,1,8,Developing
CUST-3703,Anaya Patel,84,1,523.04,1,2,2,5,At Risk
CUST-3703,Arjun Das,511,1,1068.73,4,2,4,10,Loyal
CUST-3703,Vivaan Das,342,1,242.23,3,2,1,6,Developing
CUST-3705,Arjun Jha,62,1,808.57,1,2,3,6,Developing
CUST-3705,Diya Sinha,107,1,266.11,1,2,2,5,At Risk
CUST-3706,Meera Jha,243,1,3452.5,2,2,5,9,Loyal
CUST-3707,Isha Sinha,464,2,4210.75,4,5,5,14,Champions
CUST-3708,Vivaan Roy,539,1,213.43,4,2,1,7,Developing
CUST-3709,Diya Sharma,321,1,443.37,3,2,2,7,Developing
CUST-3709,Meera Das,43,1,2577.26,1,2,5,8,Developing
CUST-3711,Riya Gupta,141,1,1028.49,1,2,4,7,Developing
CUST-3711,Riya Sinha,691,1,859.96,5,2,3,10,Loyal
CUST-3712,Arjun Kumar,701,1,2092.33,5,2,5,12,Champions
CUST-3712,Meera Roy,496,1,744.16,4,2,3,9,Loyal
CUST-3713,Diya Gupta,444,1,779.88,4,2,3,9,Loyal
CUST-3713,Diya Singh,507,1,3256.23,4,2,5,11,Loyal
CUST-3713,Isha Patel,498,1,848.14,4,2,3,9,Loyal
CUST-3714,Aarav Gupta,264,1,870.45,2,2,3,7,Developing
CUST-3714,Aarav Jha,150,1,483.58,2,2,2,6,Developing
CUST-3714,Anaya Singh,289,1,1440.94,2,2,4,8,Developing
CUST-3714,Arjun Singh,435,1,1109.29,3,2,4,9,Loyal
CUST-3714,Diya Sinha,664,1,79.42,5,2,1,8,Developing
CUST-3714,Riya Das,220,1,486.94,2,2,2,6,Developing
CUST-3716,Diya Gupta,186,1,973.19,2,2,4,8,Developing
CUST-3718,Anaya Kumar,708,1,1547.69,5,2,4,11,Loyal
CUST-3718,Riya Verma,566,1,56.25,4,2,1,7,Developing
CUST-3720,Diya Gupta,163,1,149.66,2,2,1,5,At Risk
CUST-3720,Diya Roy,601,1,45.48,5,2,1,8,Developing
CUST-3720,Isha Patel,619,1,170.1,5,2,1,8,Developing
CUST-3720,Isha Verma,18,1,314.35,1,2,2,5,At Risk
CUST-3720,Kabir Patel,657,1,704.79,5,2,3,10,Loyal
CUST-3721,Arjun Kumar,171,1,148.51,2,2,1,5,At Risk
CUST-3721,Riya Verma,17,1,2047.17,1,2,5,8,Developing
CUST-3725,Aditya Verma,503,1,859.04,4,2,3,9,Loyal
CUST-3725,Arjun Jha,229,1,139.76,2,2,1,5,At Risk
CUST-3728,Anaya Gupta,504,1,2004.7,4,2,5,11,Loyal
CUST-3729,Vivaan Gupta,550,1,514.91,4,2,2,8,Developing
CUST-3732,Aditya Kumar,2,1,1414.57,1,2,4,7,Developing
CUST-3733,Aditya Sinha,597,1,2036.14,5,2,5,12,Champions
CUST-3733,Arjun Gupta,5,1,160.88,1,2,1,4,At Risk
CUST-3733,Diya Das,76,1,1823.32,1,2,4,7,Developing
CUST-3735,Arjun Sinha,686,1,3398.96,5,2,5,12,Champions
CUST-3735,Riya Das,490,1,1048.32,4,2,4,10,Loyal
CUST-3736,Aarav Roy,678,1,3044.41,5,2,5,12,Champions
CUST-3736,Aditya Gupta,320,1,894.14,3,2,3,8,Developing
CUST-3736,Meera Jha,153,1,755.39,2,2,3,7,Developing
CUST-3737,Riya Das,423,1,1361.59,3,2,4,9,Loyal
CUST-3738,Aditya Sinha,652,1,946.96,5,2,3,10,Loyal
CUST-3738,Isha Sinha,639,1,821.57,5,2,3,10,Loyal
CUST-3739,Diya Verma,209,1,1715.34,2,2,4,8,Developing
CUST-3740,Diya Patel,107,1,271.61,1,2,2,5,At Risk
CUST-3740,Vivaan Roy,328,1,316.2,3,2,2,7,Developing
CUST-3741,Aarav Das,3,1,1555.2,1,2,4,7,Developing
CUST-3741,Anaya Roy,481,1,223.88,4,2,1,7,Developing
CUST-3742,Diya Verma,117,1,1156.31,1,2,4,7,Developing
CUST-3743,Aarav Roy,112,1,2321.02,1,2,5,8,Developing
CUST-3743,Aditya Kumar,726,1,2000.21,5,2,5,12,Champions
CUST-3743,Arjun Sharma,13,1,881.64,1,2,3,6,Developing
CUST-3743,Diya Patel,523,1,835.52,4,2,3,9,Loyal
CUST-3743,Riya Patel,258,1,141.46,2,2,1,5,At Risk
CUST-3743,Vivaan Kumar,89,1,345.93,1,2,2,5,At Risk
CUST-3746,Aditya Das,324,1,676.77,3,2,3,8,Developing
CUST-3746,Isha Das,81,1,2860.69,1,2,5,8,Developing
CUST-3747,Arjun Das,39,1,491.89,1,2,2,5,At Risk
CUST-3747,Kabir Roy,693,1,437.78,5,2,2,9,Loyal
CUST-3748,Aditya Das,222,1,1609.82,2,2,4,8,Developing
CUST-3748,Vivaan Sinha,631,1,1452.14,5,2,4,11,Loyal
CUST-3750,Kabir Kumar,401,1,827.32,3,2,3,8,Developing
CUST-3750,Vivaan Kumar,327,1,3990.37,3,2,5,10,Loyal
CUST-3751,Aarav Kumar,90,1,1090.73,1,2,4,7,Developing
CUST-3751,Arjun Singh,508,1,490.08,4,2,2,8,Developing
CUST-3751,Isha Jha,215,1,1791.49,2,2,4,8,Developing
CUST-3753,Diya Sinha,521,1,504.11,4,2,2,8,Developing
CUST-3753,Isha Singh,99,1,2602.56,1,2,5,8,Developing
CUST-3753,Riya Das,703,1,2740.47,5,2,5,12,Champions
CUST-3753,Vivaan Kumar,447,1,2715.33,4,2,5,11,Loyal
CUST-3754,Aarav Singh,148,1,4371.31,2,2,5,9,Loyal
CUST-3754,Arjun Verma,375,1,742.1,3,2,3,8,Developing
CUST-3755,Aarav Verma,556,1,1555.6,4,2,4,10,Loyal
CUST-3756,Meera Verma,724,1,1655.5,5,2,4,11,Loyal
CUST-3758,Aarav Kumar,633,1,310.05,5,2,2,9,Loyal
CUST-3759,Aditya Das,660,1,99.65,5,2,1,8,Developing
CUST-3761,Arjun Sharma,116,1,334.0,1,2,2,5,At Risk
CUST-3761,Kabir Kumar,297,1,912.42,3,2,3,8,Developing
CUST-3762,Anaya Sinha,334,1,574.75,3,2,3,8,Developing
CUST-3762,Diya Jha,28,1,253.35,1,2,2,5,At Risk
CUST-3762,Riya Jha,53,1,1522.12,1,2,4,7,Developing
CUST-3763,Meera Jha,618,1,1932.35,5,2,5,12,Champions
CUST-3765,Diya Jha,383,1,234.48,3,2,1,6,Developing
CUST-3768,Riya Patel,582,1,739.69,5,2,3,10,Loyal
CUST-3770,Meera Verma,272,1,2600.41,2,2,5,9,Loyal
CUST-3772,Riya Jha,422,1,530.56,3,2,3,8,Developing
CUST-3773,Aarav Gupta,580,1,147.69,4,2,1,7,Developing
CUST-3773,Kabir Singh,238,1,295.98,2,2,2,6,Developing
CUST-3774,Aarav Das,616,1,2297.92,5,2,5,12,Champions
CUST-3774,Aarav Roy,303,1,568.26,3,2,3,8,Developing
CUST-3774,Kabir Sharma,249,1,1813.77,2,2,4,8,Developing
CUST-3774,Kabir Sinha,513,1,384.94,4,2,2,8,Developing
CUST-3775,Kabir Gupta,346,1,378.12,3,2,2,7,Developing
CUST-3775,Riya Gupta,202,1,1854.98,2,2,4,8,Developing
CUST-3777,Arjun Gupta,330,1,412.93,3,2,2,7,Developing
CUST-3778,Meera Patel,387,1,1692.09,3,2,4,9,Loyal
CUST-3778,Vivaan Das,506,1,479.46,4,2,2,8,Developing
CUST-3778,Vivaan Sinha,596,1,924.15,5,2,3,10,Loyal
CUST-3779,Aditya Roy,380,1,400.83,3,2,2,7,Developing
CUST-3779,Anaya Patel,333,1,271.71,3,2,2,7,Developing
CUST-3779,Isha Sharma,538,1,730.29,4,2,3,9,Loyal
CUST-3779,Riya Singh,280,1,2270.95,2,2,5,9,Loyal
CUST-3780,Isha Singh,145,1,2393.41,1,2,5,8,Developing
CUST-3782,Isha Jha,575,1,1750.8,4,2,4,10,Loyal
CUST-3783,Anaya Patel,227,1,285.78,2,2,2,6,Developing
CUST-3784,Aarav Verma,723,1,313.97,5,2,2,9,Loyal
CUST-3785,Anaya Gupta,94,1,747.08,1,2,3,6,Developing
CUST-3786,Anaya Kumar,628,1,148.95,5,2,1,8,Developing
CUST-3786,Meera Roy,469,1,920.25,4,2,3,9,Loyal
CUST-3787,Meera Roy,396,1,702.38,3,2,3,8,Developing
CUST-3787,Riya Das,516,1,1027.81,4,2,4,10,Loyal
CUST-3790,Isha Kumar,700,1,170.91,5,2,1,8,Developing
CUST-3793,Anaya Kumar,567,1,234.11,4,2,1,7,Developing
CUST-3793,Kabir Das,160,1,323.26,2,2,2,6,Developing
CUST-3795,Vivaan Kumar,229,1,175.28,2,2,1,5,At Risk
CUST-3797,Arjun Verma,595,1,665.39,5,2,3,10,Loyal
CUST-3798,Arjun Verma,69,1,21.82,1,2,1,4,At Risk
CUST-3798,Isha Gupta,685,1,783.72,5,2,3,10,Loyal
CUST-3799,Meera Sharma,448,1,832.09,4,2,3,9,Loyal
CUST-3800,Isha Kumar,307,1,616.41,3,2,3,8,Developing
CUST-3801,Aarav Jha,448,1,107.81,4,2,1,7,Developing
CUST-3801,Kabir Jha,654,1,589.2,5,2,3,10,Loyal
CUST-3803,Meera Sharma,145,1,673.48,1,2,3,6,Developing
CUST-3803,Riya Jha,563,1,1693.14,4,2,4,10,Loyal
CUST-3803,Riya Sinha,408,1,59.48,3,2,1,6,Developing
CUST-3804,Anaya Jha,189,1,282.77,2,2,2,6,Developing
CUST-3804,Kabir Verma,349,1,885.84,3,2,3,8,Developing
CUST-3804,Meera Das,132,1,184.62,1,2,1,4,At Risk
CUST-3806,Aditya Verma,506,1,203.05,4,2,1,7,Developing
CUST-3806,Diya Singh,66,1,244.77,1,2,2,5,At Risk
CUST-3808,Aditya Gupta,630,1,274.54,5,2,2,9,Loyal
CUST-3808,Arjun Singh,430,1,4041.76,3,2,5,10,Loyal
CUST-3808,Arjun Verma,361,1,752.45,3,2,3,8,Developing
CUST-3809,Aditya Sinha,280,1,2161.67,2,2,5,9,Loyal
CUST-3809,Vivaan Sinha,309,1,398.23,3,2,2,7,Developing
CUST-3810,Arjun Singh,545,1,2469.92,4,2,5,11,Loyal
CUST-3810,Kabir Das,686,1,583.33,5,2,3,10,Loyal
CUST-3811,Anaya Verma,441,1,1587.12,4,2,4,10,Loyal
CUST-3812,Kabir Patel,359,1,1875.49,3,2,4,9,Loyal
CUST-3815,Aditya Sinha,148,1,1663.86,2,2,4,8,Developing
CUST-3815,Isha Patel,695,1,743.37,5,2,3,10,Loyal
CUST-3816,Anaya Roy,107,1,955.85,1,2,4,7,Developing
CUST-3817,Anaya Jha,495,1,873.77,4,2,3,9,Loyal
CUST-3818,Arjun Singh,225,1,36.81,2,2,1,5,At Risk
CUST-3818,Arjun Verma,181,1,78.43,2,2,1,5,At Risk
CUST-3819,Aditya Singh,64,1,255.9,1,2,2,5,At Risk
CUST-3819,Anaya Singh,355,1,164.21,3,2,1,6,Developing
CUST-3819,Anaya Sinha,473,1,654.53,4,2,3,9,Loyal
CUST-3822,Kabir Kumar,563,1,283.29,4,2,2,8,Developing
CUST-3823,Kabir Das,134,1,1295.48,1,2,4,7,Developing
CUST-3823,Riya Kumar,567,1,193.16,4,2,1,7,Developing
CUST-3824,Aarav Roy,437,1,507.24,4,2,2,8,Developing
CUST-3824,Arjun Roy,308,1,768.51,3,2,3,8,Developing
CUST-3825,Aditya Sharma,298,1,2309.65,3,2,5,10,Loyal
CUST-3826,Vivaan Jha,703,1,689.47,5,2,3,10,Loyal
CUST-3826,Vivaan Roy,453,1,3471.18,4,2,5,11,Loyal
CUST-3827,Anaya Kumar,396,1,86.91,3,2,1,6,Developing
CUST-3827,Meera Kumar,543,1,259.07,4,2,2,8,Developing
CUST-3827,Meera Roy,8,1,254.97,1,2,2,5,At Risk
CUST-3828,Arjun Das,229,1,340.8,2,2,2,6,Developing
CUST-3830,Kabir Verma,134,1,258.58,1,2,2,5,At Risk
CUST-3831,Aarav Kumar,75,1,993.01,1,2,4,7,Developing
CUST-3832,Isha Roy,220,1,615.0,2,2,3,7,Developing
CUST-3832,Meera Sinha,463,1,546.7,4,2,3,9,Loyal
CUST-3832,Riya Das,593,1,2096.89,5,2,5,12,Champions
CUST-3833,Aditya Kumar,448,1,1192.22,4,2,4,10,Loyal
CUST-3835,Aditya Jha,130,1,673.4,1,2,3,6,Developing
CUST-3835,Riya Kumar,357,1,1763.6,3,2,4,9,Loyal
CUST-3836,Diya Jha,51,1,4563.29,1,2,5,8,Developing
CUST-3836,Meera Roy,310,1,148.98,3,2,1,6,Developing
CUST-3837,Isha Jha,608,1,549.4,5,2,3,10,Loyal
CUST-3839,Meera Singh,416,1,145.56,3,2,1,6,Developing
CUST-3840,Arjun Verma,315,1,1165.16,3,2,4,9,Loyal
CUST-3840,Isha Jha,547,1,944.15,4,2,3,9,Loyal
CUST-3840,Kabir Das,417,1,2989.96,3,2,5,10,Loyal
CUST-3841,Diya Roy,385,1,2087.78,3,2,5,10,Loyal
CUST-3841,Isha Roy,718,1,2013.6,5,2,5,12,Champions
CUST-3841,Vivaan Roy,279,1,2420.56,2,2,5,9,Loyal
CUST-3842,Anaya Patel,646,1,1382.61,5,2,4,11,Loyal
CUST-3843,Aditya Verma,722,1,95.84,5,2,1,8,Developing
CUST-3843,Arjun Patel,602,1,1016.46,5,2,4,11,Loyal
CUST-3843,Riya Das,291,1,1503.72,2,2,4,8,Developing
CUST-3843,Vivaan Sharma,500,1,631.57,4,2,3,9,Loyal
CUST-3844,Arjun Patel,553,1,159.25,4,2,1,7,Developing
CUST-3845,Anaya Gupta,304,1,879.8,3,2,3,8,Developing
CUST-3846,Kabir Roy,119,1,2141.92,1,2,5,8,Developing
CUST-3846,Vivaan Gupta,27,1,351.61,1,2,2,5,At Risk
CUST-3848,Arjun Kumar,271,1,938.81,2,2,3,7,Developing
CUST-3848,Riya Gupta,322,1,890.85,3,2,3,8,Developing
CUST-3849,Aarav Patel,481,1,3808.49,4,2,5,11,Loyal
CUST-3849,Anaya Roy,454,1,377.4,4,2,2,8,Developing
CUST-3849,Arjun Roy,315,1,1360.03,3,2,4,9,Loyal
CUST-3849,Arjun Sinha,477,1,275.55,4,2,2,8,Developing
CUST-3850,Riya Das,255,1,3601.58,2,2,5,9,Loyal
CUST-3850,Vivaan Patel,144,1,1429.17,1,2,4,7,Developing
CUST-3851,Diya Singh,89,1,543.02,1,2,3,6,Developing
CUST-3851,Riya Das,307,1,121.08,3,2,1,6,Developing
CUST-3852,Aarav Das,394,1,506.09,3,2,2,7,Developing
CUST-3852,Aditya Jha,139,1,525.45,1,2,3,6,Developing
CUST-3852,Kabir Sharma,661,1,136.0,5,2,1,8,Developing
CUST-3852,Riya Sinha,85,1,645.47,1,2,3,6,Developing
CUST-3852,Vivaan Sinha,203,1,674.26,2,2,3,7,Developing
CUST-3855,Aarav Das,588,1,70.25,5,2,1,8,Developing
CUST-3857,Vivaan Singh,683,1,430.54,5,2,2,9,Loyal
CUST-3858,Aarav Kumar,720,1,28.9,5,2,1,8,Developing
CUST-3858,Diya Singh,48,1,3625.22,1,2,5,8,Developing
CUST-3860,Anaya Patel,672,1,173.36,5,2,1,8,Developing
CUST-3861,Arjun Jha,264,1,13.46,2,2,1,5,At Risk
CUST-3862,Vivaan Roy,516,1,1495.11,4,2,4,10,Loyal
CUST-3863,Arjun Das,251,1,473.76,2,2,2,6,Developing
CUST-3863,Isha Kumar,38,1,1497.16,1,2,4,7,Developing
CUST-3864,Aarav Sharma,14,1,1835.76,1,2,4,7,Developing
CUST-3864,Diya Patel,611,1,1021.1,5,2,4,11,Loyal
CUST-3864,Diya Singh,580,1,378.31,4,2,2,8,Developing
CUST-3865,Aditya Singh,555,1,896.21,4,2,3,9,Loyal
CUST-3865,Diya Roy,135,1,1986.17,1,2,5,8,Developing
CUST-3865,Kabir Roy,290,1,294.49,2,2,2,6,Developing
CUST-3865,Vivaan Patel,271,1,706.73,2,2,3,7,Developing
CUST-3866,Aarav Kumar,101,1,3900.11,1,2,5,8,Developing
CUST-3866,Anaya Sinha,333,1,2379.86,3,2,5,10,Loyal
CUST-3866,Diya Verma,582,1,3328.94,5,2,5,12,Champions
CUST-3867,Anaya Patel,411,1,43.06,3,2,1,6,Developing
CUST-3868,Arjun Das,158,1,1383.25,2,2,4,8,Developing
CUST-3868,Arjun Sinha,325,1,286.47,3,2,2,7,Developing
CUST-3869,Anaya Roy,330,1,600.26,3,2,3,8,Developing
CUST-3870,Anaya Gupta,362,1,237.09,3,2,1,6,Developing
CUST-3870,Isha Das,306,1,878.4,3,2,3,8,Developing
CUST-3870,Vivaan Jha,693,1,4255.26,5,2,5,12,Champions
CUST-3871,Arjun Patel,577,1,3521.01,4,2,5,11,Loyal
CUST-3871,Diya Patel,361,1,1571.42,3,2,4,9,Loyal
CUST-3871,Riya Patel,227,1,307.34,2,2,2,6,Developing
CUST-3873,Aarav Verma,364,1,3466.39,3,2,5,10,Loyal
CUST-3874,Anaya Jha,217,1,435.22,2,2,2,6,Developing
CUST-3875,Aditya Patel,712,1,3168.6,5,2,5,12,Champions
CUST-3876,Aditya Verma,268,1,302.69,2,2,2,6,Developing
CUST-3877,Arjun Das,189,1,3285.72,2,2,5,9,Loyal
CUST-3877,Isha Roy,197,1,2108.37,2,2,5,9,Loyal
CUST-3879,Isha Patel,69,1,1331.61,1,2,4,7,Developing
CUST-3880,Aarav Jha,666,1,3078.56,5,2,5,12,Champions
CUST-3882,Isha Patel,454,1,147.44,4,2,1,7,Developing
CUST-3882,Isha Roy,626,1,451.02,5,2,2,9,Loyal
CUST-3886,Aditya Verma,10,1,222.49,1,2,1,4,At Risk
CUST-3886,Isha Das,23,1,690.7,1,2,3,6,Developing
CUST-3887,Aarav Verma,551,1,988.23,4,2,4,10,Loyal
CUST-3887,Kabir Roy,234,1,1916.73,2,2,4,8,Developing
CUST-3889,Arjun Das,345,1,358.52,3,2,2,7,Developing
CUST-3889,Diya Kumar,106,1,334.1,1,2,2,5,At Risk
CUST-3890,Riya Roy,660,1,155.87,5,2,1,8,Developing
CUST-3894,Riya Sinha,40,1,21.98,1,2,1,4,At Risk
CUST-3895,Meera Kumar,648,1,519.27,5,2,2,9,Loyal
CUST-3896,Kabir Patel,564,1,402.69,4,2,2,8,Developing
CUST-3897,Meera Gupta,261,1,634.25,2,2,3,7,Developing
CUST-3897,Vivaan Sinha,103,1,3988.18,1,2,5,8,Developing
CUST-3898,Aarav Sinha,420,1,2406.63,3,2,5,10,Loyal
CUST-3898,Kabir Das,229,1,600.03,2,2,3,7,Developing
CUST-3899,Anaya Roy,101,1,807.64,1,2,3,6,Developing
CUST-3899,Meera Jha,55,1,21.33,1,2,1,4,At Risk
CUST-3899,Meera Sharma,82,1,1761.13,1,2,4,7,Developing
CUST-3899,Riya Das,270,1,293.16,2,2,2,6,Developing
CUST-3901,Aarav Kumar,472,1,2840.78,4,2,5,11,Loyal
CUST-3901,Meera Das,228,1,447.94,2,2,2,6,Developing
CUST-3904,Anaya Roy,558,2,719.0899999999999,4,5,3,12,Champions
CUST-3904,Meera Roy,405,1,2093.64,3,2,5,10,Loyal
CUST-3906,Anaya Jha,229,1,1390.72,2,2,4,8,Developing
CUST-3906,Riya Jha,325,1,42.18,3,2,1,6,Developing
CUST-3907,Arjun Das,204,1,392.12,2,2,2,6,Developing
CUST-3908,Meera Verma,408,1,2931.13,3,2,5,10,Loyal
CUST-3909,Aditya Roy,250,1,182.56,2,2,1,5,At Risk
CUST-3910,Arjun Kumar,8,1,184.63,1,2,1,4,At Risk
CUST-3910,Arjun Verma,153,1,4676.29,2,2,5,9,Loyal
CUST-3910,Isha Kumar,252,1,1365.28,2,2,4,8,Developing
CUST-3913,Arjun Das,728,1,46.84,5,2,1,8,Developing
CUST-3913,Riya Sharma,393,1,320.26,3,2,2,7,Developing
CUST-3914,Anaya Sinha,447,1,5412.44,4,2,5,11,Loyal
CUST-3915,Arjun Gupta,328,1,2036.13,3,2,5,10,Loyal
CUST-3915,Riya Sharma,652,1,2557.95,5,2,5,12,Champions
CUST-3917,Aarav Jha,115,1,808.23,1,2,3,6,Developing
CUST-3919,Isha Patel,628,1,229.02,5,2,1,8,Developing
CUST-3920,Aarav Das,173,1,1019.45,2,2,4,8,Developing
CUST-3920,Diya Roy,360,1,39.98,3,2,1,6,Developing
CUST-3921,Isha Patel,525,1,1078.06,4,2,4,10,Loyal
CUST-3922,Aarav Singh,696,1,959.42,5,2,4,11,Loyal
CUST-3922,Vivaan Gupta,497,1,60.36,4,2,1,7,Developing
CUST-3923,Meera Das,567,1,1604.97,4,2,4,10,Loyal
CUST-3923,Vivaan Das,18,1,787.48,1,2,3,6,Developing
CUST-3925,Kabir Singh,328,1,994.49,3,2,4,9,Loyal
CUST-3925,Meera Kumar,704,1,1763.01,5,2,4,11,Loyal
CUST-3925,Vivaan Jha,262,1,674.94,2,2,3,7,Developing
CUST-3926,Isha Kumar,296,1,783.17,3,2,3,8,Developing
CUST-3927,Kabir Jha,415,1,1330.32,3,2,4,9,Loyal
CUST-3928,Arjun Gupta,564,1,95.98,4,2,1,7,Developing
CUST-3929,Anaya Sinha,638,1,1962.17,5,2,5,12,Champions
CUST-3930,Isha Sharma,99,1,443.65,1,2,2,5,At Risk
CUST-3931,Aditya Das,595,1,277.28,5,2,2,9,Loyal
CUST-3934,Meera Jha,222,1,179.29,2,2,1,5,At Risk
CUST-3935,Aarav Singh,310,1,542.97,3,2,3,8,Developing
CUST-3936,Aarav Verma,681,1,69.33,5,2,1,8,Developing
CUST-3941,Anaya Sinha,72,1,1047.69,1,2,4,7,Developing
CUST-3941,Diya Patel,525,1,1504.83,4,2,4,10,Loyal
CUST-3943,Arjun Verma,463,2,1200.31,4,5,4,13,Champions
CUST-3944,Arjun Patel,589,1,192.83,5,2,1,8,Developing
CUST-3944,Isha Sharma,503,1,85.29,4,2,1,7,Developing
CUST-3945,Diya Sinha,306,1,197.57,3,2,1,6,Developing
CUST-3947,Diya Das,51,1,542.22,1,2,3,6,Developing
CUST-3950,Arjun Kumar,598,1,700.06,5,2,3,10,Loyal
CUST-3952,Kabir Patel,464,1,211.78,4,2,1,7,Developing
CUST-3954,Isha Kumar,89,1,618.27,1,2,3,6,Developing
CUST-3954,Vivaan Roy,420,1,1949.43,3,2,5,10,Loyal
CUST-3955,Aditya Verma,644,1,150.59,5,2,1,8,Developing
CUST-3955,Isha Gupta,289,1,68.52,2,2,1,5,At Risk
CUST-3957,Meera Gupta,634,1,880.56,5,2,3,10,Loyal
CUST-3959,Arjun Kumar,515,1,460.31,4,2,2,8,Developing
CUST-3961,Riya Singh,710,1,2967.79,5,2,5,12,Champions
CUST-3962,Isha Patel,458,1,1072.84,4,2,4,10,Loyal
CUST-3963,Arjun Gupta,19,1,338.21,1,2,2,5,At Risk
CUST-3963,Vivaan Singh,142,1,248.52,1,2,2,5,At Risk
CUST-3964,Aditya Roy,588,1,42.58,5,2,1,8,Developing
CUST-3964,Riya Verma,14,1,588.18,1,2,3,6,Developing
CUST-3965,Meera Jha,585,1,2391.73,5,2,5,12,Champions
CUST-3965,Riya Kumar,286,1,2021.46,2,2,5,9,Loyal
CUST-3966,Aarav Gupta,2,1,761.16,1,2,3,6,Developing
CUST-3966,Diya Patel,246,1,2596.48,2,2,5,9,Loyal
CUST-3966,Isha Patel,257,1,535.0,2,2,3,7,Developing
CUST-3966,Kabir Singh,663,1,285.98,5,2,2,9,Loyal
CUST-3968,Riya Gupta,523,1,2106.96,4,2,5,11,Loyal
CUST-3968,Riya Patel,134,1,252.94,1,2,2,5,At Risk
CUST-3969,Aditya Gupta,584,1,4354.04,5,2,5,12,Champions
CUST-3969,Kabir Sinha,689,1,1152.84,5,2,4,11,Loyal
CUST-3969,Vivaan Patel,647,1,475.48,5,2,2,9,Loyal
CUST-3970,Aarav Gupta,232,1,2999.64,2,2,5,9,Loyal
CUST-3970,Diya Jha,155,1,674.7,2,2,3,7,Developing
CUST-3971,Anaya Verma,128,1,2001.81,1,2,5,8,Developing
CUST-3971,Diya Sharma,695,1,601.29,5,2,3,10,Loyal
CUST-3974,Aditya Roy,402,1,118.66,3,2,1,6,Developing
CUST-3974,Meera Sharma,631,1,1239.28,5,2,4,11,Loyal
CUST-3975,Kabir Jha,513,1,780.45,4,2,3,9,Loyal
CUST-3976,Kabir Sinha,408,1,277.59,3,2,2,7,Developing
CUST-3977,Arjun Kumar,675,1,668.91,5,2,3,10,Loyal
CUST-3977,Isha Roy,490,1,1594.57,4,2,4,10,Loyal
CUST-3977,Kabir Patel,296,1,2373.63,3,2,5,10,Loyal
CUST-3979,Aarav Sharma,232,1,81.72,2,2,1,5,At Risk
CUST-3980,Riya Singh,528,1,19.56,4,2,1,7,Developing
CUST-3981,Isha Kumar,442,1,301.71,4,2,2,8,Developing
CUST-3983,Aarav Jha,386,1,76.31,3,2,1,6,Developing
CUST-3983,Riya Jha,657,1,190.88,5,2,1,8,Developing
CUST-3984,Kabir Patel,561,1,37.56,4,2,1,7,Developing
CUST-3985,Aditya Sharma,241,1,2807.82,2,2,5,9,Loyal
CUST-3985,Diya Kumar,630,1,2538.85,5,2,5,12,Champions
CUST-3987,Meera Roy,432,1,689.51,3,2,3,8,Developing
CUST-3988,Arjun Kumar,215,1,2450.15,2,2,5,9,Loyal
CUST-3988,Meera Singh,76,1,292.22,1,2,2,5,At Risk
CUST-3989,Meera Singh,259,1,268.72,2,2,2,6,Developing
CUST-3993,Aditya Das,590,1,168.82,5,2,1,8,Developing
CUST-3993,Vivaan Gupta,117,1,79.5,1,2,1,4,At Risk
CUST-3995,Aarav Singh,9,1,297.82,1,2,2,5,At Risk
CUST-3995,Aditya Das,690,1,896.47,5,2,3,10,Loyal
CUST-3997,Kabir Roy,331,1,318.96,3,2,2,7,Developing
CUST-4000,Kabir Verma,27,1,2030.97,1,2,5,8,Developing
CUST-4001,Vivaan Jha,304,1,1037.59,3,2,4,9,Loyal
CUST-4002,Arjun Gupta,467,1,596.27,4,2,3,9,Loyal
CUST-4003,Isha Kumar,29,1,855.88,1,2,3,6,Developing
CUST-4005,Arjun Patel,17,1,592.83,1,2,3,6,Developing
CUST-4005,Kabir Gupta,525,1,1872.95,4,2,4,10,Loyal
CUST-4007,Diya Roy,60,1,563.2,1,2,3,6,Developing
CUST-4008,Meera Sharma,179,1,3179.81,2,2,5,9,Loyal
CUST-4008,Vivaan Jha,269,1,1395.11,2,2,4,8,Developing
CUST-4010,Riya Roy,685,1,1222.3,5,2,4,11,Loyal
CUST-4010,Vivaan Kumar,275,1,55.66,2,2,1,5,At Risk
CUST-4011,Anaya Kumar,267,1,1653.23,2,2,4,8,Developing
CUST-4012,Aarav Sinha,360,1,934.26,3,2,3,8,Developing
CUST-4013,Arjun Singh,253,1,401.04,2,2,2,6,Developing
CUST-4014,Kabir Gupta,259,1,1114.95,2,2,4,8,Developing
CUST-4015,Meera Patel,196,1,320.96,2,2,2,6,Developing
CUST-4016,Aditya Gupta,421,1,1025.28,3,2,4,9,Loyal
CUST-4016,Riya Singh,542,1,321.24,4,2,2,8,Developing
CUST-4017,Aarav Patel,541,1,4421.72,4,2,5,11,Loyal
CUST-4017,Aditya Sharma,218,1,150.11,2,2,1,5,At Risk
CUST-4018,Kabir Patel,183,1,1986.57,2,2,5,9,Loyal
CUST-4018,Meera Sinha,653,1,1140.21,5,2,4,11,Loyal
CUST-4019,Arjun Patel,109,1,81.25,1,2,1,4,At Risk
CUST-4020,Isha Singh,152,1,1121.1,2,2,4,8,Developing
CUST-4020,Kabir Sharma,579,1,1394.49,4,2,4,10,Loyal
CUST-4021,Arjun Sinha,517,1,1111.54,4,2,4,10,Loyal
CUST-4021,Meera Jha,463,1,2337.27,4,2,5,11,Loyal
CUST-4022,Aarav Gupta,434,1,499.86,3,2,2,7,Developing
CUST-4022,Isha Patel,499,1,209.04,4,2,1,7,Developing
CUST-4022,Kabir Roy,466,1,637.06,4,2,3,9,Loyal
CUST-4022,Kabir Verma,244,1,898.28,2,2,3,7,Developing
CUST-4022,Meera Roy,721,1,206.94,5,2,1,8,Developing
CUST-4022,Vivaan Jha,720,1,1707.29,5,2,4,11,Loyal
CUST-4023,Aarav Patel,627,1,456.13,5,2,2,9,Loyal
CUST-4027,Kabir Sinha,684,1,429.04,5,2,2,9,Loyal
CUST-4027,Meera Jha,269,1,868.62,2,2,3,7,Developing
CUST-4030,Kabir Sinha,352,1,11.5,3,2,1,6,Developing
CUST-4030,Meera Sharma,307,1,21.98,3,2,1,6,Developing
CUST-4031,Arjun Das,492,1,76.01,4,2,1,7,Developing
CUST-4032,Aditya Das,540,1,1372.56,4,2,4,10,Loyal
CUST-4033,Meera Singh,598,1,999.45,5,2,4,11,Loyal
CUST-4034,Aditya Patel,560,1,5004.46,4,2,5,11,Loyal
CUST-4035,Aarav Kumar,199,1,580.72,2,2,3,7,Developing
CUST-4035,Vivaan Gupta,33,1,1236.89,1,2,4,7,Developing
CUST-4036,Diya Kumar,219,1,861.17,2,2,3,7,Developing
CUST-4036,Diya Verma,673,1,330.37,5,2,2,9,Loyal
CUST-4036,Kabir Verma,277,1,140.68,2,2,1,5,At Risk
CUST-4037,Diya Patel,561,1,1283.62,4,2,4,10,Loyal
CUST-4037,Isha Kumar,618,1,75.98,5,2,1,8,Developing
CUST-4038,Kabir Jha,553,1,765.16,4,2,3,9,Loyal
CUST-4039,Isha Sharma,705,1,4549.83,5,2,5,12,Champions
CUST-4039,Kabir Sharma,617,1,141.83,5,2,1,8,Developing
CUST-4041,Anaya Singh,213,1,2760.28,2,2,5,9,Loyal
CUST-4041,Diya Gupta,176,1,694.14,2,2,3,7,Developing
CUST-4042,Anaya Singh,552,1,462.73,4,2,2,8,Developing
CUST-4043,Riya Kumar,631,1,345.81,5,2,2,9,Loyal
CUST-4044,Kabir Sinha,269,1,230.58,2,2,1,5,At Risk
CUST-4044,Meera Singh,60,1,189.58,1,2,1,4,At Risk
CUST-4045,Kabir Kumar,210,1,567.85,2,2,3,7,Developing
CUST-4045,Riya Roy,427,1,340.62,3,2,2,7,Developing
CUST-4045,Vivaan Sinha,173,1,606.28,2,2,3,7,Developing
CUST-4046,Aarav Das,219,1,805.14,2,2,3,7,Developing
CUST-4046,Aarav Verma,44,1,512.87,1,2,2,5,At Risk
CUST-4046,Aditya Roy,611,1,491.22,5,2,2,9,Loyal
CUST-4046,Meera Patel,576,1,280.07,4,2,2,8,Developing
CUST-4046,Riya Patel,171,1,591.2,2,2,3,7,Developing
CUST-4047,Anaya Gupta,571,1,443.42,4,2,2,8,Developing
CUST-4047,Kabir Jha,205,1,592.35,2,2,3,7,Developing
CUST-4048,Kabir Roy,322,1,2201.87,3,2,5,10,Loyal
CUST-4049,Anaya Singh,475,1,1204.34,4,2,4,10,Loyal
CUST-4049,Vivaan Sharma,451,1,861.85,4,2,3,9,Loyal
CUST-4051,Isha Jha,321,1,778.26,3,2,3,8,Developing
CUST-4052,Aarav Das,86,1,227.21,1,2,1,4,At Risk
CUST-4052,Diya Roy,159,1,1691.98,2,2,4,8,Developing
CUST-4052,Kabir Gupta,243,1,768.13,2,2,3,7,Developing
CUST-4056,Meera Gupta,299,1,664.95,3,2,3,8,Developing
CUST-4056,Meera Jha,649,1,56.85,5,2,1,8,Developing
CUST-4057,Diya Roy,557,1,451.23,4,2,2,8,Developing
CUST-4057,Isha Das,370,1,2851.91,3,2,5,10,Loyal
CUST-4058,Riya Kumar,652,1,70.81,5,2,1,8,Developing
CUST-4060,Aditya Das,618,1,543.16,5,2,3,10,Loyal
CUST-4060,Vivaan Kumar,365,1,2148.74,3,2,5,10,Loyal
CUST-4061,Isha Gupta,711,1,152.99,5,2,1,8,Developing
CUST-4061,Vivaan Das,663,1,3214.03,5,2,5,12,Champions
CUST-4062,Isha Das,425,1,3387.79,3,2,5,10,Loyal
CUST-4062,Vivaan Patel,3,1,1466.98,1,2,4,7,Developing
CUST-4063,Vivaan Sharma,176,1,50.19,2,2,1,5,At Risk
CUST-4065,Aditya Sinha,234,1,1073.97,2,2,4,8,Developing
CUST-4065,Riya Roy,293,1,214.28,3,2,1,6,Developing
CUST-4066,Diya Verma,431,1,448.9,3,2,2,7,Developing
CUST-4067,Aarav Roy,123,1,117.79,1,2,1,4,At Risk
CUST-4067,Aditya Verma,357,1,126.54,3,2,1,6,Developing
CUST-4068,Anaya Patel,89,1,940.11,1,2,3,6,Developing
CUST-4069,Isha Verma,319,1,168.87,3,2,1,6,Developing
CUST-4069,Riya Gupta,464,1,565.45,4,2,3,9,Loyal
CUST-4070,Riya Kumar,441,1,2465.66,4,2,5,11,Loyal
CUST-4071,Anaya Verma,515,1,623.83,4,2,3,9,Loyal
CUST-4071,Meera Roy,596,1,2577.25,5,2,5,12,Champions
CUST-4072,Diya Gupta,307,1,441.77,3,2,2,7,Developing
CUST-4073,Diya Sinha,530,1,1288.67,4,2,4,10,Loyal
CUST-4073,Isha Patel,18,1,1593.13,1,2,4,7,Developing
CUST-4074,Anaya Das,131,1,416.16,1,2,2,5,At Risk
CUST-4075,Aditya Jha,2,1,139.13,1,2,1,4,At Risk
CUST-4075,Kabir Roy,494,1,126.17,4,2,1,7,Developing
CUST-4076,Isha Singh,682,1,166.0,5,2,1,8,Developing
CUST-4077,Anaya Patel,264,1,478.98,2,2,2,6,Developing
CUST-4077,Vivaan Roy,161,1,682.32,2,2,3,7,Developing
CUST-4078,Anaya Verma,485,1,102.95,4,2,1,7,Developing
CUST-4078,Riya Roy,550,1,142.2,4,2,1,7,Developing
CUST-4080,Kabir Gupta,375,1,926.12,3,2,3,8,Developing
CUST-4081,Arjun Patel,102,1,1816.57,1,2,4,7,Developing
CUST-4081,Diya Sinha,86,1,299.62,1,2,2,5,At Risk
CUST-4081,Meera Patel,547,1,581.28,4,2,3,9,Loyal
CUST-4083,Aarav Patel,366,1,67.94,3,2,1,6,Developing
CUST-4083,Isha Patel,257,1,203.12,2,2,1,5,At Risk
CUST-4084,Meera Sharma,259,1,567.76,2,2,3,7,Developing
CUST-4087,Kabir Sinha,151,1,626.46,2,2,3,7,Developing
CUST-4087,Meera Das,513,1,2693.27,4,2,5,11,Loyal
CUST-4088,Aarav Sharma,584,1,778.44,5,2,3,10,Loyal
CUST-4089,Arjun Sharma,715,1,968.36,5,2,4,11,Loyal
CUST-4091,Diya Patel,517,1,273.28,4,2,2,8,Developing
CUST-4091,Meera Kumar,620,1,77.8,5,2,1,8,Developing
CUST-4092,Aarav Verma,657,1,4199.01,5,2,5,12,Champions
CUST-4092,Diya Gupta,153,1,735.04,2,2,3,7,Developing
CUST-4092,Riya Singh,242,1,3900.83,2,2,5,9,Loyal
CUST-4093,Aditya Patel,218,1,529.6,2,2,3,7,Developing
CUST-4093,Aditya Sinha,297,1,2000.94,3,2,5,10,Loyal
CUST-4093,Anaya Roy,479,1,598.73,4,2,3,9,Loyal
CUST-4093,Diya Sharma,702,1,2929.04,5,2,5,12,Champions
CUST-4094,Anaya Gupta,524,1,137.42,4,2,1,7,Developing
CUST-4094,Anaya Sinha,509,1,1809.42,4,2,4,10,Loyal
CUST-4095,Arjun Kumar,304,1,116.67,3,2,1,6,Developing
CUST-4096,Riya Patel,390,1,255.33,3,2,2,7,Developing
CUST-4097,Aditya Kumar,255,1,53.53,2,2,1,5,At Risk
CUST-4097,Kabir Verma,685,1,3181.86,5,2,5,12,Champions
CUST-4100,Arjun Verma,55,1,437.47,1,2,2,5,At Risk
CUST-4102,Anaya Patel,505,1,3583.79,4,2,5,11,Loyal
CUST-4102,Meera Jha,278,1,1429.61,2,2,4,8,Developing
CUST-4102,Riya Singh,410,1,536.52,3,2,3,8,Developing
CUST-4102,Vivaan Singh,155,1,1351.27,2,2,4,8,Developing
CUST-4103,Aarav Sinha,193,1,210.98,2,2,1,5,At Risk
CUST-4103,Anaya Sharma,648,1,3273.19,5,2,5,12,Champions
CUST-4103,Isha Verma,289,1,392.8,2,2,2,6,Developing
CUST-4103,Meera Jha,575,1,2577.65,4,2,5,11,Loyal
CUST-4104,Aarav Gupta,69,1,987.91,1,2,4,7,Developing
CUST-4104,Anaya Gupta,54,1,464.6,1,2,2,5,At Risk
CUST-4104,Arjun Gupta,411,1,130.61,3,2,1,6,Developing
CUST-4105,Aarav Sinha,37,1,567.73,1,2,3,6,Developing
CUST-4106,Riya Singh,154,1,372.17,2,2,2,6,Developing
CUST-4107,Diya Gupta,670,1,1600.05,5,2,4,11,Loyal
CUST-4108,Arjun Sinha,152,1,1730.81,2,2,4,8,Developing
CUST-4108,Isha Jha,485,1,246.6,4,2,2,8,Developing
CUST-4108,Kabir Roy,380,1,2005.98,3,2,5,10,Loyal
CUST-4108,Vivaan Jha,117,1,935.49,1,2,3,6,Developing
CUST-4109,Aditya Gupta,480,1,320.36,4,2,2,8,Developing
CUST-4110,Anaya Gupta,20,1,474.95,1,2,2,5,At Risk
CUST-4110,Isha Jha,545,1,80.01,4,2,1,7,Developing
CUST-4111,Riya Kumar,188,1,1329.28,2,2,4,8,Developing
CUST-4113,Aditya Verma,553,1,216.59,4,2,1,7,Developing
CUST-4113,Kabir Roy,292,1,1725.36,2,2,4,8,Developing
CUST-4116,Kabir Patel,723,1,88.08,5,2,1,8,Developing
CUST-4116,Meera Kumar,616,1,3141.67,5,2,5,12,Champions
CUST-4117,Anaya Sinha,526,1,3424.44,4,2,5,11,Loyal
CUST-4117,Arjun Roy,456,1,30.06,4,2,1,7,Developing
CUST-4117,Meera Das,475,1,1178.48,4,2,4,10,Loyal
CUST-4117,Riya Roy,321,1,2721.94,3,2,5,10,Loyal
CUST-4118,Meera Sinha,302,1,695.38,3,2,3,8,Developing
CUST-4119,Riya Jha,272,1,88.77,2,2,1,5,At Risk
CUST-4120,Anaya Kumar,290,1,196.18,2,2,1,5,At Risk
CUST-4120,Kabir Patel,538,1,2248.62,4,2,5,11,Loyal
CUST-4122,Aarav Sharma,436,1,2405.05,4,2,5,11,Loyal
CUST-4123,Isha Roy,562,1,1385.05,4,2,4,10,Loyal
CUST-4124,Aditya Sharma,82,1,2927.14,1,2,5,8,Developing
CUST-4124,Diya Gupta,264,1,2667.49,2,2,5,9,Loyal
CUST-4124,Kabir Gupta,7,1,196.62,1,2,1,4,At Risk
CUST-4124,Kabir Patel,631,1,601.54,5,2,3,10,Loyal
CUST-4125,Aarav Singh,361,1,4433.33,3,2,5,10,Loyal
CUST-4127,Meera Jha,26,1,1085.74,1,2,4,7,Developing
CUST-4128,Aditya Kumar,234,1,135.76,2,2,1,5,At Risk
CUST-4128,Isha Singh,202,2,3384.08,2,5,5,12,Champions
CUST-4129,Anaya Gupta,96,1,3559.85,1,2,5,8,Developing
CUST-4129,Arjun Das,711,1,543.68,5,2,3,10,Loyal
CUST-4129,Diya Das,25,1,1343.51,1,2,4,7,Developing
CUST-4129,Diya Singh,274,1,94.4,2,2,1,5,At Risk
CUST-4129,Meera Sinha,164,1,2311.49,2,2,5,9,Loyal
CUST-4131,Aditya Verma,6,1,407.79,1,2,2,5,At Risk
CUST-4132,Aditya Gupta,137,1,1810.43,1,2,4,7,Developing
CUST-4132,Meera Das,306,1,211.06,3,2,1,6,Developing
CUST-4133,Aditya Roy,722,1,43.0,5,2,1,8,Developing
CUST-4134,Anaya Jha,561,1,172.52,4,2,1,7,Developing
CUST-4134,Vivaan Verma,528,1,150.75,4,2,1,7,Developing
CUST-4135,Vivaan Verma,36,1,1289.51,1,2,4,7,Developing
CUST-4136,Kabir Gupta,41,1,1015.07,1,2,4,7,Developing
CUST-4138,Anaya Verma,314,1,235.56,3,2,1,6,Developing
CUST-4138,Meera Patel,259,1,469.12,2,2,2,6,Developing
CUST-4139,Meera Roy,102,1,117.22,1,2,1,4,At Risk
CUST-4140,Diya Gupta,369,1,272.36,3,2,2,7,Developing
CUST-4140,Diya Sinha,85,1,214.98,1,2,1,4,At Risk
CUST-4140,Vivaan Sharma,664,1,1465.59,5,2,4,11,Loyal
CUST-4141,Isha Singh,430,1,748.65,3,2,3,8,Developing
CUST-4141,Vivaan Jha,96,1,446.47,1,2,2,5,At Risk
CUST-4142,Aditya Sharma,551,1,1832.34,4,2,4,10,Loyal
CUST-4142,Meera Kumar,308,1,4763.86,3,2,5,10,Loyal
CUST-4143,Meera Roy,497,1,5388.82,4,2,5,11,Loyal
CUST-4144,Aditya Sinha,91,1,247.14,1,2,2,5,At Risk
CUST-4144,Anaya Verma,700,1,510.25,5,2,2,9,Loyal
CUST-4145,Aarav Das,76,1,81.58,1,2,1,4,At Risk
CUST-4145,Anaya Kumar,534,1,59.19,4,2,1,7,Developing
CUST-4145,Isha Sharma,398,1,502.01,3,2,2,7,Developing
CUST-4146,Vivaan Sharma,644,1,87.58,5,2,1,8,Developing
CUST-4147,Arjun Das,513,1,182.18,4,2,1,7,Developing
CUST-4147,Diya Patel,673,1,153.57,5,2,1,8,Developing
CUST-4147,Vivaan Kumar,368,1,98.2,3,2,1,6,Developing
CUST-4148,Isha Kumar,71,1,648.53,1,2,3,6,Developing
CUST-4148,Riya Kumar,700,1,785.47,5,2,3,10,Loyal
CUST-4149,Kabir Das,696,1,1182.41,5,2,4,11,Loyal
CUST-4149,Riya Kumar,48,1,147.03,1,2,1,4,At Risk
CUST-4150,Diya Patel,648,1,2266.18,5,2,5,12,Champions
CUST-4151,Aditya Verma,620,1,2629.92,5,2,5,12,Champions
CUST-4153,Aditya Das,477,1,268.68,4,2,2,8,Developing
CUST-4153,Diya Kumar,676,1,324.6,5,2,2,9,Loyal
CUST-4154,Arjun Sinha,406,1,1521.68,3,2,4,9,Loyal
CUST-4154,Kabir Sinha,70,1,359.95,1,2,2,5,At Risk
CUST-4155,Aditya Sinha,330,1,10.12,3,2,1,6,Developing
CUST-4155,Anaya Das,107,1,930.53,1,2,3,6,Developing
CUST-4155,Riya Singh,417,1,1154.43,3,2,4,9,Loyal
CUST-4156,Arjun Singh,528,1,481.17,4,2,2,8,Developing
CUST-4157,Diya Gupta,721,1,2383.35,5,2,5,12,Champions
CUST-4157,Diya Kumar,197,1,374.89,2,2,2,6,Developing
CUST-4157,Riya Das,13,1,272.06,1,2,2,5,At Risk
CUST-4160,Anaya Sharma,506,1,2098.07,4,2,5,11,Loyal
CUST-4160,Isha Kumar,25,1,495.93,1,2,2,5,At Risk
CUST-4162,Aditya Kumar,2,1,408.31,1,2,2,5,At Risk
CUST-4162,Vivaan Singh,514,1,705.37,4,2,3,9,Loyal
CUST-4163,Anaya Sinha,17,1,2165.26,1,2,5,8,Developing
CUST-4165,Arjun Kumar,343,1,150.25,3,2,1,6,Developing
CUST-4166,Meera Sinha,130,1,1986.94,1,2,5,8,Developing
CUST-4167,Aditya Verma,279,1,52.93,2,2,1,5,At Risk
CUST-4169,Meera Sharma,701,1,1139.53,5,2,4,11,Loyal
CUST-4169,Riya Gupta,504,1,2627.14,4,2,5,11,Loyal
CUST-4170,Aarav Singh,635,1,679.63,5,2,3,10,Loyal
CUST-4170,Aarav Verma,234,1,2080.63,2,2,5,9,Loyal
CUST-4171,Anaya Sharma,436,1,595.28,4,2,3,9,Loyal
CUST-4171,Meera Sharma,257,1,426.93,2,2,2,6,Developing
CUST-4172,Kabir Patel,617,1,518.57,5,2,2,9,Loyal
CUST-4173,Aditya Verma,113,1,2170.09,1,2,5,8,Developing
CUST-4173,Arjun Sinha,700,1,1228.9,5,2,4,11,Loyal
CUST-4173,Vivaan Sinha,339,1,1444.39,3,2,4,9,Loyal
CUST-4174,Aarav Singh,349,1,489.6,3,2,2,7,Developing
CUST-4175,Diya Sinha,295,1,153.09,3,2,1,6,Developing
CUST-4176,Arjun Sinha,496,1,278.11,4,2,2,8,Developing
CUST-4176,Kabir Roy,493,1,1371.08,4,2,4,10,Loyal
CUST-4176,Riya Das,541,1,916.8,4,2,3,9,Loyal
CUST-4178,Riya Gupta,442,1,2802.47,4,2,5,11,Loyal
CUST-4178,Vivaan Patel,91,1,310.6,1,2,2,5,At Risk
CUST-4181,Isha Sinha,434,1,161.15,3,2,1,6,Developing
CUST-4183,Arjun Roy,467,1,3004.92,4,2,5,11,Loyal
CUST-4183,Diya Verma,288,1,2615.72,2,2,5,9,Loyal
CUST-4184,Anaya Sinha,30,1,554.71,1,2,3,6,Developing
CUST-4184,Kabir Verma,493,1,411.62,4,2,2,8,Developing
CUST-4185,Riya Roy,88,1,637.78,1,2,3,6,Developing
CUST-4186,Diya Sinha,343,1,230.43,3,2,1,6,Developing
CUST-4186,Vivaan Verma,284,1,489.47,2,2,2,6,Developing
CUST-4187,Vivaan Jha,310,1,35.48,3,2,1,6,Developing
CUST-4190,Arjun Jha,406,1,404.1,3,2,2,7,Developing
CUST-4190,Vivaan Roy,87,1,1093.81,1,2,4,7,Developing
CUST-4193,Anaya Sharma,503,1,68.98,4,2,1,7,Developing
CUST-4193,Vivaan Das,723,1,2050.64,5,2,5,12,Champions
CUST-4194,Riya Jha,227,1,3260.33,2,2,5,9,Loyal
CUST-4195,Meera Kumar,369,1,717.65,3,2,3,8,Developing
CUST-4196,Arjun Jha,717,1,1340.44,5,2,4,11,Loyal
CUST-4197,Aditya Patel,277,1,148.75,2,2,1,5,At Risk
CUST-4197,Vivaan Verma,423,1,1295.39,3,2,4,9,Loyal
CUST-4198,Anaya Sharma,415,1,2134.84,3,2,5,10,Loyal
CUST-4198,Diya Das,129,1,263.96,1,2,2,5,At Risk
CUST-4198,Vivaan Gupta,402,1,680.77,3,2,3,8,Developing
CUST-4200,Diya Patel,393,1,726.56,3,2,3,8,Developing
CUST-4201,Aarav Roy,382,1,903.33,3,2,3,8,Developing
CUST-4201,Diya Singh,239,1,283.64,2,2,2,6,Developing
CUST-4202,Aditya Gupta,232,1,695.71,2,2,3,7,Developing
CUST-4202,Kabir Jha,473,1,3360.28,4,2,5,11,Loyal
CUST-4203,Arjun Das,170,1,644.14,2,2,3,7,Developing
CUST-4203,Meera Das,130,1,1611.69,1,2,4,7,Developing
CUST-4204,Anaya Roy,480,1,2040.1,4,2,5,11,Loyal
CUST-4205,Aditya Patel,524,1,33.49,4,2,1,7,Developing
CUST-4209,Anaya Gupta,633,1,3879.14,5,2,5,12,Champions
CUST-4209,Anaya Jha,350,1,194.44,3,2,1,6,Developing
CUST-4209,Diya Patel,409,1,283.08,3,2,2,7,Developing
CUST-4210,Aditya Roy,288,1,588.54,2,2,3,7,Developing
CUST-4210,Meera Sharma,564,1,1097.21,4,2,4,10,Loyal
CUST-4211,Isha Verma,37,1,278.89,1,2,2,5,At Risk
CUST-4212,Arjun Kumar,310,1,327.28,3,2,2,7,Developing
CUST-4212,Riya Patel,497,1,208.14,4,2,1,7,Developing
CUST-4213,Aditya Patel,88,1,2210.27,1,2,5,8,Developing
CUST-4213,Anaya Jha,684,1,1720.38,5,2,4,11,Loyal
CUST-4214,Aditya Patel,214,1,1149.35,2,2,4,8,Developing
CUST-4214,Anaya Verma,179,1,662.68,2,2,3,7,Developing
CUST-4214,Riya Jha,521,1,395.7,4,2,2,8,Developing
CUST-4215,Aditya Jha,215,1,353.33,2,2,2,6,Developing
CUST-4215,Arjun Roy,37,1,2317.56,1,2,5,8,Developing
CUST-4216,Aarav Gupta,413,2,1497.69,3,5,4,12,Champions
CUST-4217,Kabir Gupta,446,1,3605.28,4,2,5,11,Loyal
CUST-4218,Aarav Roy,196,1,1708.31,2,2,4,8,Developing
CUST-4218,Meera Verma,354,1,2598.05,3,2,5,10,Loyal
CUST-4219,Aarav Gupta,586,1,617.15,5,2,3,10,Loyal
CUST-4223,Kabir Sinha,557,1,526.63,4,2,3,9,Loyal
CUST-4223,Vivaan Roy,374,1,68.68,3,2,1,6,Developing
CUST-4227,Kabir Patel,724,1,1478.12,5,2,4,11,Loyal
CUST-4228,Diya Sinha,373,1,214.56,3,2,1,6,Developing
CUST-4229,Meera Sharma,233,1,416.09,2,2,2,6,Developing
CUST-4230,Diya Sinha,80,1,1364.51,1,2,4,7,Developing
CUST-4230,Vivaan Das,568,1,3539.47,4,2,5,11,Loyal
CUST-4231,Aarav Jha,93,1,237.86,1,2,1,4,At Risk
CUST-4231,Aarav Sinha,24,1,3079.13,1,2,5,8,Developing
CUST-4231,Meera Jha,445,1,1217.22,4,2,4,10,Loyal
CUST-4232,Vivaan Patel,554,1,606.95,4,2,3,9,Loyal
CUST-4233,Anaya Sinha,640,1,1785.16,5,2,4,11,Loyal
CUST-4234,Diya Sinha,241,1,2681.41,2,2,5,9,Loyal
CUST-4234,Vivaan Gupta,730,1,132.84,5,2,1,8,Developing
CUST-4235,Isha Kumar,126,1,1365.95,1,2,4,7,Developing
CUST-4236,Meera Sharma,715,1,2750.31,5,2,5,12,Champions
CUST-4238,Aarav Gupta,456,1,944.44,4,2,3,9,Loyal
CUST-4238,Diya Gupta,184,1,1658.08,2,2,4,8,Developing
CUST-4239,Aditya Sinha,143,1,152.48,1,2,1,4,At Risk
CUST-4240,Arjun Kumar,326,1,790.18,3,2,3,8,Developing
CUST-4240,Isha Gupta,188,1,4247.43,2,2,5,9,Loyal
CUST-4240,Kabir Gupta,591,1,165.6,5,2,1,8,Developing
CUST-4240,Vivaan Singh,662,1,369.32,5,2,2,9,Loyal
CUST-4241,Vivaan Gupta,165,1,569.64,2,2,3,7,Developing
CUST-4242,Arjun Gupta,32,1,164.1,1,2,1,4,At Risk
CUST-4242,Diya Patel,165,1,573.7,2,2,3,7,Developing
CUST-4243,Isha Kumar,277,1,635.19,2,2,3,7,Developing
CUST-4243,Meera Gupta,436,1,284.28,4,2,2,8,Developing
CUST-4244,Meera Verma,603,1,1592.94,5,2,4,11,Loyal
CUST-4245,Riya Kumar,278,1,692.51,2,2,3,7,Developing
CUST-4246,Aarav Patel,306,1,321.0,3,2,2,7,Developing
CUST-4246,Anaya Gupta,629,1,515.91,5,2,2,9,Loyal
CUST-4246,Kabir Verma,168,1,750.06,2,2,3,7,Developing
CUST-4247,Aarav Gupta,511,1,478.98,4,2,2,8,Developing
CUST-4247,Aarav Kumar,607,1,418.83,5,2,2,9,Loyal
CUST-4247,Anaya Kumar,398,1,509.33,3,2,2,7,Developing
CUST-4247,Meera Sharma,226,1,2240.61,2,2,5,9,Loyal
CUST-4248,Vivaan Verma,719,1,48.55,5,2,1,8,Developing
CUST-4249,Aarav Sharma,156,1,1495.5,2,2,4,8,Developing
CUST-4249,Diya Kumar,329,1,56.63,3,2,1,6,Developing
CUST-4249,Kabir Verma,700,1,825.56,5,2,3,10,Loyal
CUST-4252,Kabir Roy,557,1,348.75,4,2,2,8,Developing
CUST-4253,Anaya Sinha,385,1,3598.54,3,2,5,10,Loyal
CUST-4254,Aarav Das,65,1,89.25,1,2,1,4,At Risk
CUST-4254,Diya Sinha,722,1,133.2,5,2,1,8,Developing
CUST-4255,Vivaan Kumar,631,1,301.42,5,2,2,9,Loyal
CUST-4256,Aarav Sharma,340,1,245.1,3,2,2,7,Developing
CUST-4256,Anaya Singh,560,1,342.02,4,2,2,8,Developing
CUST-4256,Isha Roy,160,1,299.24,2,2,2,6,Developing
CUST-4256,Vivaan Kumar,222,1,4249.05,2,2,5,9,Loyal
CUST-4258,Diya Verma,49,1,718.93,1,2,3,6,Developing
CUST-4258,Vivaan Gupta,299,1,604.2,3,2,3,8,Developing
CUST-4259,Aditya Singh,104,1,258.53,1,2,2,5,At Risk
CUST-4259,Isha Singh,33,1,712.76,1,2,3,6,Developing
CUST-4259,Meera Sinha,424,1,190.23,3,2,1,6,Developing
CUST-4260,Aditya Verma,68,2,481.28000000000003,1,5,2,8,Developing
CUST-4261,Anaya Roy,457,1,675.66,4,2,3,9,Loyal
CUST-4261,Diya Sharma,130,1,539.18,1,2,3,6,Developing
CUST-4262,Aditya Patel,149,1,766.65,2,2,3,7,Developing
CUST-4262,Diya Singh,611,1,1647.95,5,2,4,11,Loyal
CUST-4262,Meera Sharma,125,1,45.74,1,2,1,4,At Risk
CUST-4263,Isha Jha,105,1,684.27,1,2,3,6,Developing
CUST-4264,Arjun Sinha,465,1,365.88,4,2,2,8,Developing
CUST-4266,Diya Sinha,692,1,3734.56,5,2,5,12,Champions
CUST-4266,Meera Kumar,421,1,101.87,3,2,1,6,Developing
CUST-4266,Meera Roy,324,1,5032.73,3,2,5,10,Loyal
CUST-4267,Isha Patel,596,1,1578.76,5,2,4,11,Loyal
CUST-4267,Meera Singh,251,1,2376.12,2,2,5,9,Loyal
CUST-4267,Vivaan Sharma,110,1,204.04,1,2,1,4,At Risk
CUST-4268,Aditya Singh,82,1,1072.0,1,2,4,7,Developing
CUST-4268,Diya Roy,206,1,613.15,2,2,3,7,Developing
CUST-4271,Arjun Singh,304,1,2123.61,3,2,5,10,Loyal
CUST-4271,Vivaan Sharma,23,1,1607.22,1,2,4,7,Developing
CUST-4273,Riya Das,256,1,408.42,2,2,2,6,Developing
CUST-4273,Vivaan Patel,329,1,3302.19,3,2,5,10,Loyal
CUST-4273,Vivaan Roy,258,1,1560.67,2,2,4,8,Developing
CUST-4275,Isha Verma,704,1,257.78,5,2,2,9,Loyal
CUST-4277,Arjun Verma,411,1,802.3,3,2,3,8,Developing
CUST-4278,Aarav Gupta,468,1,74.21,4,2,1,7,Developing
CUST-4278,Kabir Kumar,340,1,1587.41,3,2,4,9,Loyal
CUST-4279,Kabir Singh,152,1,532.9,2,2,3,7,Developing
CUST-4279,Riya Patel,676,1,1195.53,5,2,4,11,Loyal
CUST-4280,Anaya Gupta,116,1,3336.09,1,2,5,8,Developing
CUST-4282,Arjun Sharma,129,1,4371.18,1,2,5,8,Developing
CUST-4282,Riya Das,24,1,225.36,1,2,1,4,At Risk
CUST-4283,Isha Gupta,305,1,2092.8,3,2,5,10,Loyal
CUST-4284,Anaya Roy,20,1,3448.3,1,2,5,8,Developing
CUST-4285,Riya Jha,45,1,659.75,1,2,3,6,Developing
CUST-4285,Riya Roy,192,1,1306.87,2,2,4,8,Developing
CUST-4286,Diya Sinha,57,1,3713.29,1,2,5,8,Developing
CUST-4287,Aarav Gupta,572,1,749.03,4,2,3,9,Loyal
CUST-4287,Aditya Singh,521,1,1685.35,4,2,4,10,Loyal
CUST-4288,Arjun Verma,287,1,105.21,2,2,1,5,At Risk
CUST-4289,Kabir Das,243,1,479.41,2,2,2,6,Developing
CUST-4289,Kabir Gupta,50,1,1978.18,1,2,5,8,Developing
CUST-4290,Meera Sharma,427,1,642.21,3,2,3,8,Developing
CUST-4290,Riya Singh,595,1,102.42,5,2,1,8,Developing
CUST-4290,Vivaan Patel,85,1,1290.67,1,2,4,7,Developing
CUST-4291,Kabir Sharma,645,1,627.16,5,2,3,10,Loyal
CUST-4291,Riya Gupta,527,1,119.25,4,2,1,7,Developing
CUST-4292,Vivaan Sinha,542,1,488.14,4,2,2,8,Developing
CUST-4293,Vivaan Singh,430,1,1655.96,3,2,4,9,Loyal
CUST-4294,Aarav Patel,413,1,70.98,3,2,1,6,Developing
CUST-4294,Isha Verma,26,1,1826.25,1,2,4,7,Developing
CUST-4295,Anaya Sinha,395,1,501.71,3,2,2,7,Developing
CUST-4295,Isha Sinha,224,1,1485.29,2,2,4,8,Developing
CUST-4295,Vivaan Singh,22,1,166.33,1,2,1,4,At Risk
CUST-4297,Arjun Verma,84,1,3262.05,1,2,5,8,Developing
CUST-4297,Isha Jha,15,1,2429.12,1,2,5,8,Developing
CUST-4298,Isha Verma,84,1,788.03,1,2,3,6,Developing
CUST-4300,Anaya Kumar,648,1,2118.75,5,2,5,12,Champions
CUST-4300,Kabir Gupta,596,1,474.33,5,2,2,9,Loyal
CUST-4301,Meera Sinha,26,1,89.54,1,2,1,4,At Risk
CUST-4301,Riya Das,112,1,647.66,1,2,3,6,Developing
CUST-4302,Meera Kumar,134,1,2511.38,1,2,5,8,Developing
CUST-4303,Riya Sharma,378,1,3643.02,3,2,5,10,Loyal
CUST-4306,Kabir Sharma,173,1,456.47,2,2,2,6,Developing
CUST-4307,Aarav Gupta,484,1,580.34,4,2,3,9,Loyal
CUST-4307,Kabir Patel,62,1,1068.52,1,2,4,7,Developing
CUST-4307,Vivaan Gupta,362,1,261.51,3,2,2,7,Developing
CUST-4310,Isha Verma,473,1,896.85,4,2,3,9,Loyal
CUST-4311,Aarav Sinha,359,1,722.87,3,2,3,8,Developing
CUST-4311,Diya Singh,358,1,134.17,3,2,1,6,Developing
CUST-4311,Riya Roy,456,1,411.55,4,2,2,8,Developing
CUST-4311,Vivaan Sinha,47,1,603.34,1,2,3,6,Developing
CUST-4313,Anaya Roy,644,1,568.56,5,2,3,10,Loyal
CUST-4314,Diya Singh,539,1,1516.84,4,2,4,10,Loyal
CUST-4315,Isha Das,304,1,139.16,3,2,1,6,Developing
CUST-4316,Diya Patel,52,1,1629.13,1,2,4,7,Developing
CUST-4319,Aarav Verma,187,1,922.24,2,2,3,7,Developing
CUST-4321,Kabir Jha,271,1,2676.67,2,2,5,9,Loyal
CUST-4321,Vivaan Kumar,534,1,1375.23,4,2,4,10,Loyal
CUST-4322,Diya Jha,247,1,1736.13,2,2,4,8,Developing
CUST-4323,Aarav Patel,623,1,104.61,5,2,1,8,Developing
CUST-4323,Meera Verma,674,1,758.68,5,2,3,10,Loyal
CUST-4325,Vivaan Das,138,1,944.43,1,2,3,6,Developing
CUST-4327,Riya Patel,330,1,848.68,3,2,3,8,Developing
CUST-4329,Riya Gupta,65,1,1776.59,1,2,4,7,Developing
CUST-4331,Arjun Das,453,1,3965.31,4,2,5,11,Loyal
CUST-4331,Diya Kumar,283,1,48.11,2,2,1,5,At Risk
CUST-4332,Arjun Kumar,13,1,57.32,1,2,1,4,At Risk
CUST-4332,Kabir Sharma,179,1,755.57,2,2,3,7,Developing
CUST-4334,Anaya Verma,145,1,1625.13,1,2,4,7,Developing
CUST-4335,Anaya Patel,8,1,1812.68,1,2,4,7,Developing
CUST-4339,Anaya Singh,693,1,293.71,5,2,2,9,Loyal
CUST-4339,Riya Gupta,347,1,1146.94,3,2,4,9,Loyal
CUST-4341,Aarav Verma,331,1,907.23,3,2,3,8,Developing
CUST-4341,Arjun Roy,646,1,1032.97,5,2,4,11,Loyal
CUST-4341,Meera Das,173,1,1524.44,2,2,4,8,Developing
CUST-4342,Vivaan Sharma,347,1,1504.66,3,2,4,9,Loyal
CUST-4343,Meera Patel,107,1,1111.84,1,2,4,7,Developing
CUST-4344,Arjun Gupta,73,1,1342.0,1,2,4,7,Developing
CUST-4344,Riya Das,593,1,279.81,5,2,2,9,Loyal
CUST-4345,Diya Das,502,1,58.74,4,2,1,7,Developing
CUST-4345,Meera Roy,369,1,515.03,3,2,2,7,Developing
CUST-4345,Riya Roy,28,1,2383.11,1,2,5,8,Developing
CUST-4346,Anaya Patel,690,1,1205.83,5,2,4,11,Loyal
CUST-4346,Anaya Verma,547,1,4663.5,4,2,5,11,Loyal
CUST-4346,Riya Kumar,390,1,1040.89,3,2,4,9,Loyal
CUST-4346,Riya Patel,445,1,684.79,4,2,3,9,Loyal
CUST-4346,Riya Roy,340,1,3298.65,3,2,5,10,Loyal
CUST-4347,Vivaan Das,428,1,911.17,3,2,3,8,Developing
CUST-4349,Aarav Kumar,579,1,318.07,4,2,2,8,Developing
CUST-4349,Meera Das,702,1,2997.04,5,2,5,12,Champions
CUST-4350,Arjun Das,619,1,1896.8,5,2,4,11,Loyal
CUST-4350,Riya Sinha,304,1,483.7,3,2,2,7,Developing
CUST-4350,Vivaan Sharma,74,1,1166.83,1,2,4,7,Developing
CUST-4351,Anaya Patel,457,1,1906.65,4,2,4,10,Loyal
CUST-4351,Kabir Sinha,551,1,139.17,4,2,1,7,Developing
CUST-4351,Meera Roy,731,1,513.65,5,2,2,9,Loyal
CUST-4352,Arjun Sinha,134,1,1588.5,1,2,4,7,Developing
CUST-4352,Isha Gupta,495,1,499.73,4,2,2,8,Developing
CUST-4355,Anaya Jha,38,1,720.73,1,2,3,6,Developing
CUST-4355,Anaya Roy,430,1,243.78,3,2,1,6,Developing
CUST-4355,Vivaan Verma,401,1,217.62,3,2,1,6,Developing
CUST-4356,Aditya Singh,624,1,11.81,5,2,1,8,Developing
CUST-4356,Arjun Sharma,579,1,1783.06,4,2,4,10,Loyal
CUST-4356,Isha Jha,640,1,147.44,5,2,1,8,Developing
CUST-4358,Aarav Patel,106,1,68.38,1,2,1,4,At Risk
CUST-4359,Diya Patel,189,1,3019.42,2,2,5,9,Loyal
CUST-4360,Riya Sharma,107,1,947.68,1,2,3,6,Developing
CUST-4361,Arjun Singh,558,1,461.73,4,2,2,8,Developing
CUST-4361,Isha Das,302,1,1426.39,3,2,4,9,Loyal
CUST-4362,Arjun Jha,59,1,925.16,1,2,3,6,Developing
CUST-4362,Diya Patel,440,1,991.07,4,2,4,10,Loyal
CUST-4363,Aditya Sinha,184,1,82.19,2,2,1,5,At Risk
CUST-4363,Meera Das,650,1,1791.33,5,2,4,11,Loyal
CUST-4363,Riya Singh,141,1,125.66,1,2,1,4,At Risk
CUST-4364,Arjun Jha,592,1,2048.01,5,2,5,12,Champions
CUST-4364,Arjun Sharma,689,1,550.92,5,2,3,10,Loyal
CUST-4364,Meera Sinha,440,1,2072.05,4,2,5,11,Loyal
CUST-4365,Anaya Singh,496,1,21.27,4,2,1,7,Developing
CUST-4365,Anaya Sinha,515,1,852.86,4,2,3,9,Loyal
CUST-4366,Kabir Singh,249,1,2806.47,2,2,5,9,Loyal
CUST-4366,Riya Sinha,275,1,203.46,2,2,1,5,At Risk
CUST-4367,Anaya Patel,403,1,443.06,3,2,2,7,Developing
CUST-4368,Arjun Jha,179,1,278.47,2,2,2,6,Developing
CUST-4368,Diya Sharma,550,1,386.12,4,2,2,8,Developing
CUST-4368,Riya Sharma,672,1,508.3,5,2,2,9,Loyal
CUST-4369,Vivaan Gupta,549,1,2489.83,4,2,5,11,Loyal
CUST-4370,Anaya Patel,396,1,497.08,3,2,2,7,Developing
CUST-4370,Arjun Das,151,1,1720.58,2,2,4,8,Developing
CUST-4370,Meera Singh,181,1,2638.6,2,2,5,9,Loyal
CUST-4370,Vivaan Kumar,366,1,2213.1,3,2,5,10,Loyal
CUST-4371,Kabir Gupta,97,1,1500.06,1,2,4,7,Developing
CUST-4372,Kabir Verma,553,1,294.01,4,2,2,8,Developing
CUST-4372,Meera Patel,582,1,120.88,5,2,1,8,Developing
CUST-4373,Arjun Jha,79,1,2513.12,1,2,5,8,Developing
CUST-4373,Diya Verma,283,1,1619.64,2,2,4,8,Developing
CUST-4373,Meera Das,637,1,1858.55,5,2,4,11,Loyal
CUST-4373,Vivaan Jha,292,1,1539.13,2,2,4,8,Developing
CUST-4374,Isha Sharma,378,1,346.94,3,2,2,7,Developing
CUST-4374,Vivaan Roy,632,1,2475.9,5,2,5,12,Champions
CUST-4374,Vivaan Sharma,333,1,3230.37,3,2,5,10,Loyal
CUST-4375,Kabir Kumar,61,1,730.12,1,2,3,6,Developing
CUST-4375,Kabir Sinha,133,1,1264.92,1,2,4,7,Developing
CUST-4376,Aarav Das,62,1,382.83,1,2,2,5,At Risk
CUST-4376,Isha Sharma,645,1,399.61,5,2,2,9,Loyal
CUST-4377,Vivaan Das,1,1,503.86,1,2,2,5,At Risk
CUST-4378,Isha Jha,447,1,1942.32,4,2,5,11,Loyal
CUST-4379,Kabir Singh,224,1,1517.18,2,2,4,8,Developing
CUST-4379,Vivaan Kumar,391,1,1202.49,3,2,4,9,Loyal
CUST-4379,Vivaan Singh,719,1,1215.2,5,2,4,11,Loyal
CUST-4380,Kabir Verma,438,1,232.68,4,2,1,7,Developing
CUST-4381,Isha Kumar,493,1,223.89,4,2,1,7,Developing
CUST-4381,Vivaan Singh,66,1,196.12,1,2,1,4,At Risk
CUST-4382,Meera Kumar,704,1,346.31,5,2,2,9,Loyal
CUST-4384,Riya Patel,90,1,2127.92,1,2,5,8,Developing
CUST-4385,Riya Roy,303,1,2201.08,3,2,5,10,Loyal
CUST-4386,Riya Kumar,605,1,543.57,5,2,3,10,Loyal
CUST-4387,Arjun Verma,228,1,557.01,2,2,3,7,Developing
CUST-4389,Isha Kumar,505,1,214.92,4,2,1,7,Developing
CUST-4390,Aditya Roy,570,1,669.41,4,2,3,9,Loyal
CUST-4390,Diya Gupta,117,1,2810.46,1,2,5,8,Developing
CUST-4390,Isha Verma,270,1,973.73,2,2,4,8,Developing
CUST-4390,Meera Sharma,219,1,554.42,2,2,3,7,Developing
CUST-4391,Aarav Patel,121,1,354.44,1,2,2,5,At Risk
CUST-4391,Anaya Jha,293,1,1076.73,3,2,4,9,Loyal
CUST-4391,Diya Jha,393,1,1599.86,3,2,4,9,Loyal
CUST-4391,Isha Sinha,289,1,1393.28,2,2,4,8,Developing
CUST-4391,Kabir Sinha,580,1,2443.69,4,2,5,11,Loyal
CUST-4392,Vivaan Sharma,340,1,1040.58,3,2,4,9,Loyal
CUST-4393,Isha Jha,711,1,183.4,5,2,1,8,Developing
CUST-4395,Isha Gupta,689,1,304.56,5,2,2,9,Loyal
CUST-4398,Kabir Kumar,500,1,112.71,4,2,1,7,Developing
CUST-4398,Riya Kumar,429,1,650.34,3,2,3,8,Developing
CUST-4399,Aarav Patel,217,1,684.06,2,2,3,7,Developing
CUST-4399,Isha Sinha,359,1,2063.89,3,2,5,10,Loyal
CUST-4400,Meera Sinha,7,1,79.05,1,2,1,4,At Risk
CUST-4401,Riya Kumar,277,1,3696.57,2,2,5,9,Loyal
CUST-4402,Meera Singh,79,1,1946.65,1,2,5,8,Developing
CUST-4402,Riya Roy,404,1,1630.95,3,2,4,9,Loyal
CUST-4403,Anaya Das,77,1,95.83,1,2,1,4,At Risk
CUST-4405,Kabir Jha,713,1,387.24,5,2,2,9,Loyal
CUST-4407,Arjun Das,632,1,1258.31,5,2,4,11,Loyal
CUST-4408,Isha Sharma,352,1,540.71,3,2,3,8,Developing
CUST-4408,Riya Gupta,138,1,1549.95,1,2,4,7,Developing
CUST-4409,Riya Jha,438,1,819.35,4,2,3,9,Loyal
CUST-4410,Riya Kumar,30,1,5129.6,1,2,5,8,Developing
CUST-4411,Aditya Sharma,708,1,788.6,5,2,3,10,Loyal
CUST-4411,Arjun Sharma,173,1,114.59,2,2,1,5,At Risk
CUST-4411,Meera Kumar,673,1,689.83,5,2,3,10,Loyal
CUST-4411,Riya Kumar,118,1,2275.23,1,2,5,8,Developing
CUST-4414,Aarav Gupta,332,1,177.77,3,2,1,6,Developing
CUST-4414,Aarav Sinha,613,1,1996.73,5,2,5,12,Champions
CUST-4415,Aditya Verma,147,1,117.71,2,2,1,5,At Risk
CUST-4416,Riya Jha,300,1,688.85,3,2,3,8,Developing
CUST-4417,Diya Patel,530,1,196.75,4,2,1,7,Developing
CUST-4419,Aarav Patel,717,1,1317.45,5,2,4,11,Loyal
CUST-4420,Aarav Kumar,722,1,542.16,5,2,3,10,Loyal
CUST-4421,Isha Roy,376,1,3757.63,3,2,5,10,Loyal
CUST-4421,Meera Das,123,1,1818.55,1,2,4,7,Developing
CUST-4422,Aditya Singh,154,1,528.23,2,2,3,7,Developing
CUST-4422,Arjun Verma,439,1,185.9,4,2,1,7,Developing
CUST-4422,Vivaan Jha,517,1,1169.35,4,2,4,10,Loyal
CUST-4423,Aarav Sinha,212,1,92.88,2,2,1,5,At Risk
CUST-4424,Arjun Das,536,1,105.44,4,2,1,7,Developing
CUST-4425,Anaya Verma,43,1,492.3,1,2,2,5,At Risk
CUST-4430,Kabir Singh,669,1,478.06,5,2,2,9,Loyal
CUST-4432,Meera Sinha,630,1,68.67,5,2,1,8,Developing
CUST-4432,Vivaan Sharma,184,1,642.79,2,2,3,7,Developing
CUST-4432,Vivaan Singh,502,1,2496.24,4,2,5,11,Loyal
CUST-4433,Arjun Das,253,1,79.68,2,2,1,5,At Risk
CUST-4433,Arjun Verma,680,1,4923.48,5,2,5,12,Champions
CUST-4433,Isha Patel,521,1,1878.17,4,2,4,10,Loyal
CUST-4434,Diya Singh,506,1,893.56,4,2,3,9,Loyal
CUST-4435,Vivaan Singh,456,1,803.18,4,2,3,9,Loyal
CUST-4436,Meera Gupta,490,1,1134.8,4,2,4,10,Loyal
CUST-4437,Diya Jha,30,1,760.51,1,2,3,6,Developing
CUST-4437,Kabir Kumar,42,1,1154.02,1,2,4,7,Developing
CUST-4437,Kabir Sinha,671,1,30.43,5,2,1,8,Developing
CUST-4437,Vivaan Verma,210,1,1788.41,2,2,4,8,Developing
CUST-4438,Kabir Das,384,1,3607.71,3,2,5,10,Loyal
CUST-4439,Riya Singh,172,1,1191.06,2,2,4,8,Developing
CUST-4440,Arjun Das,311,1,529.93,3,2,3,8,Developing
CUST-4440,Isha Gupta,433,1,1315.76,3,2,4,9,Loyal
CUST-4440,Vivaan Kumar,47,1,1767.72,1,2,4,7,Developing
CUST-4442,Meera Kumar,162,1,417.05,2,2,2,6,Developing
CUST-4443,Aarav Jha,432,1,375.13,3,2,2,7,Developing
CUST-4443,Arjun Roy,467,1,653.08,4,2,3,9,Loyal
CUST-4444,Anaya Das,625,1,2269.26,5,2,5,12,Champions
CUST-4444,Anaya Gupta,74,1,385.33,1,2,2,5,At Risk
CUST-4444,Anaya Verma,600,1,372.9,5,2,2,9,Loyal
CUST-4447,Isha Sharma,115,1,2165.92,1,2,5,8,Developing
CUST-4448,Diya Singh,319,1,2412.44,3,2,5,10,Loyal
CUST-4449,Kabir Sinha,236,1,791.57,2,2,3,7,Developing
CUST-4450,Arjun Singh,512,1,221.17,4,2,1,7,Developing
CUST-4450,Arjun Verma,75,1,40.82,1,2,1,4,At Risk
CUST-4452,Isha Sinha,322,1,87.78,3,2,1,6,Developing
CUST-4453,Kabir Sharma,679,1,255.3,5,2,2,9,Loyal
CUST-4456,Isha Singh,686,1,361.92,5,2,2,9,Loyal
CUST-4456,Riya Patel,593,1,88.8,5,2,1,8,Developing
CUST-4457,Aditya Singh,73,1,1005.91,1,2,4,7,Developing
CUST-4457,Anaya Patel,684,1,1888.99,5,2,4,11,Loyal
CUST-4457,Kabir Singh,730,1,596.15,5,2,3,10,Loyal
CUST-4457,Riya Patel,645,1,569.79,5,2,3,10,Loyal
CUST-4458,Kabir Sharma,90,1,1862.41,1,2,4,7,Developing
CUST-4460,Kabir Roy,476,1,293.73,4,2,2,8,Developing
CUST-4460,Riya Sinha,706,1,521.58,5,2,2,9,Loyal
CUST-4461,Aditya Sinha,44,1,1551.23,1,2,4,7,Developing
CUST-4462,Vivaan Sharma,354,1,160.62,3,2,1,6,Developing
CUST-4464,Aditya Gupta,275,1,490.3,2,2,2,6,Developing
CUST-4466,Aarav Jha,8,1,549.4,1,2,3,6,Developing
CUST-4466,Diya Singh,311,1,122.04,3,2,1,6,Developing
CUST-4467,Aditya Jha,149,1,1673.23,2,2,4,8,Developing
CUST-4469,Diya Das,330,1,3316.11,3,2,5,10,Loyal
CUST-4469,Vivaan Roy,293,1,223.1,3,2,1,6,Developing
CUST-4470,Vivaan Kumar,675,1,2650.83,5,2,5,12,Champions
CUST-4472,Anaya Gupta,135,1,2664.51,1,2,5,8,Developing
CUST-4473,Aarav Gupta,287,1,528.52,2,2,3,7,Developing
CUST-4473,Vivaan Das,567,1,19.65,4,2,1,7,Developing
CUST-4473,Vivaan Singh,126,1,4278.39,1,2,5,8,Developing
CUST-4475,Riya Das,149,1,1074.39,2,2,4,8,Developing
CUST-4475,Vivaan Das,546,1,1752.97,4,2,4,10,Loyal
CUST-4477,Aarav Verma,475,1,524.66,4,2,2,8,Developing
CUST-4478,Meera Jha,28,1,994.33,1,2,4,7,Developing
CUST-4479,Vivaan Patel,118,1,1139.81,1,2,4,7,Developing
CUST-4480,Aarav Kumar,344,1,2843.63,3,2,5,10,Loyal
CUST-4480,Diya Das,323,1,250.68,3,2,2,7,Developing
CUST-4480,Riya Gupta,658,1,95.98,5,2,1,8,Developing
CUST-4480,Riya Roy,506,1,102.81,4,2,1,7,Developing
CUST-4480,Riya Sharma,563,1,77.47,4,2,1,7,Developing
CUST-4481,Aditya Sharma,646,1,458.86,5,2,2,9,Loyal
CUST-4481,Anaya Kumar,682,1,134.53,5,2,1,8,Developing
CUST-4481,Diya Roy,428,1,985.2,3,2,4,9,Loyal
CUST-4482,Aditya Roy,439,1,1983.55,4,2,5,11,Loyal
CUST-4482,Kabir Das,300,1,1285.97,3,2,4,9,Loyal
CUST-4482,Kabir Jha,27,1,365.84,1,2,2,5,At Risk
CUST-4482,Vivaan Kumar,257,1,1022.97,2,2,4,8,Developing
CUST-4483,Meera Gupta,182,1,1367.56,2,2,4,8,Developing
CUST-4484,Anaya Roy,153,1,105.53,2,2,1,5,At Risk
CUST-4484,Arjun Kumar,570,1,211.06,4,2,1,7,Developing
CUST-4485,Anaya Verma,170,1,2904.64,2,2,5,9,Loyal
CUST-4486,Arjun Verma,689,1,1101.35,5,2,4,11,Loyal
CUST-4486,Meera Singh,190,1,2416.48,2,2,5,9,Loyal
CUST-4486,Vivaan Das,25,1,85.1,1,2,1,4,At Risk
CUST-4487,Arjun Gupta,431,1,3980.37,3,2,5,10,Loyal
CUST-4487,Riya Sharma,420,1,1684.84,3,2,4,9,Loyal
CUST-4488,Isha Sinha,40,1,3054.94,1,2,5,8,Developing
CUST-4488,Kabir Sinha,458,1,78.65,4,2,1,7,Developing
CUST-4489,Aarav Verma,360,1,403.32,3,2,2,7,Developing
CUST-4489,Kabir Patel,58,1,302.5,1,2,2,5,At Risk
CUST-4489,Meera Patel,27,1,321.04,1,2,2,5,At Risk
CUST-4489,Riya Patel,606,1,2911.16,5,2,5,12,Champions
CUST-4490,Aditya Das,722,1,382.09,5,2,2,9,Loyal
CUST-4490,Arjun Verma,467,1,3707.41,4,2,5,11,Loyal
CUST-4491,Vivaan Kumar,454,1,3027.65,4,2,5,11,Loyal
CUST-4492,Anaya Jha,293,1,2671.54,3,2,5,10,Loyal
CUST-4493,Aditya Verma,122,1,238.14,1,2,1,4,At Risk
CUST-4493,Diya Das,216,1,320.3,2,2,2,6,Developing
CUST-4493,Riya Sinha,291,1,279.49,2,2,2,6,Developing
CUST-4495,Anaya Kumar,287,1,609.64,2,2,3,7,Developing
CUST-4495,Meera Gupta,498,1,2676.73,4,2,5,11,Loyal
CUST-4498,Anaya Verma,571,1,994.39,4,2,4,10,Loyal
CUST-4498,Isha Das,481,1,3215.97,4,2,5,11,Loyal
CUST-4499,Riya Sharma,671,1,2163.07,5,2,5,12,Champions
CUST-4500,Aditya Roy,403,1,4194.1,3,2,5,10,Loyal
CUST-4500,Anaya Kumar,335,1,572.9,3,2,3,8,Developing
CUST-4500,Anaya Sinha,348,1,1105.25,3,2,4,9,Loyal
CUST-4501,Kabir Sharma,448,1,2031.23,4,2,5,11,Loyal
CUST-4504,Isha Roy,630,1,2348.55,5,2,5,12,Champions
CUST-4504,Meera Das,586,1,636.84,5,2,3,10,Loyal
CUST-4504,Meera Jha,203,1,408.45,2,2,2,6,Developing
CUST-4504,Riya Kumar,159,1,1194.3,2,2,4,8,Developing
CUST-4505,Anaya Singh,397,1,2651.66,3,2,5,10,Loyal
CUST-4505,Isha Singh,631,1,94.07,5,2,1,8,Developing
CUST-4507,Meera Sharma,242,1,3012.32,2,2,5,9,Loyal
CUST-4510,Aditya Gupta,552,1,857.12,4,2,3,9,Loyal
CUST-4510,Arjun Roy,521,1,357.92,4,2,2,8,Developing
CUST-4510,Isha Sharma,157,1,242.3,2,2,1,5,At Risk
CUST-4510,Riya Jha,102,1,106.14,1,2,1,4,At Risk
CUST-4512,Aarav Sinha,169,1,68.19,2,2,1,5,At Risk
CUST-4512,Aditya Jha,35,1,2919.55,1,2,5,8,Developing
CUST-4512,Anaya Roy,202,1,1633.22,2,2,4,8,Developing
CUST-4513,Isha Roy,263,1,2280.62,2,2,5,9,Loyal
CUST-4513,Vivaan Patel,546,1,768.28,4,2,3,9,Loyal
CUST-4515,Isha Gupta,538,1,2217.12,4,2,5,11,Loyal
CUST-4517,Aditya Gupta,509,1,260.76,4,2,2,8,Developing
CUST-4518,Aarav Roy,222,1,1270.8,2,2,4,8,Developing
CUST-4519,Arjun Sharma,163,1,482.42,2,2,2,6,Developing
CUST-4519,Diya Jha,468,1,496.33,4,2,2,8,Developing
CUST-4520,Kabir Sinha,269,1,2338.57,2,2,5,9,Loyal
CUST-4520,Meera Gupta,100,1,250.62,1,2,2,5,At Risk
CUST-4520,Vivaan Verma,409,1,2531.63,3,2,5,10,Loyal
CUST-4522,Aditya Singh,617,1,2345.28,5,2,5,12,Champions
CUST-4522,Arjun Patel,22,1,121.9,1,2,1,4,At Risk
CUST-4522,Arjun Singh,659,1,785.17,5,2,3,10,Loyal
CUST-4522,Riya Patel,84,1,2395.41,1,2,5,8,Developing
CUST-4524,Riya Verma,72,1,106.82,1,2,1,4,At Risk
CUST-4526,Aditya Singh,345,1,295.64,3,2,2,7,Developing
CUST-4526,Riya Sharma,360,1,455.61,3,2,2,7,Developing
CUST-4527,Arjun Jha,39,1,324.18,1,2,2,5,At Risk
CUST-4527,Riya Gupta,277,1,330.69,2,2,2,6,Developing
CUST-4529,Arjun Patel,110,1,1423.68,1,2,4,7,Developing
CUST-4530,Kabir Sharma,236,1,2574.18,2,2,5,9,Loyal
CUST-4531,Diya Kumar,111,1,1658.48,1,2,4,7,Developing
CUST-4532,Aarav Singh,342,1,995.39,3,2,4,9,Loyal
CUST-4532,Anaya Singh,646,1,464.08,5,2,2,9,Loyal
CUST-4532,Kabir Das,231,1,1697.71,2,2,4,8,Developing
CUST-4533,Anaya Jha,259,1,3593.26,2,2,5,9,Loyal
CUST-4533,Diya Kumar,552,1,2864.94,4,2,5,11,Loyal
CUST-4534,Aarav Patel,60,1,980.45,1,2,4,7,Developing
CUST-4534,Aditya Kumar,269,1,1064.84,2,2,4,8,Developing
CUST-4534,Kabir Gupta,32,1,622.92,1,2,3,6,Developing
CUST-4534,Kabir Verma,144,1,224.23,1,2,1,4,At Risk
CUST-4534,Meera Singh,482,1,1329.99,4,2,4,10,Loyal
CUST-4535,Aditya Gupta,403,1,2668.47,3,2,5,10,Loyal
CUST-4536,Isha Das,632,1,989.49,5,2,4,11,Loyal
CUST-4536,Kabir Verma,147,1,196.64,2,2,1,5,At Risk
CUST-4536,Vivaan Kumar,442,1,633.97,4,2,3,9,Loyal
CUST-4537,Isha Das,98,1,93.44,1,2,1,4,At Risk
CUST-4537,Meera Gupta,524,1,27.81,4,2,1,7,Developing
CUST-4537,Vivaan Das,606,1,569.77,5,2,3,10,Loyal
CUST-4539,Diya Singh,361,1,47.42,3,2,1,6,Developing
CUST-4540,Aditya Roy,557,1,1744.37,4,2,4,10,Loyal
CUST-4541,Aditya Jha,316,1,116.49,3,2,1,6,Developing
CUST-4542,Isha Verma,366,1,802.57,3,2,3,8,Developing
CUST-4544,Diya Jha,425,1,699.53,3,2,3,8,Developing
CUST-4545,Isha Sharma,209,1,223.79,2,2,1,5,At Risk
CUST-4547,Vivaan Sinha,108,1,3869.58,1,2,5,8,Developing
CUST-4548,Aditya Singh,404,1,809.57,3,2,3,8,Developing
CUST-4550,Arjun Kumar,452,1,885.27,4,2,3,9,Loyal
CUST-4550,Meera Patel,346,1,1309.98,3,2,4,9,Loyal
CUST-4551,Aditya Roy,142,1,398.02,1,2,2,5,At Risk
CUST-4551,Meera Jha,475,1,3701.72,4,2,5,11,Loyal
CUST-4553,Riya Jha,258,1,2026.45,2,2,5,9,Loyal
CUST-4557,Arjun Jha,131,1,288.78,1,2,2,5,At Risk
CUST-4557,Diya Singh,680,1,467.89,5,2,2,9,Loyal
CUST-4557,Kabir Sharma,499,1,1964.59,4,2,5,11,Loyal
CUST-4558,Riya Gupta,61,1,100.79,1,2,1,4,At Risk
CUST-4559,Arjun Sinha,127,1,2774.19,1,2,5,8,Developing
CUST-4561,Aditya Kumar,533,1,1896.74,4,2,4,10,Loyal
CUST-4561,Meera Das,311,1,747.3,3,2,3,8,Developing
CUST-4562,Anaya Jha,189,1,820.54,2,2,3,7,Developing
CUST-4562,Meera Kumar,190,1,65.64,2,2,1,5,At Risk
CUST-4562,Meera Roy,178,1,233.6,2,2,1,5,At Risk
CUST-4563,Aditya Jha,10,1,1673.23,1,2,4,7,Developing
CUST-4564,Diya Kumar,717,1,554.52,5,2,3,10,Loyal
CUST-4564,Meera Jha,411,1,104.94,3,2,1,6,Developing
CUST-4565,Anaya Jha,108,1,1639.27,1,2,4,7,Developing
CUST-4565,Arjun Sharma,674,1,3297.98,5,2,5,12,Champions
CUST-4565,Riya Das,261,1,2810.67,2,2,5,9,Loyal
CUST-4565,Vivaan Sinha,637,1,1845.28,5,2,4,11,Loyal
CUST-4568,Arjun Jha,434,1,2378.44,3,2,5,10,Loyal
CUST-4568,Isha Jha,694,1,727.17,5,2,3,10,Loyal
CUST-4569,Vivaan Gupta,341,1,149.97,3,2,1,6,Developing
CUST-4570,Riya Sharma,640,1,178.49,5,2,1,8,Developing
CUST-4570,Vivaan Sinha,237,1,1008.05,2,2,4,8,Developing
CUST-4571,Aarav Kumar,707,1,2026.89,5,2,5,12,Champions
CUST-4571,Aditya Verma,50,1,1343.79,1,2,4,7,Developing
CUST-4573,Aditya Patel,660,1,3876.68,5,2,5,12,Champions
CUST-4575,Isha Kumar,621,1,793.49,5,2,3,10,Loyal
CUST-4575,Kabir Kumar,666,1,491.59,5,2,2,9,Loyal
CUST-4575,Meera Sharma,432,1,960.88,3,2,4,9,Loyal
CUST-4575,Riya Gupta,672,1,359.5,5,2,2,9,Loyal
CUST-4576,Meera Patel,290,1,918.64,2,2,3,7,Developing
CUST-4577,Aditya Sinha,220,1,1596.22,2,2,4,8,Developing
CUST-4577,Riya Sharma,71,1,447.52,1,2,2,5,At Risk
CUST-4578,Arjun Kumar,156,1,314.3,2,2,2,6,Developing
CUST-4579,Arjun Jha,391,1,56.6,3,2,1,6,Developing
CUST-4580,Riya Singh,275,1,2031.34,2,2,5,9,Loyal
CUST-4581,Aditya Sharma,4,1,354.18,1,2,2,5,At Risk
CUST-4581,Diya Das,130,1,2927.56,1,2,5,8,Developing
CUST-4581,Isha Roy,631,1,301.08,5,2,2,9,Loyal
CUST-4582,Aarav Gupta,178,1,547.73,2,2,3,7,Developing
CUST-4583,Kabir Roy,256,1,565.02,2,2,3,7,Developing
CUST-4585,Vivaan Verma,617,1,2649.08,5,2,5,12,Champions
CUST-4588,Aarav Roy,245,1,264.17,2,2,2,6,Developing
CUST-4588,Meera Verma,334,1,344.54,3,2,2,7,Developing
CUST-4588,Riya Roy,89,1,2022.88,1,2,5,8,Developing
CUST-4589,Aditya Gupta,694,1,149.95,5,2,1,8,Developing
CUST-4589,Diya Jha,707,1,1781.02,5,2,4,11,Loyal
CUST-4590,Anaya Jha,27,1,89.14,1,2,1,4,At Risk
CUST-4590,Arjun Jha,148,1,21.56,2,2,1,5,At Risk
CUST-4590,Meera Das,373,1,972.66,3,2,4,9,Loyal
CUST-4591,Anaya Roy,263,1,592.13,2,2,3,7,Developing
CUST-4591,Arjun Gupta,442,1,524.83,4,2,2,8,Developing
CUST-4591,Vivaan Singh,274,1,1207.79,2,2,4,8,Developing
CUST-4592,Aditya Sharma,72,1,1602.49,1,2,4,7,Developing
CUST-4593,Aditya Sinha,335,1,137.56,3,2,1,6,Developing
CUST-4593,Arjun Roy,242,1,780.32,2,2,3,7,Developing
CUST-4593,Vivaan Roy,198,1,799.99,2,2,3,7,Developing
CUST-4594,Riya Roy,254,1,395.41,2,2,2,6,Developing
CUST-4596,Diya Verma,228,1,533.89,2,2,3,7,Developing
CUST-4596,Isha Patel,458,1,1350.05,4,2,4,10,Loyal
CUST-4597,Riya Patel,67,1,3150.77,1,3,5,9,Loyal
CUST-4598,Meera Sinha,262,1,795.38,2,3,3,8,Developing
CUST-4598,Riya Gupta,490,1,1485.1,4,3,4,11,Loyal
CUST-4600,Meera Roy,245,1,239.08,2,3,1,6,Developing
CUST-4601,Isha Das,216,1,2883.12,2,3,5,10,Loyal
CUST-4602,Diya Sinha,621,1,29.02,5,3,1,9,Loyal
CUST-4603,Aarav Jha,75,1,3517.54,1,3,5,9,Loyal
CUST-4604,Anaya Roy,276,1,277.6,2,3,2,7,Developing
CUST-4604,Isha Sinha,34,1,130.92,1,3,1,5,At Risk
CUST-4605,Kabir Jha,261,1,774.32,2,3,3,8,Developing
CUST-4607,Isha Sinha,336,1,501.97,3,3,2,8,Developing
CUST-4608,Anaya Singh,162,1,1202.24,2,3,4,9,Loyal
CUST-4608,Vivaan Jha,205,1,200.34,2,3,1,6,Developing
CUST-4610,Kabir Kumar,436,1,1154.63,4,3,4,11,Loyal
CUST-4610,Riya Jha,647,1,1275.24,5,3,4,12,Champions
CUST-4611,Anaya Verma,178,1,419.9,2,3,2,7,Developing
CUST-4611,Kabir Kumar,378,1,477.46,3,3,2,8,Developing
CUST-4611,Kabir Verma,188,1,4080.41,2,3,5,10,Loyal
CUST-4611,Vivaan Sharma,582,1,409.89,5,3,2,10,Loyal
CUST-4612,Diya Verma,132,1,521.56,1,3,2,6,Developing
CUST-4613,Anaya Sinha,631,2,1227.55,5,5,4,14,Champions
CUST-4613,Meera Gupta,271,1,2517.18,2,3,5,10,Loyal
CUST-4613,Riya Das,587,1,453.72,5,3,2,10,Loyal
CUST-4614,Aarav Das,391,1,731.31,3,3,3,9,Loyal
CUST-4614,Meera Singh,76,1,118.19,1,3,1,5,At Risk
CUST-4615,Aarav Das,263,1,3509.28,2,3,5,10,Loyal
CUST-4615,Meera Das,329,1,3226.5,3,3,5,11,Loyal
CUST-4619,Meera Gupta,22,1,492.49,1,3,2,6,Developing
CUST-4620,Aditya Sinha,373,1,192.38,3,3,1,7,Developing
CUST-4620,Diya Patel,429,1,224.82,3,3,1,7,Developing
CUST-4620,Isha Das,622,1,227.37,5,3,1,9,Loyal
CUST-4621,Aarav Singh,521,1,198.65,4,3,1,8,Developing
CUST-4621,Arjun Sharma,169,1,61.3,2,3,1,6,Developing
CUST-4622,Aarav Verma,77,1,398.71,1,3,2,6,Developing
CUST-4622,Aditya Sharma,402,1,1776.98,3,3,4,10,Loyal
CUST-4622,Vivaan Sharma,665,1,2226.11,5,3,5,13,Champions
CUST-4623,Arjun Verma,298,1,958.1,3,3,4,10,Loyal
CUST-4623,Diya Gupta,71,1,1179.26,1,3,4,8,Developing
CUST-4624,Aarav Jha,372,1,1316.05,3,3,4,10,Loyal
CUST-4624,Anaya Das,592,1,671.92,5,3,3,11,Loyal
CUST-4625,Diya Kumar,449,1,607.45,4,3,3,10,Loyal
CUST-4626,Aarav Jha,364,1,105.27,3,3,1,7,Developing
CUST-4627,Aditya Das,387,1,204.56,3,3,1,7,Developing
CUST-4627,Arjun Sinha,481,1,1606.36,4,3,4,11,Loyal
CUST-4627,Kabir Gupta,685,1,221.81,5,3,1,9,Loyal
CUST-4627,Vivaan Kumar,464,1,3038.85,4,3,5,12,Champions
CUST-4628,Vivaan Singh,668,1,77.91,5,3,1,9,Loyal
CUST-4629,Anaya Sinha,717,1,37.64,5,3,1,9,Loyal
CUST-4629,Meera Sinha,534,1,2488.23,4,3,5,12,Champions
CUST-4630,Arjun Sinha,337,1,2702.27,3,3,5,11,Loyal
CUST-4630,Isha Sinha,146,1,2487.71,2,3,5,10,Loyal
CUST-4634,Vivaan Sinha,418,1,22.64,3,3,1,7,Developing
CUST-4638,Aarav Jha,228,1,395.28,2,3,2,7,Developing
CUST-4638,Aarav Roy,656,1,3075.14,5,3,5,13,Champions
CUST-4638,Aditya Singh,87,1,3460.07,1,3,5,9,Loyal
CUST-4638,Anaya Verma,276,1,1178.77,2,3,4,9,Loyal
CUST-4639,Aditya Singh,704,1,968.49,5,3,4,12,Champions
CUST-4640,Diya Patel,398,1,1190.77,3,3,4,10,Loyal
CUST-4640,Isha Das,262,1,104.36,2,3,1,6,Developing
CUST-4640,Isha Singh,345,1,1066.31,3,3,4,10,Loyal
CUST-4641,Meera Sinha,434,1,47.13,3,3,1,7,Developing
CUST-4642,Riya Jha,250,1,905.89,2,3,3,8,Developing
CUST-4643,Diya Gupta,281,1,57.25,2,3,1,6,Developing
CUST-4643,Vivaan Jha,129,1,637.56,1,3,3,7,Developing
CUST-4644,Isha Jha,438,1,846.96,4,3,3,10,Loyal
CUST-4645,Aditya Sharma,13,1,1968.87,1,3,5,9,Loyal
CUST-4645,Arjun Sinha,699,1,866.0,5,3,3,11,Loyal
CUST-4646,Aditya Verma,217,1,149.41,2,3,1,6,Developing
CUST-4646,Riya Roy,710,1,1497.93,5,3,4,12,Champions
CUST-4647,Aarav Jha,50,1,1456.43,1,3,4,8,Developing
CUST-4647,Arjun Singh,497,1,688.37,4,3,3,10,Loyal
CUST-4648,Diya Das,284,1,1326.69,2,3,4,9,Loyal
CUST-4649,Diya Verma,205,1,921.26,2,3,3,8,Developing
CUST-4651,Aarav Sharma,343,1,1872.55,3,3,4,10,Loyal
CUST-4651,Isha Sinha,47,1,211.08,1,3,1,5,At Risk
CUST-4652,Riya Kumar,79,1,1753.21,1,3,4,8,Developing
CUST-4652,Vivaan Kumar,368,1,233.74,3,3,1,7,Developing
CUST-4653,Diya Verma,200,1,2873.83,2,3,5,10,Loyal
CUST-4655,Anaya Sharma,496,1,2248.79,4,3,5,12,Champions
CUST-4655,Arjun Kumar,696,1,329.09,5,3,2,10,Loyal
CUST-4656,Anaya Roy,601,1,167.51,5,3,1,9,Loyal
CUST-4656,Arjun Jha,177,1,145.82,2,3,1,6,Developing
CUST-4657,Riya Roy,528,1,98.18,4,3,1,8,Developing
CUST-4659,Arjun Verma,542,1,198.57,4,3,1,8,Developing
CUST-4659,Kabir Singh,177,1,191.81,2,3,1,6,Developing
CUST-4659,Riya Patel,403,1,1026.17,3,3,4,10,Loyal
CUST-4661,Riya Das,541,1,1774.27,4,3,4,11,Loyal
CUST-4663,Anaya Sharma,302,1,18.59,3,3,1,7,Developing
CUST-4663,Anaya Singh,620,1,453.78,5,3,2,10,Loyal
CUST-4663,Isha Sinha,17,1,2850.26,1,3,5,9,Loyal
CUST-4663,Isha Verma,531,1,480.66,4,3,2,9,Loyal
CUST-4663,Vivaan Sharma,603,1,3712.91,5,3,5,13,Champions
CUST-4664,Aarav Das,359,1,469.12,3,3,2,8,Developing
CUST-4664,Anaya Roy,104,1,353.77,1,3,2,6,Developing
CUST-4664,Isha Verma,292,1,1071.13,2,3,4,9,Loyal
CUST-4664,Meera Das,394,1,1501.3,3,3,4,10,Loyal
CUST-4666,Vivaan Kumar,404,1,610.62,3,3,3,9,Loyal
CUST-4667,Aditya Jha,209,1,1141.48,2,3,4,9,Loyal
CUST-4667,Anaya Jha,271,1,748.81,2,3,3,8,Developing
CUST-4667,Diya Singh,528,1,121.8,4,3,1,8,Developing
CUST-4669,Aarav Roy,114,1,478.35,1,3,2,6,Developing
CUST-4671,Arjun Jha,398,1,283.74,3,3,2,8,Developing
CUST-4671,Meera Roy,441,1,233.63,4,3,1,8,Developing
CUST-4673,Riya Kumar,345,1,752.99,3,3,3,9,Loyal
CUST-4673,Riya Singh,409,1,67.89,3,3,1,7,Developing
CUST-4675,Arjun Verma,315,1,114.82,3,3,1,7,Developing
CUST-4675,Diya Roy,177,1,2584.68,2,3,5,10,Loyal
CUST-4676,Kabir Gupta,714,1,2294.89,5,3,5,13,Champions
CUST-4676,Kabir Jha,475,1,2053.27,4,3,5,12,Champions
CUST-4678,Anaya Sharma,579,1,1934.42,4,3,5,12,Champions
CUST-4678,Vivaan Das,500,1,2733.48,4,3,5,12,Champions
CUST-4679,Kabir Jha,396,1,728.72,3,3,3,9,Loyal
CUST-4679,Kabir Roy,273,1,601.64,2,3,3,8,Developing
CUST-4679,Meera Singh,61,1,2162.81,1,3,5,9,Loyal
CUST-4680,Meera Singh,541,1,708.3,4,3,3,10,Loyal
CUST-4681,Anaya Sinha,482,1,4485.66,4,3,5,12,Champions
CUST-4682,Riya Jha,598,1,782.47,5,3,3,11,Loyal
CUST-4683,Aarav Patel,136,1,166.77,1,3,1,5,At Risk
CUST-4683,Aarav Sharma,347,1,299.15,3,3,2,8,Developing
CUST-4684,Isha Kumar,258,1,591.55,2,3,3,8,Developing
CUST-4685,Aditya Kumar,201,1,1368.95,2,3,4,9,Loyal
CUST-4685,Aditya Singh,676,1,222.94,5,3,1,9,Loyal
CUST-4687,Aditya Das,651,1,136.61,5,3,1,9,Loyal
CUST-4687,Arjun Roy,294,1,181.26,3,3,1,7,Developing
CUST-4687,Isha Singh,296,1,459.66,3,3,2,8,Developing
CUST-4687,Kabir Das,308,1,112.22,3,3,1,7,Developing
CUST-4687,Meera Jha,271,1,386.06,2,3,2,7,Developing
CUST-4688,Anaya Sinha,177,1,149.43,2,3,1,6,Developing
CUST-4688,Kabir Jha,421,1,1714.85,3,3,4,10,Loyal
CUST-4690,Anaya Roy,475,1,1214.09,4,3,4,11,Loyal
CUST-4690,Kabir Verma,85,1,202.4,1,3,1,5,At Risk
CUST-4692,Anaya Jha,391,1,538.75,3,3,3,9,Loyal
CUST-4692,Anaya Kumar,447,1,1548.54,4,3,4,11,Loyal
CUST-4692,Arjun Patel,598,1,128.33,5,3,1,9,Loyal
CUST-4693,Arjun Singh,380,1,2423.56,3,3,5,11,Loyal
CUST-4694,Arjun Roy,622,1,205.83,5,3,1,9,Loyal
CUST-4695,Aditya Verma,320,1,551.54,3,3,3,9,Loyal
CUST-4695,Kabir Singh,403,1,3507.89,3,3,5,11,Loyal
CUST-4695,Meera Kumar,208,1,970.04,2,3,4,9,Loyal
CUST-4699,Meera Das,410,1,695.54,3,3,3,9,Loyal
CUST-4700,Aarav Gupta,38,1,145.72,1,3,1,5,At Risk
CUST-4701,Aditya Verma,673,1,1492.24,5,3,4,12,Champions
CUST-4705,Aarav Verma,248,1,107.38,2,3,1,6,Developing
CUST-4706,Isha Gupta,671,1,28.77,5,3,1,9,Loyal
CUST-4707,Kabir Singh,4,1,868.57,1,3,3,7,Developing
CUST-4707,Meera Kumar,42,1,678.05,1,3,3,7,Developing
CUST-4707,Vivaan Jha,333,1,1153.28,3,3,4,10,Loyal
CUST-4708,Aditya Roy,561,1,925.01,4,3,3,10,Loyal
CUST-4708,Arjun Das,424,1,763.53,3,3,3,9,Loyal
CUST-4709,Aditya Gupta,487,1,771.15,4,3,3,10,Loyal
CUST-4710,Aditya Verma,127,1,275.69,1,3,2,6,Developing
CUST-4710,Arjun Kumar,20,1,1413.0,1,3,4,8,Developing
CUST-4712,Riya Gupta,44,1,1702.2,1,3,4,8,Developing
CUST-4713,Aarav Roy,122,1,174.48,1,3,1,5,At Risk
CUST-4713,Aditya Sharma,313,1,169.43,3,3,1,7,Developing
CUST-4713,Kabir Kumar,663,1,153.57,5,3,1,9,Loyal
CUST-4714,Diya Jha,546,1,224.15,4,3,1,8,Developing
CUST-4715,Aditya Roy,133,1,2258.37,1,3,5,9,Loyal
CUST-4715,Diya Verma,366,1,1971.51,3,3,5,11,Loyal
CUST-4715,Vivaan Gupta,456,1,141.09,4,3,1,8,Developing
CUST-4716,Anaya Sharma,485,1,370.69,4,3,2,9,Loyal
CUST-4716,Isha Roy,35,1,1017.1,1,3,4,8,Developing
CUST-4718,Aarav Kumar,173,1,2034.42,2,3,5,10,Loyal
CUST-4719,Diya Sinha,411,1,112.04,3,3,1,7,Developing
CUST-4720,Isha Sharma,43,1,1289.37,1,3,4,8,Developing
CUST-4721,Aditya Gupta,686,1,174.82,5,3,1,9,Loyal
CUST-4722,Kabir Roy,178,1,154.5,2,3,1,6,Developing
CUST-4723,Kabir Jha,335,1,373.65,3,3,2,8,Developing
CUST-4724,Meera Singh,494,1,2782.37,4,3,5,12,Champions
CUST-4726,Diya Sharma,686,1,4677.99,5,3,5,13,Champions
CUST-4726,Meera Das,1,1,1149.54,1,3,4,8,Developing
CUST-4726,Riya Kumar,247,1,1690.75,2,3,4,9,Loyal
CUST-4727,Kabir Singh,7,1,64.56,1,3,1,5,At Risk
CUST-4728,Aditya Sharma,414,1,89.06,3,3,1,7,Developing
CUST-4728,Meera Roy,217,1,792.16,2,3,3,8,Developing
CUST-4730,Kabir Kumar,263,1,740.03,2,3,3,8,Developing
CUST-4731,Arjun Das,147,1,2617.44,2,3,5,10,Loyal
CUST-4733,Anaya Jha,336,1,729.33,3,3,3,9,Loyal
CUST-4734,Kabir Sinha,714,1,2904.36,5,3,5,13,Champions
CUST-4736,Meera Sinha,352,1,562.47,3,3,3,9,Loyal
CUST-4737,Aarav Sharma,613,1,432.9,5,3,2,10,Loyal
CUST-4738,Arjun Kumar,161,1,1738.79,2,3,4,9,Loyal
CUST-4738,Isha Gupta,559,1,212.93,4,3,1,8,Developing
CUST-4738,Meera Sinha,150,1,60.56,2,3,1,6,Developing
CUST-4738,Vivaan Kumar,17,1,1316.96,1,3,4,8,Developing
CUST-4739,Vivaan Gupta,554,1,1094.88,4,3,4,11,Loyal
CUST-4740,Kabir Patel,468,1,1156.73,4,3,4,11,Loyal
CUST-4741,Vivaan Singh,304,1,635.08,3,3,3,9,Loyal
CUST-4743,Aarav Kumar,100,1,2871.25,1,3,5,9,Loyal
CUST-4744,Riya Kumar,279,1,1722.8,2,3,4,9,Loyal
CUST-4744,Riya Sinha,310,1,2726.45,3,3,5,11,Loyal
CUST-4746,Aditya Verma,209,1,698.57,2,3,3,8,Developing
CUST-4747,Diya Sharma,343,1,928.67,3,3,3,9,Loyal
CUST-4747,Kabir Sharma,308,1,1059.34,3,3,4,10,Loyal
CUST-4748,Arjun Das,606,1,4821.64,5,3,5,13,Champions
CUST-4748,Kabir Das,643,1,445.74,5,3,2,10,Loyal
CUST-4748,Meera Sinha,296,1,2683.96,3,3,5,11,Loyal
CUST-4748,Vivaan Sharma,507,1,3127.84,4,3,5,12,Champions
CUST-4750,Riya Jha,651,1,584.59,5,3,3,11,Loyal
CUST-4751,Diya Sinha,633,1,4538.88,5,3,5,13,Champions
CUST-4751,Kabir Kumar,41,1,1881.31,1,3,4,8,Developing
CUST-4751,Vivaan Singh,294,1,541.56,3,3,3,9,Loyal
CUST-4752,Aditya Sharma,710,1,567.87,5,3,3,11,Loyal
CUST-4753,Aditya Verma,393,1,665.11,3,3,3,9,Loyal
CUST-4754,Kabir Sharma,679,1,4068.19,5,3,5,13,Champions
CUST-4754,Vivaan Roy,410,1,294.89,3,3,2,8,Developing
CUST-4755,Anaya Kumar,406,1,353.34,3,3,2,8,Developing
CUST-4755,Riya Das,494,1,120.61,4,3,1,8,Developing
CUST-4755,Vivaan Das,25,1,558.37,1,3,3,7,Developing
CUST-4757,Aarav Das,498,1,247.06,4,3,2,9,Loyal
CUST-4757,Aarav Verma,450,1,198.44,4,3,1,8,Developing
CUST-4757,Isha Verma,508,1,408.83,4,3,2,9,Loyal
CUST-4757,Riya Verma,119,1,52.74,1,3,1,5,At Risk
CUST-4758,Arjun Gupta,220,1,1678.34,2,3,4,9,Loyal
CUST-4759,Meera Sinha,430,1,39.9,3,3,1,7,Developing
CUST-4759,Riya Sharma,640,1,772.67,5,3,3,11,Loyal
CUST-4760,Aditya Jha,608,1,3183.43,5,3,5,13,Champions
CUST-4761,Diya Sharma,333,1,880.57,3,3,3,9,Loyal
CUST-4761,Riya Gupta,315,1,275.9,3,3,2,8,Developing
CUST-4762,Aarav Sinha,95,1,231.59,1,3,1,5,At Risk
CUST-4762,Vivaan Das,27,1,185.2,1,3,1,5,At Risk
CUST-4763,Anaya Kumar,209,1,1550.78,2,3,4,9,Loyal
CUST-4763,Anaya Singh,278,1,311.29,2,3,2,7,Developing
CUST-4763,Isha Verma,451,1,277.87,4,3,2,9,Loyal
CUST-4764,Aditya Jha,373,1,2144.04,3,3,5,11,Loyal
CUST-4766,Kabir Kumar,182,1,24.95,2,3,1,6,Developing
CUST-4767,Meera Gupta,407,1,1845.53,3,3,4,10,Loyal
CUST-4768,Anaya Patel,344,1,1206.94,3,3,4,10,Loyal
CUST-4768,Anaya Roy,321,1,1965.29,3,3,5,11,Loyal
CUST-4768,Meera Singh,70,1,1052.07,1,3,4,8,Developing
CUST-4769,Isha Kumar,682,1,2054.47,5,3,5,13,Champions
CUST-4769,Isha Roy,138,1,481.4,1,3,2,6,Developing
CUST-4769,Riya Sinha,164,1,637.97,2,3,3,8,Developing
CUST-4770,Isha Singh,556,1,775.29,4,3,3,10,Loyal
CUST-4770,Riya Roy,725,1,99.45,5,3,1,9,Loyal
CUST-4771,Arjun Das,449,1,3995.86,4,3,5,12,Champions
CUST-4771,Vivaan Das,112,1,1625.13,1,3,4,8,Developing
CUST-4773,Aditya Verma,408,1,362.43,3,3,2,8,Developing
CUST-4773,Vivaan Kumar,606,1,73.98,5,3,1,9,Loyal
CUST-4774,Arjun Singh,463,1,190.78,4,3,1,8,Developing
CUST-4774,Diya Jha,363,1,2218.36,3,3,5,11,Loyal
CUST-4774,Isha Sinha,50,1,378.43,1,3,2,6,Developing
CUST-4775,Diya Kumar,578,1,269.92,4,3,2,9,Loyal
CUST-4775,Kabir Gupta,31,1,757.38,1,3,3,7,Developing
CUST-4775,Meera Patel,710,1,1254.79,5,3,4,12,Champions
CUST-4776,Aditya Sinha,703,1,670.49,5,3,3,11,Loyal
CUST-4777,Aditya Verma,366,1,747.13,3,3,3,9,Loyal
CUST-4777,Diya Patel,49,1,554.12,1,3,3,7,Developing
CUST-4777,Kabir Kumar,278,1,1758.87,2,3,4,9,Loyal
CUST-4777,Kabir Singh,268,1,4104.18,2,3,5,10,Loyal
CUST-4778,Aditya Verma,318,1,25.56,3,3,1,7,Developing
CUST-4778,Arjun Das,228,1,373.28,2,3,2,7,Developing
CUST-4778,Arjun Gupta,653,1,1948.49,5,3,5,13,Champions
CUST-4778,Meera Patel,234,1,879.94,2,3,3,8,Developing
CUST-4779,Anaya Roy,478,1,229.14,4,3,1,8,Developing
CUST-4779,Kabir Sinha,433,1,317.49,3,3,2,8,Developing
CUST-4780,Meera Patel,611,1,532.57,5,3,3,11,Loyal
CUST-4781,Anaya Patel,131,1,2690.86,1,3,5,9,Loyal
CUST-4784,Diya Das,154,1,1796.47,2,3,4,9,Loyal
CUST-4784,Kabir Roy,91,1,928.51,1,3,3,7,Developing
CUST-4784,Kabir Sinha,621,1,312.86,5,3,2,10,Loyal
CUST-4786,Isha Sinha,691,1,1232.89,5,3,4,12,Champions
CUST-4786,Meera Patel,680,1,165.94,5,3,1,9,Loyal
CUST-4787,Anaya Sharma,477,1,1034.62,4,3,4,11,Loyal
CUST-4788,Aarav Jha,375,1,391.23,3,3,2,8,Developing
CUST-4788,Aarav Kumar,220,1,3538.9,2,3,5,10,Loyal
CUST-4788,Meera Roy,392,1,836.17,3,3,3,9,Loyal
CUST-4790,Riya Sinha,344,1,1487.29,3,3,4,10,Loyal
CUST-4793,Anaya Roy,610,1,69.03,5,3,1,9,Loyal
CUST-4793,Isha Gupta,240,1,342.07,2,3,2,7,Developing
CUST-4794,Anaya Sinha,133,1,334.21,1,3,2,6,Developing
CUST-4795,Aditya Jha,695,1,663.84,5,3,3,11,Loyal
CUST-4799,Meera Das,32,1,132.39,1,3,1,5,At Risk
CUST-4801,Aditya Verma,593,1,2424.84,5,3,5,13,Champions
CUST-4801,Arjun Sharma,157,1,815.13,2,3,3,8,Developing
CUST-4801,Kabir Patel,631,1,703.76,5,3,3,11,Loyal
CUST-4801,Meera Sharma,331,1,289.99,3,3,2,8,Developing
CUST-4801,Vivaan Kumar,181,1,1166.04,2,3,4,9,Loyal
CUST-4802,Aarav Gupta,451,1,139.35,4,3,1,8,Developing
CUST-4802,Riya Das,377,1,1865.97,3,3,4,10,Loyal
CUST-4802,Vivaan Das,327,1,357.58,3,3,2,8,Developing
CUST-4803,Aditya Sinha,306,1,382.71,3,3,2,8,Developing
CUST-4804,Anaya Sharma,100,1,516.92,1,3,2,6,Developing
CUST-4805,Aditya Roy,375,1,250.38,3,3,2,8,Developing
CUST-4806,Aditya Gupta,642,1,627.02,5,3,3,11,Loyal
CUST-4806,Aditya Patel,649,1,398.18,5,3,2,10,Loyal
CUST-4806,Aditya Verma,304,1,169.82,3,3,1,7,Developing
CUST-4806,Diya Sharma,138,1,345.21,1,3,2,6,Developing
CUST-4806,Meera Jha,452,1,2886.92,4,3,5,12,Champions
CUST-4807,Aarav Singh,616,1,2680.17,5,3,5,13,Champions
CUST-4807,Kabir Sinha,81,1,219.05,1,3,1,5,At Risk
CUST-4807,Riya Singh,198,1,1767.3,2,3,4,9,Loyal
CUST-4807,Riya Sinha,271,1,1079.91,2,3,4,9,Loyal
CUST-4808,Aarav Singh,440,1,687.49,4,3,3,10,Loyal
CUST-4808,Diya Singh,349,1,1502.22,3,3,4,10,Loyal
CUST-4809,Arjun Gupta,230,1,239.26,2,3,1,6,Developing
CUST-4809,Riya Roy,223,1,2570.17,2,3,5,10,Loyal
CUST-4810,Aditya Gupta,312,1,232.51,3,3,1,7,Developing
CUST-4810,Isha Jha,117,1,40.12,1,3,1,5,At Risk
CUST-4811,Aditya Sinha,276,1,266.08,2,3,2,7,Developing
CUST-4812,Arjun Roy,77,1,472.53,1,3,2,6,Developing
CUST-4812,Isha Verma,170,1,880.81,2,3,3,8,Developing
CUST-4814,Aditya Sinha,579,1,245.7,4,3,2,9,Loyal
CUST-4816,Aditya Sinha,649,1,362.31,5,3,2,10,Loyal
CUST-4819,Kabir Patel,451,1,859.68,4,3,3,10,Loyal
CUST-4819,Meera Verma,388,1,46.61,3,3,1,7,Developing
CUST-4819,Riya Roy,73,1,300.95,1,3,2,6,Developing
CUST-4820,Anaya Sinha,366,1,1484.41,3,3,4,10,Loyal
CUST-4821,Anaya Das,225,1,738.29,2,3,3,8,Developing
CUST-4821,Vivaan Verma,643,1,1018.98,5,3,4,12,Champions
CUST-4822,Anaya Roy,708,1,1275.88,5,3,4,12,Champions
CUST-4824,Isha Gupta,175,1,574.49,2,3,3,8,Developing
CUST-4825,Isha Singh,212,1,2998.49,2,3,5,10,Loyal
CUST-4825,Vivaan Patel,334,1,91.84,3,3,1,7,Developing
CUST-4826,Aditya Singh,581,1,128.09,5,3,1,9,Loyal
CUST-4826,Diya Das,451,1,955.99,4,3,4,11,Loyal
CUST-4828,Aarav Sinha,468,1,3757.77,4,3,5,12,Champions
CUST-4829,Riya Kumar,328,1,593.6,3,3,3,9,Loyal
CUST-4831,Diya Jha,500,1,3714.27,4,3,5,12,Champions
CUST-4831,Isha Singh,431,1,615.44,3,3,3,9,Loyal
CUST-4831,Kabir Sharma,551,1,303.19,4,3,2,9,Loyal
CUST-4831,Meera Verma,215,1,4705.78,2,3,5,10,Loyal
CUST-4832,Vivaan Verma,705,1,2875.57,5,3,5,13,Champions
CUST-4834,Kabir Jha,233,1,724.54,2,3,3,8,Developing
CUST-4834,Kabir Sharma,256,1,3444.95,2,3,5,10,Loyal
CUST-4835,Anaya Das,98,1,537.06,1,3,3,7,Developing
CUST-4835,Isha Jha,433,1,470.44,3,3,2,8,Developing
CUST-4835,Riya Sharma,29,1,1220.08,1,3,4,8,Developing
CUST-4836,Aditya Singh,286,1,507.84,2,3,2,7,Developing
CUST-4836,Diya Kumar,233,1,79.56,2,3,1,6,Developing
CUST-4836,Riya Patel,406,1,839.46,3,3,3,9,Loyal
CUST-4837,Aarav Kumar,158,1,709.9,2,3,3,8,Developing
CUST-4838,Aarav Sinha,243,1,889.55,2,3,3,8,Developing
CUST-4838,Riya Das,583,1,2049.46,5,3,5,13,Champions
CUST-4839,Anaya Sinha,136,1,3440.95,1,3,5,9,Loyal
CUST-4839,Riya Gupta,148,1,958.83,2,3,4,9,Loyal
CUST-4840,Arjun Roy,255,1,564.42,2,3,3,8,Developing
CUST-4843,Diya Jha,564,1,2313.18,4,3,5,12,Champions
CUST-4843,Riya Sharma,208,1,3622.0,2,3,5,10,Loyal
CUST-4844,Arjun Gupta,712,1,567.93,5,3,3,11,Loyal
CUST-4844,Riya Roy,85,1,1547.7,1,3,4,8,Developing
CUST-4846,Aarav Jha,212,1,197.35,2,3,1,6,Developing
CUST-4847,Anaya Das,501,1,269.75,4,3,2,9,Loyal
CUST-4849,Meera Sharma,241,1,25.44,2,3,1,6,Developing
CUST-4849,Riya Patel,483,1,903.39,4,3,3,10,Loyal
CUST-4851,Isha Patel,434,1,2973.8,3,3,5,11,Loyal
CUST-4852,Arjun Verma,5,1,1088.04,1,3,4,8,Developing
CUST-4852,Riya Sharma,510,1,270.67,4,3,2,9,Loyal
CUST-4853,Diya Das,259,1,1974.99,2,3,5,10,Loyal
CUST-4853,Diya Gupta,217,1,937.09,2,3,3,8,Developing
CUST-4854,Aditya Sharma,355,1,3538.67,3,3,5,11,Loyal
CUST-4854,Kabir Jha,186,1,124.73,2,3,1,6,Developing
CUST-4855,Riya Roy,78,1,824.53,1,3,3,7,Developing
CUST-4858,Arjun Kumar,164,1,1518.57,2,3,4,9,Loyal
CUST-4859,Anaya Verma,132,1,3864.7,1,3,5,9,Loyal
CUST-4860,Aarav Singh,349,1,1260.73,3,3,4,10,Loyal
CUST-4860,Aditya Gupta,134,1,97.18,1,3,1,5,At Risk
CUST-4860,Anaya Gupta,491,1,1531.4,4,3,4,11,Loyal
CUST-4860,Diya Sinha,614,1,435.01,5,3,2,10,Loyal
CUST-4860,Isha Kumar,721,1,269.81,5,3,2,10,Loyal
CUST-4860,Meera Gupta,712,1,570.02,5,3,3,11,Loyal
CUST-4861,Riya Patel,113,1,406.57,1,3,2,6,Developing
CUST-4862,Meera Roy,303,1,2352.06,3,3,5,11,Loyal
CUST-4862,Meera Sinha,173,1,581.06,2,3,3,8,Developing
CUST-4864,Meera Verma,717,1,401.86,5,3,2,10,Loyal
CUST-4864,Riya Sharma,157,1,805.26,2,3,3,8,Developing
CUST-4865,Arjun Roy,297,1,1052.24,3,3,4,10,Loyal
CUST-4865,Kabir Patel,683,1,301.83,5,3,2,10,Loyal
CUST-4865,Riya Singh,11,1,468.99,1,3,2,6,Developing
CUST-4866,Riya Das,288,1,133.9,2,3,1,6,Developing
CUST-4868,Aarav Kumar,639,1,1246.6,5,3,4,12,Champions
CUST-4868,Meera Jha,7,1,1022.34,1,3,4,8,Developing
CUST-4868,Riya Verma,348,1,888.01,3,3,3,9,Loyal
CUST-4870,Aarav Gupta,600,1,171.03,5,3,1,9,Loyal
CUST-4870,Aarav Sharma,357,1,1596.3,3,3,4,10,Loyal
CUST-4871,Aarav Patel,153,1,2861.48,2,3,5,10,Loyal
CUST-4871,Vivaan Sinha,39,1,80.28,1,3,1,5,At Risk
CUST-4872,Aarav Roy,646,1,272.7,5,3,2,10,Loyal
CUST-4873,Kabir Sinha,600,1,289.32,5,3,2,10,Loyal
CUST-4873,Meera Gupta,723,1,363.25,5,3,2,10,Loyal
CUST-4874,Anaya Gupta,542,1,776.32,4,3,3,10,Loyal
CUST-4875,Diya Kumar,561,1,662.65,4,3,3,10,Loyal
CUST-4875,Isha Verma,343,1,176.94,3,3,1,7,Developing
CUST-4875,Meera Verma,509,1,725.32,4,3,3,10,Loyal
CUST-4875,Riya Sinha,161,1,1733.34,2,3,4,9,Loyal
CUST-4876,Arjun Verma,485,1,293.47,4,3,2,9,Loyal
CUST-4876,Meera Patel,622,1,224.73,5,3,1,9,Loyal
CUST-4877,Aditya Verma,102,1,1523.99,1,3,4,8,Developing
CUST-4878,Aarav Patel,60,1,1402.93,1,3,4,8,Developing
CUST-4878,Aditya Jha,48,1,210.23,1,3,1,5,At Risk
CUST-4878,Diya Kumar,514,1,3105.98,4,3,5,12,Champions
CUST-4878,Isha Gupta,301,1,248.77,3,3,2,8,Developing
CUST-4878,Kabir Sharma,510,1,1829.07,4,3,4,11,Loyal
CUST-4880,Aditya Sharma,167,1,3131.56,2,3,5,10,Loyal
CUST-4880,Diya Verma,228,1,310.67,2,3,2,7,Developing
CUST-4882,Anaya Singh,643,1,748.8,5,3,3,11,Loyal
CUST-4883,Isha Verma,626,1,2233.49,5,3,5,13,Champions
CUST-4884,Aarav Roy,519,1,349.34,4,3,2,9,Loyal
CUST-4884,Arjun Sinha,695,1,885.4,5,3,3,11,Loyal
CUST-4884,Diya Das,131,1,242.16,1,3,1,5,At Risk
CUST-4884,Diya Roy,398,1,386.47,3,3,2,8,Developing
CUST-4884,Diya Verma,8,1,4539.11,1,3,5,9,Loyal
CUST-4884,Kabir Jha,64,1,205.51,1,3,1,5,At Risk
CUST-4888,Meera Sinha,329,1,1337.46,3,3,4,10,Loyal
CUST-4888,Vivaan Verma,480,1,1179.08,4,3,4,11,Loyal
CUST-4889,Diya Jha,23,1,2032.15,1,3,5,9,Loyal
CUST-4889,Riya Singh,336,1,2625.07,3,3,5,11,Loyal
CUST-4890,Aarav Jha,614,1,564.98,5,3,3,11,Loyal
CUST-4890,Meera Singh,17,1,470.56,1,3,2,6,Developing
CUST-4891,Aditya Kumar,689,1,825.3,5,3,3,11,Loyal
CUST-4892,Aarav Singh,520,1,347.6,4,3,2,9,Loyal
CUST-4892,Anaya Jha,160,1,572.15,2,3,3,8,Developing
CUST-4892,Kabir Kumar,400,1,117.28,3,3,1,7,Developing
CUST-4893,Aarav Das,501,1,5350.69,4,3,5,12,Champions
CUST-4893,Aditya Sharma,252,1,145.58,2,3,1,6,Developing
CUST-4893,Meera Jha,182,1,853.46,2,3,3,8,Developing
CUST-4894,Anaya Sinha,223,1,682.13,2,3,3,8,Developing
CUST-4894,Riya Verma,693,1,241.25,5,3,1,9,Loyal
CUST-4896,Isha Verma,564,1,867.71,4,3,3,10,Loyal
CUST-4896,Meera Singh,443,1,730.79,4,3,3,10,Loyal
CUST-4897,Anaya Roy,232,1,2623.71,2,3,5,10,Loyal
CUST-4897,Meera Das,693,1,79.95,5,3,1,9,Loyal
CUST-4897,Vivaan Singh,294,1,273.68,3,3,2,8,Developing
CUST-4898,Meera Das,401,1,3590.57,3,3,5,11,Loyal
CUST-4899,Riya Gupta,440,1,64.8,4,3,1,8,Developing
CUST-4900,Anaya Roy,319,1,284.75,3,3,2,8,Developing
CUST-4903,Arjun Kumar,421,1,1418.19,3,3,4,10,Loyal
CUST-4905,Aarav Singh,400,1,1596.1,3,3,4,10,Loyal
CUST-4905,Diya Verma,305,1,3222.26,3,3,5,11,Loyal
CUST-4906,Meera Sharma,61,1,1222.21,1,3,4,8,Developing
CUST-4907,Diya Patel,591,1,5334.37,5,3,5,13,Champions
CUST-4908,Anaya Kumar,658,1,108.68,5,3,1,9,Loyal
CUST-4908,Diya Das,266,1,1137.92,2,3,4,9,Loyal
CUST-4909,Vivaan Jha,218,1,865.35,2,3,3,8,Developing
CUST-4909,Vivaan Roy,658,1,854.25,5,3,3,11,Loyal
CUST-4911,Aarav Sharma,503,1,558.42,4,3,3,10,Loyal
CUST-4911,Vivaan Das,171,1,702.06,2,3,3,8,Developing
CUST-4912,Isha Roy,381,1,922.82,3,3,3,9,Loyal
CUST-4913,Isha Sharma,115,1,35.94,1,3,1,5,At Risk
CUST-4914,Anaya Gupta,30,1,1648.49,1,3,4,8,Developing
CUST-4914,Arjun Roy,667,1,1432.79,5,3,4,12,Champions
CUST-4914,Kabir Singh,311,1,491.96,3,3,2,8,Developing
CUST-4916,Aarav Verma,24,1,960.35,1,3,4,8,Developing
CUST-4918,Diya Sharma,700,1,158.25,5,3,1,9,Loyal
CUST-4918,Riya Sinha,635,1,61.36,5,3,1,9,Loyal
CUST-4919,Meera Singh,340,1,491.19,3,3,2,8,Developing
CUST-4920,Arjun Sharma,628,1,1449.71,5,3,4,12,Champions
CUST-4920,Isha Das,697,1,710.76,5,3,3,11,Loyal
CUST-4920,Meera Das,478,1,3072.06,4,3,5,12,Champions
CUST-4920,Meera Verma,620,1,1051.03,5,3,4,12,Champions
CUST-4921,Diya Sinha,274,1,358.28,2,3,2,7,Developing
CUST-4922,Riya Patel,145,1,3731.09,1,3,5,9,Loyal
CUST-4925,Aarav Sharma,686,1,644.82,5,3,3,11,Loyal
CUST-4925,Kabir Kumar,452,1,56.67,4,3,1,8,Developing
CUST-4926,Kabir Roy,717,1,605.5,5,3,3,11,Loyal
CUST-4928,Aditya Das,308,1,28.76,3,3,1,7,Developing
CUST-4928,Vivaan Kumar,538,1,248.53,4,3,2,9,Loyal
CUST-4929,Diya Jha,123,1,130.69,1,3,1,5,At Risk
CUST-4930,Diya Sharma,686,1,425.98,5,3,2,10,Loyal
CUST-4932,Isha Das,627,1,439.44,5,3,2,10,Loyal
CUST-4932,Isha Sinha,207,1,2051.1,2,3,5,10,Loyal
CUST-4933,Kabir Kumar,479,1,3260.44,4,3,5,12,Champions
CUST-4933,Vivaan Patel,42,1,1656.7,1,3,4,8,Developing
CUST-4936,Aditya Singh,279,1,1665.71,2,3,4,9,Loyal
CUST-4936,Kabir Singh,571,1,108.9,4,3,1,8,Developing
CUST-4937,Isha Gupta,308,1,192.11,3,3,1,7,Developing
CUST-4938,Anaya Roy,180,1,324.37,2,3,2,7,Developing
CUST-4938,Riya Roy,729,1,847.7,5,3,3,11,Loyal
CUST-4938,Vivaan Jha,90,1,64.64,1,3,1,5,At Risk
CUST-4939,Diya Das,13,1,195.68,1,3,1,5,At Risk
CUST-4940,Aditya Patel,644,1,225.58,5,3,1,9,Loyal
CUST-4940,Arjun Sharma,449,1,733.12,4,3,3,10,Loyal
CUST-4941,Aditya Verma,262,1,563.1,2,3,3,8,Developing
CUST-4941,Arjun Sinha,281,1,732.19,2,3,3,8,Developing
CUST-4942,Diya Sharma,135,1,3539.94,1,3,5,9,Loyal
CUST-4942,Isha Verma,297,1,179.11,3,3,1,7,Developing
CUST-4944,Arjun Singh,372,1,525.06,3,3,2,8,Developing
CUST-4944,Kabir Patel,628,1,1889.07,5,3,4,12,Champions
CUST-4944,Riya Roy,198,1,2025.48,2,3,5,10,Loyal
CUST-4946,Aditya Jha,492,1,2397.03,4,3,5,12,Champions
CUST-4946,Arjun Kumar,191,1,2509.35,2,3,5,10,Loyal
CUST-4947,Aarav Gupta,44,1,717.66,1,3,3,7,Developing
CUST-4948,Isha Das,236,1,1190.77,2,3,4,9,Loyal
CUST-4949,Anaya Patel,512,1,2331.67,4,3,5,12,Champions
CUST-4954,Vivaan Sinha,494,1,2318.92,4,3,5,12,Champions
CUST-4955,Aarav Singh,617,1,908.12,5,3,3,11,Loyal
CUST-4955,Kabir Roy,237,1,117.48,2,3,1,6,Developing
CUST-4956,Isha Patel,580,1,756.17,4,3,3,10,Loyal
CUST-4957,Anaya Sharma,141,1,270.88,1,3,2,6,Developing
CUST-4957,Isha Gupta,627,1,2596.41,5,3,5,13,Champions
CUST-4958,Arjun Sharma,237,1,1565.66,2,3,4,9,Loyal
CUST-4959,Anaya Patel,443,1,475.48,4,3,2,9,Loyal
CUST-4959,Diya Jha,556,1,1967.28,4,3,5,12,Champions
CUST-4959,Kabir Das,181,1,2999.64,2,3,5,10,Loyal
CUST-4960,Aditya Jha,725,1,513.65,5,3,2,10,Loyal
CUST-4960,Aditya Sinha,170,1,286.79,2,3,2,7,Developing
CUST-4960,Vivaan Patel,704,1,2074.13,5,3,5,13,Champions
CUST-4961,Anaya Gupta,574,1,865.08,4,3,3,10,Loyal
CUST-4962,Aditya Sinha,405,1,406.03,3,3,2,8,Developing
CUST-4963,Riya Jha,402,2,2114.62,3,5,5,13,Champions
CUST-4965,Isha Sinha,475,1,1985.45,4,3,5,12,Champions
CUST-4965,Meera Kumar,73,1,428.33,1,3,2,6,Developing
CUST-4966,Aditya Kumar,674,1,249.28,5,3,2,10,Loyal
CUST-4966,Arjun Das,150,1,69.84,2,3,1,6,Developing
CUST-4966,Arjun Gupta,247,1,3378.96,2,3,5,10,Loyal
CUST-4966,Riya Singh,230,1,1005.52,2,3,4,9,Loyal
CUST-4968,Vivaan Singh,316,1,1206.24,3,3,4,10,Loyal
CUST-4969,Kabir Verma,667,1,2173.47,5,3,5,13,Champions
CUST-4971,Arjun Das,612,1,282.62,5,3,2,10,Loyal
CUST-4972,Arjun Das,477,1,1982.81,4,3,5,12,Champions
CUST-4972,Riya Roy,451,1,2132.33,4,3,5,12,Champions
CUST-4973,Kabir Sinha,412,1,225.45,3,3,1,7,Developing
CUST-4974,Vivaan Das,319,1,12.5,3,3,1,7,Developing
CUST-4975,Anaya Verma,438,1,916.9,4,3,3,10,Loyal
CUST-4975,Isha Patel,10,1,3717.09,1,3,5,9,Loyal
CUST-4975,Isha Singh,697,1,317.24,5,3,2,10,Loyal
CUST-4978,Meera Patel,628,1,202.7,5,3,1,9,Loyal
CUST-4978,Meera Roy,192,1,4110.51,2,3,5,10,Loyal
CUST-4978,Riya Das,546,1,119.24,4,3,1,8,Developing
CUST-4980,Anaya Patel,706,1,400.52,5,3,2,10,Loyal
CUST-4980,Riya Singh,244,1,2172.89,2,3,5,10,Loyal
CUST-4981,Anaya Patel,637,1,38.39,5,3,1,9,Loyal
CUST-4981,Kabir Singh,529,1,2176.03,4,3,5,12,Champions
CUST-4981,Riya Patel,581,1,613.28,5,3,3,11,Loyal
CUST-4981,Vivaan Sinha,9,1,267.5,1,3,2,6,Developing
CUST-4982,Aditya Das,81,1,300.23,1,3,2,6,Developing
CUST-4983,Diya Roy,203,1,1600.81,2,3,4,9,Loyal
CUST-4983,Riya Singh,531,1,176.83,4,3,1,8,Developing
CUST-4983,Vivaan Sinha,294,1,392.62,3,3,2,8,Developing
CUST-4984,Diya Jha,377,1,1396.24,3,3,4,10,Loyal
CUST-4984,Kabir Roy,190,1,1156.15,2,3,4,9,Loyal
CUST-4985,Aarav Verma,55,1,284.23,1,3,2,6,Developing
CUST-4986,Isha Gupta,81,1,83.92,1,3,1,5,At Risk
CUST-4987,Diya Sinha,577,1,4730.57,4,3,5,12,Champions
CUST-4987,Vivaan Sharma,186,1,676.28,2,3,3,8,Developing
CUST-4988,Isha Das,474,1,3943.92,4,3,5,12,Champions
CUST-4989,Aditya Patel,270,1,3596.47,2,3,5,10,Loyal
CUST-4989,Isha Roy,124,1,979.71,1,3,4,8,Developing
CUST-4991,Aarav Gupta,235,1,826.09,2,3,3,8,Developing
CUST-4992,Meera Sinha,242,1,2442.77,2,3,5,10,Loyal
CUST-4992,Vivaan Roy,364,1,1596.86,3,3,4,10,Loyal
CUST-4993,Meera Das,157,1,809.97,2,3,3,8,Developing
CUST-4995,Kabir Singh,569,1,806.67,4,3,3,10,Loyal
CUST-4996,Aarav Gupta,542,1,2489.36,4,3,5,12,Champions
CUST-4996,Vivaan Sharma,210,1,5015.0,2,3,5,10,Loyal
CUST-4997,Riya Roy,136,1,246.36,1,3,2,6,Developing
CUST-4998,Diya Kumar,82,1,923.32,1,3,3,7,Developing
CUST-4998,Isha Singh,470,1,1017.53,4,3,4,11,Loyal
CUST-4999,Meera Roy,349,1,316.54,3,3,2,8,Developing
CUST-4999,Riya Sharma,443,1,1911.9,4,3,4,11,Loyal
CUST-5000,Aditya Das,278,1,131.19,2,3,1,6,Developing
CUST-5000,Meera Sinha,696,1,86.5,5,3,1,9,Loyal
CUST-5002,Aarav Jha,572,1,75.29,4,3,1,8,Developing
CUST-5002,Kabir Das,458,1,587.88,4,3,3,10,Loyal
CUST-5002,Meera Gupta,294,1,492.3,3,3,2,8,Developing
CUST-5003,Aditya Roy,459,1,633.8,4,3,3,10,Loyal
CUST-5003,Anaya Verma,113,1,151.84,1,3,1,5,At Risk
CUST-5003,Diya Jha,133,1,1171.45,1,3,4,8,Developing
CUST-5005,Arjun Sharma,398,1,98.63,3,3,1,7,Developing
CUST-5005,Riya Roy,106,1,991.91,1,3,4,8,Developing
CUST-5005,Riya Verma,556,1,478.9,4,3,2,9,Loyal
CUST-5006,Aditya Roy,457,1,192.74,4,3,1,8,Developing
CUST-5006,Vivaan Roy,571,1,169.08,4,3,1,8,Developing
CUST-5007,Aarav Das,364,1,813.15,3,3,3,9,Loyal
CUST-5007,Anaya Das,345,1,2177.5,3,3,5,11,Loyal
CUST-5007,Isha Jha,579,1,527.41,4,3,3,10,Loyal
CUST-5008,Aarav Sharma,232,1,1126.17,2,3,4,9,Loyal
CUST-5008,Meera Gupta,644,1,48.89,5,3,1,9,Loyal
CUST-5009,Meera Patel,479,1,2508.9,4,3,5,12,Champions
CUST-5009,Meera Roy,15,1,3235.46,1,3,5,9,Loyal
CUST-5010,Arjun Gupta,646,1,1051.33,5,3,4,12,Champions
CUST-5010,Meera Verma,271,1,24.31,2,3,1,6,Developing
CUST-5010,Riya Sinha,370,1,147.77,3,3,1,7,Developing
CUST-5013,Aarav Kumar,500,1,96.28,4,3,1,8,Developing
CUST-5013,Isha Jha,196,1,325.71,2,3,2,7,Developing
CUST-5014,Aditya Kumar,683,1,288.02,5,3,2,10,Loyal
CUST-5014,Diya Kumar,261,1,859.44,2,3,3,8,Developing
CUST-5017,Arjun Jha,244,1,2374.0,2,3,5,10,Loyal
CUST-5019,Arjun Singh,518,1,280.23,4,3,2,9,Loyal
CUST-5019,Kabir Jha,565,1,113.17,4,3,1,8,Developing
CUST-5020,Riya Roy,466,1,855.1,4,3,3,10,Loyal
CUST-5021,Diya Gupta,30,1,295.31,1,3,2,6,Developing
CUST-5022,Aarav Singh,477,1,1697.6,4,3,4,11,Loyal
CUST-5022,Aarav Sinha,505,1,868.91,4,3,3,10,Loyal
CUST-5023,Diya Jha,160,1,374.54,2,3,2,7,Developing
CUST-5023,Kabir Verma,102,1,725.88,1,3,3,7,Developing
CUST-5023,Meera Verma,543,1,1352.13,4,3,4,11,Loyal
CUST-5024,Aditya Das,190,1,1740.8,2,3,4,9,Loyal
CUST-5024,Kabir Singh,31,1,306.61,1,3,2,6,Developing
CUST-5025,Diya Singh,245,1,575.25,2,3,3,8,Developing
CUST-5026,Meera Kumar,508,1,1419.68,4,3,4,11,Loyal
CUST-5027,Arjun Gupta,460,1,588.16,4,3,3,10,Loyal
CUST-5027,Vivaan Singh,157,1,3291.45,2,3,5,10,Loyal
CUST-5029,Aditya Kumar,65,1,3916.16,1,3,5,9,Loyal
CUST-5029,Vivaan Kumar,369,2,1256.58,3,5,4,12,Champions
CUST-5030,Isha Roy,655,1,577.81,5,3,3,11,Loyal
CUST-5033,Anaya Sinha,288,1,2330.56,2,3,5,10,Loyal
CUST-5033,Vivaan Singh,428,1,582.66,3,3,3,9,Loyal
CUST-5035,Isha Verma,22,1,1490.8,1,3,4,8,Developing
CUST-5037,Diya Sinha,58,1,2185.42,1,3,5,9,Loyal
CUST-5037,Riya Kumar,313,1,4305.48,3,3,5,11,Loyal
CUST-5038,Aditya Sinha,303,1,695.02,3,3,3,9,Loyal
CUST-5039,Aarav Das,342,1,1089.58,3,3,4,10,Loyal
CUST-5039,Riya Roy,730,1,480.97,5,3,2,10,Loyal
CUST-5040,Arjun Sinha,167,1,954.2,2,3,4,9,Loyal
CUST-5041,Aditya Roy,454,1,57.12,4,3,1,8,Developing
CUST-5042,Riya Sinha,214,1,130.53,2,3,1,6,Developing
CUST-5043,Aditya Verma,424,1,197.0,3,3,1,7,Developing
CUST-5043,Meera Patel,589,1,3736.24,5,3,5,13,Champions
CUST-5044,Aarav Kumar,108,1,1470.94,1,3,4,8,Developing
CUST-5044,Kabir Singh,19,1,1510.28,1,3,4,8,Developing
CUST-5044,Vivaan Das,693,1,438.1,5,3,2,10,Loyal
CUST-5045,Anaya Kumar,199,1,151.49,2,3,1,6,Developing
CUST-5046,Aarav Das,529,1,167.28,4,3,1,8,Developing
CUST-5046,Isha Verma,503,1,598.68,4,3,3,10,Loyal
CUST-5046,Kabir Verma,696,1,652.76,5,3,3,11,Loyal
CUST-5046,Riya Kumar,52,1,661.09,1,3,3,7,Developing
CUST-5047,Vivaan Verma,45,1,4357.05,1,3,5,9,Loyal
CUST-5048,Aarav Singh,605,1,1392.03,5,3,4,12,Champions
CUST-5048,Isha Sinha,232,1,1590.1,2,3,4,9,Loyal
CUST-5048,Riya Kumar,380,1,919.72,3,3,3,9,Loyal
CUST-5049,Isha Das,306,1,745.72,3,3,3,9,Loyal
CUST-5049,Vivaan Sharma,729,1,146.6,5,3,1,9,Loyal
CUST-5050,Aditya Sinha,317,1,1078.73,3,3,4,10,Loyal
CUST-5051,Anaya Kumar,12,1,238.3,1,3,1,5,At Risk
CUST-5051,Arjun Kumar,653,1,181.6,5,3,1,9,Loyal
CUST-5051,Kabir Kumar,324,1,77.96,3,3,1,7,Developing
CUST-5052,Arjun Kumar,552,1,1872.01,4,3,4,11,Loyal
CUST-5052,Riya Singh,396,1,349.42,3,3,2,8,Developing
CUST-5053,Riya Verma,277,1,2771.66,2,3,5,10,Loyal
CUST-5054,Riya Patel,177,1,156.9,2,3,1,6,Developing
CUST-5055,Aarav Sinha,293,1,1153.18,3,3,4,10,Loyal
CUST-5055,Arjun Sinha,576,1,484.26,4,3,2,9,Loyal
CUST-5056,Isha Jha,574,1,130.68,4,3,1,8,Developing
CUST-5056,Vivaan Patel,60,1,490.53,1,3,2,6,Developing
CUST-5057,Aditya Singh,363,1,606.84,3,3,3,9,Loyal
CUST-5057,Meera Gupta,13,1,152.22,1,3,1,5,At Risk
CUST-5057,Vivaan Das,487,1,3425.74,4,3,5,12,Champions
CUST-5058,Arjun Das,664,1,812.62,5,3,3,11,Loyal
CUST-5058,Arjun Sinha,26,1,608.5,1,3,3,7,Developing
CUST-5061,Arjun Das,707,1,254.75,5,3,2,10,Loyal
CUST-5062,Arjun Roy,317,1,705.19,3,3,3,9,Loyal
CUST-5062,Isha Sinha,645,1,81.94,5,3,1,9,Loyal
CUST-5062,Kabir Singh,158,1,171.58,2,3,1,6,Developing
CUST-5063,Kabir Singh,618,1,195.92,5,3,1,9,Loyal
CUST-5063,Riya Verma,288,1,3572.9,2,3,5,10,Loyal
CUST-5065,Vivaan Patel,355,1,157.61,3,3,1,7,Developing
CUST-5065,Vivaan Sharma,57,1,300.37,1,3,2,6,Developing
CUST-5066,Arjun Roy,46,1,274.97,1,3,2,6,Developing
CUST-5066,Riya Gupta,628,1,29.45,5,3,1,9,Loyal
CUST-5066,Vivaan Sharma,519,1,206.39,4,3,1,8,Developing
CUST-5067,Aditya Kumar,299,1,106.51,3,3,1,7,Developing
CUST-5067,Isha Verma,154,1,2031.76,2,3,5,10,Loyal
CUST-5068,Diya Patel,468,1,724.38,4,3,3,10,Loyal
CUST-5069,Vivaan Patel,486,1,503.3,4,3,2,9,Loyal
CUST-5071,Aarav Gupta,50,1,2092.39,1,3,5,9,Loyal
CUST-5071,Meera Sharma,256,1,2013.28,2,3,5,10,Loyal
CUST-5071,Meera Singh,655,1,4037.36,5,3,5,13,Champions
CUST-5072,Anaya Das,455,1,246.9,4,3,2,9,Loyal
CUST-5072,Riya Kumar,104,1,248.19,1,3,2,6,Developing
CUST-5073,Aarav Gupta,5,1,425.74,1,3,2,6,Developing
CUST-5073,Arjun Gupta,225,1,8.47,2,3,1,6,Developing
CUST-5074,Kabir Sharma,8,1,189.8,1,3,1,5,At Risk
CUST-5074,Riya Patel,702,1,1017.85,5,3,4,12,Champions
CUST-5075,Anaya Jha,478,1,2544.26,4,3,5,12,Champions
CUST-5076,Kabir Das,639,1,649.82,5,3,3,11,Loyal
CUST-5076,Kabir Gupta,289,1,696.28,2,3,3,8,Developing
CUST-5077,Aditya Gupta,288,1,97.48,2,3,1,6,Developing
CUST-5077,Meera Kumar,489,1,4363.27,4,3,5,12,Champions
CUST-5078,Diya Singh,709,1,281.34,5,3,2,10,Loyal
CUST-5078,Isha Jha,513,1,1272.98,4,3,4,11,Loyal
CUST-5079,Meera Gupta,381,1,2148.98,3,3,5,11,Loyal
CUST-5080,Aditya Kumar,459,1,4437.89,4,3,5,12,Champions
CUST-5080,Riya Das,272,1,156.25,2,3,1,6,Developing
CUST-5081,Aditya Sharma,469,1,831.66,4,3,3,10,Loyal
CUST-5081,Riya Verma,279,1,826.3,2,3,3,8,Developing
CUST-5083,Isha Sharma,285,1,419.4,2,3,2,7,Developing
CUST-5083,Riya Jha,252,1,248.5,2,3,2,7,Developing
CUST-5084,Arjun Singh,393,1,625.94,3,3,3,9,Loyal
CUST-5084,Riya Patel,661,1,351.6,5,3,2,10,Loyal
CUST-5085,Diya Jha,153,1,3674.08,2,3,5,10,Loyal
CUST-5085,Diya Sinha,418,1,706.21,3,3,3,9,Loyal
CUST-5086,Vivaan Sinha,506,1,404.32,4,3,2,9,Loyal
CUST-5090,Aditya Jha,694,1,1566.79,5,3,4,12,Champions
CUST-5090,Aditya Patel,490,1,687.31,4,3,3,10,Loyal
CUST-5090,Arjun Gupta,573,1,1219.88,4,3,4,11,Loyal
CUST-5090,Arjun Kumar,42,1,1519.24,1,3,4,8,Developing
CUST-5090,Vivaan Das,675,1,178.27,5,3,1,9,Loyal
CUST-5091,Arjun Singh,313,1,45.94,3,3,1,7,Developing
CUST-5091,Kabir Jha,194,1,347.13,2,3,2,7,Developing
CUST-5092,Kabir Patel,87,1,406.01,1,3,2,6,Developing
CUST-5094,Aarav Sinha,118,1,256.79,1,3,2,6,Developing
CUST-5094,Arjun Sinha,195,1,733.92,2,3,3,8,Developing
CUST-5094,Diya Kumar,26,1,1704.13,1,3,4,8,Developing
CUST-5095,Arjun Patel,321,1,34.01,3,3,1,7,Developing
CUST-5096,Meera Sinha,354,1,543.91,3,3,3,9,Loyal
CUST-5097,Aditya Sharma,8,1,11.77,1,3,1,5,At Risk
CUST-5097,Diya Roy,497,1,455.3,4,3,2,9,Loyal
CUST-5097,Riya Sinha,614,1,4580.45,5,3,5,13,Champions
CUST-5098,Aditya Jha,286,1,242.98,2,3,1,6,Developing
CUST-5098,Anaya Sinha,507,1,4282.11,4,3,5,12,Champions
CUST-5102,Kabir Verma,13,1,818.75,1,3,3,7,Developing
CUST-5102,Vivaan Sinha,241,1,124.93,2,3,1,6,Developing
CUST-5103,Vivaan Gupta,359,1,228.31,3,3,1,7,Developing
CUST-5104,Aditya Kumar,528,1,352.85,4,3,2,9,Loyal
CUST-5104,Anaya Patel,268,1,988.3,2,3,4,9,Loyal
CUST-5104,Arjun Roy,654,1,605.01,5,3,3,11,Loyal
CUST-5105,Anaya Verma,320,1,570.86,3,3,3,9,Loyal
CUST-5105,Arjun Das,103,1,159.15,1,3,1,5,At Risk
CUST-5106,Kabir Gupta,377,1,2615.46,3,3,5,11,Loyal
CUST-5106,Kabir Kumar,436,1,495.47,4,3,2,9,Loyal
CUST-5107,Isha Sharma,53,1,514.86,1,3,2,6,Developing
CUST-5107,Isha Singh,702,1,2526.2,5,3,5,13,Champions
CUST-5109,Arjun Verma,581,1,133.73,5,3,1,9,Loyal
CUST-5110,Aditya Kumar,72,1,1877.53,1,3,4,8,Developing
CUST-5110,Diya Kumar,508,1,196.81,4,3,1,8,Developing
CUST-5111,Diya Jha,172,1,408.79,2,3,2,7,Developing
CUST-5111,Riya Kumar,534,1,3362.25,4,3,5,12,Champions
CUST-5113,Anaya Roy,552,1,294.27,4,3,2,9,Loyal
CUST-5114,Kabir Patel,277,1,195.39,2,3,1,6,Developing
CUST-5114,Riya Kumar,290,1,539.5,2,3,3,8,Developing
CUST-5115,Arjun Patel,720,1,362.65,5,3,2,10,Loyal
CUST-5117,Aarav Kumar,333,1,382.72,3,3,2,8,Developing
CUST-5117,Riya Singh,200,2,876.59,2,5,3,10,Loyal
CUST-5119,Aarav Patel,132,1,929.1,1,3,3,7,Developing
CUST-5119,Aarav Sharma,241,1,739.98,2,3,3,8,Developing
CUST-5120,Aditya Jha,640,1,2324.51,5,3,5,13,Champions
CUST-5121,Aarav Singh,432,1,3417.29,3,3,5,11,Loyal
CUST-5121,Vivaan Roy,431,1,2549.17,3,3,5,11,Loyal
CUST-5122,Aditya Singh,721,1,3075.0,5,3,5,13,Champions
CUST-5123,Aarav Singh,643,1,493.33,5,3,2,10,Loyal
CUST-5123,Anaya Das,541,1,200.33,4,3,1,8,Developing
CUST-5123,Riya Das,524,1,2128.5,4,3,5,12,Champions
CUST-5124,Diya Patel,580,1,1087.76,4,3,4,11,Loyal
CUST-5124,Kabir Jha,213,1,898.76,2,3,3,8,Developing
CUST-5124,Riya Singh,368,1,1225.34,3,3,4,10,Loyal
CUST-5125,Vivaan Jha,497,1,359.33,4,3,2,9,Loyal
CUST-5126,Vivaan Das,546,1,215.01,4,3,1,8,Developing
CUST-5127,Meera Jha,166,1,2219.64,2,3,5,10,Loyal
CUST-5130,Isha Singh,92,1,955.68,1,3,4,8,Developing
CUST-5131,Aarav Patel,416,1,864.18,3,3,3,9,Loyal
CUST-5132,Arjun Kumar,405,1,416.94,3,3,2,8,Developing
CUST-5132,Vivaan Sinha,39,1,180.96,1,3,1,5,At Risk
CUST-5133,Riya Verma,269,1,1778.09,2,3,4,9,Loyal
CUST-5133,Vivaan Patel,362,1,38.34,3,3,1,7,Developing
CUST-5134,Vivaan Das,377,1,103.42,3,3,1,7,Developing
CUST-5134,Vivaan Verma,147,1,434.44,2,3,2,7,Developing
CUST-5135,Kabir Jha,264,1,203.84,2,3,1,6,Developing
CUST-5135,Meera Das,721,1,549.01,5,3,3,11,Loyal
CUST-5137,Meera Kumar,291,1,863.51,2,3,3,8,Developing
CUST-5138,Diya Roy,65,1,1074.9,1,3,4,8,Developing
CUST-5139,Kabir Roy,110,1,1505.4,1,3,4,8,Developing
CUST-5139,Riya Jha,151,1,1027.45,2,3,4,9,Loyal
CUST-5139,Riya Patel,284,1,164.62,2,3,1,6,Developing
CUST-5140,Aarav Verma,352,1,113.59,3,3,1,7,Developing
CUST-5141,Arjun Sharma,496,1,257.25,4,3,2,9,Loyal
CUST-5141,Kabir Patel,659,1,1941.84,5,3,5,13,Champions
CUST-5142,Aarav Das,540,1,1085.61,4,3,4,11,Loyal
CUST-5142,Aditya Kumar,15,1,33.73,1,3,1,5,At Risk
CUST-5142,Diya Sharma,629,1,223.17,5,3,1,9,Loyal
CUST-5142,Kabir Gupta,712,1,75.52,5,3,1,9,Loyal
CUST-5143,Aditya Singh,363,1,3445.96,3,3,5,11,Loyal
CUST-5143,Anaya Singh,510,1,200.62,4,3,1,8,Developing
CUST-5144,Anaya Sharma,558,1,389.35,4,3,2,9,Loyal
CUST-5145,Arjun Roy,327,1,351.01,3,3,2,8,Developing
CUST-5145,Diya Sinha,405,1,79.82,3,3,1,7,Developing
CUST-5145,Vivaan Gupta,558,1,728.16,4,3,3,10,Loyal
CUST-5146,Aarav Kumar,133,1,1636.59,1,3,4,8,Developing
CUST-5146,Riya Gupta,555,1,329.11,4,3,2,9,Loyal
CUST-5146,Riya Singh,524,1,332.18,4,3,2,9,Loyal
CUST-5147,Arjun Verma,545,1,391.18,4,3,2,9,Loyal
CUST-5150,Aditya Roy,723,1,465.5,5,3,2,10,Loyal
CUST-5150,Diya Singh,84,1,1311.36,1,3,4,8,Developing
CUST-5151,Aditya Kumar,501,1,416.54,4,3,2,9,Loyal
CUST-5155,Diya Das,610,1,857.0,5,3,3,11,Loyal
CUST-5159,Diya Verma,339,1,581.51,3,3,3,9,Loyal
CUST-5159,Isha Gupta,94,1,182.17,1,3,1,5,At Risk
CUST-5159,Riya Kumar,137,1,783.54,1,3,3,7,Developing
CUST-5160,Diya Jha,431,1,2529.56,3,3,5,11,Loyal
CUST-5160,Meera Singh,373,1,1325.83,3,3,4,10,Loyal
CUST-5161,Diya Das,300,1,868.83,3,3,3,9,Loyal
CUST-5163,Isha Verma,291,1,147.02,2,3,1,6,Developing
CUST-5164,Diya Sharma,540,1,302.97,4,3,2,9,Loyal
CUST-5164,Isha Patel,135,1,493.11,1,3,2,6,Developing
CUST-5166,Diya Kumar,167,1,112.61,2,3,1,6,Developing
CUST-5167,Aditya Singh,110,1,2793.99,1,3,5,9,Loyal
CUST-5167,Diya Sinha,208,1,44.82,2,3,1,6,Developing
CUST-5167,Isha Roy,42,1,559.82,1,3,3,7,Developing
CUST-5168,Arjun Roy,192,1,2733.0,2,3,5,10,Loyal
CUST-5172,Diya Roy,470,1,371.13,4,3,2,9,Loyal
CUST-5172,Kabir Patel,222,1,1195.09,2,3,4,9,Loyal
CUST-5173,Kabir Das,533,1,599.29,4,3,3,10,Loyal
CUST-5174,Aditya Sinha,154,1,620.69,2,3,3,8,Developing
CUST-5174,Riya Patel,603,1,64.3,5,3,1,9,Loyal
CUST-5175,Diya Sinha,432,1,481.35,3,3,2,8,Developing
CUST-5175,Kabir Verma,104,1,2013.32,1,3,5,9,Loyal
CUST-5175,Riya Das,440,1,8.07,4,3,1,8,Developing
CUST-5176,Arjun Sinha,624,1,10.58,5,3,1,9,Loyal
CUST-5176,Isha Sharma,48,1,269.84,1,3,2,6,Developing
CUST-5176,Isha Verma,211,1,657.23,2,3,3,8,Developing
CUST-5177,Isha Singh,709,1,553.52,5,3,3,11,Loyal
CUST-5177,Riya Patel,323,1,1179.33,3,3,4,10,Loyal
CUST-5177,Vivaan Singh,261,1,92.55,2,3,1,6,Developing
CUST-5178,Aditya Singh,345,1,2551.5,3,3,5,11,Loyal
CUST-5178,Diya Verma,331,1,224.63,3,3,1,7,Developing
CUST-5178,Riya Roy,546,1,122.36,4,3,1,8,Developing
CUST-5178,Vivaan Jha,678,1,326.48,5,3,2,10,Loyal
CUST-5179,Riya Singh,420,1,113.71,3,3,1,7,Developing
CUST-5180,Anaya Kumar,130,1,1765.53,1,3,4,8,Developing
CUST-5180,Diya Jha,101,1,2400.4,1,3,5,9,Loyal
CUST-5182,Aditya Sharma,494,1,729.25,4,3,3,10,Loyal
CUST-5182,Diya Sharma,493,1,160.95,4,3,1,8,Developing
CUST-5183,Diya Kumar,146,1,279.88,2,3,2,7,Developing
CUST-5183,Vivaan Sharma,253,1,210.66,2,3,1,6,Developing
CUST-5185,Diya Verma,114,1,1225.98,1,3,4,8,Developing
CUST-5187,Isha Singh,222,1,1424.54,2,3,4,9,Loyal
CUST-5187,Vivaan Sharma,545,1,1529.15,4,3,4,11,Loyal
CUST-5188,Vivaan Kumar,442,1,497.18,4,3,2,9,Loyal
CUST-5190,Anaya Jha,69,1,1773.7,1,3,4,8,Developing
CUST-5190,Anaya Sinha,287,1,837.85,2,3,3,8,Developing
CUST-5191,Aarav Patel,303,1,172.66,3,3,1,7,Developing
CUST-5191,Aditya Gupta,524,1,1994.66,4,3,5,12,Champions
CUST-5191,Anaya Das,207,1,2399.78,2,3,5,10,Loyal
CUST-5191,Riya Gupta,227,1,303.18,2,3,2,7,Developing
CUST-5192,Diya Roy,681,1,776.82,5,3,3,11,Loyal
CUST-5194,Meera Das,140,1,230.15,1,3,1,5,At Risk
CUST-5197,Diya Gupta,90,1,97.71,1,3,1,5,At Risk
CUST-5198,Aarav Das,421,1,2370.72,3,3,5,11,Loyal
CUST-5199,Anaya Gupta,664,1,1218.27,5,3,4,12,Champions
CUST-5200,Aditya Verma,169,1,2498.42,2,3,5,10,Loyal
CUST-5200,Kabir Patel,391,1,2100.16,3,3,5,11,Loyal
CUST-5200,Riya Roy,131,1,123.09,1,3,1,5,At Risk
CUST-5202,Aarav Kumar,315,1,368.53,3,3,2,8,Developing
CUST-5202,Diya Roy,552,1,397.99,4,3,2,9,Loyal
CUST-5204,Isha Patel,379,1,519.11,3,3,2,8,Developing
CUST-5205,Aditya Jha,401,1,695.91,3,3,3,9,Loyal
CUST-5205,Arjun Gupta,608,1,1117.17,5,3,4,12,Champions
CUST-5206,Kabir Sharma,74,1,163.54,1,3,1,5,At Risk
CUST-5206,Meera Das,295,1,636.08,3,3,3,9,Loyal
CUST-5206,Meera Gupta,101,1,787.34,1,3,3,7,Developing
CUST-5208,Aarav Sinha,438,1,471.14,4,3,2,9,Loyal
CUST-5209,Isha Gupta,596,1,498.99,5,3,2,10,Loyal
CUST-5210,Anaya Kumar,534,1,245.22,4,3,2,9,Loyal
CUST-5210,Meera Jha,177,1,1546.84,2,3,4,9,Loyal
CUST-5211,Isha Roy,43,1,3401.96,1,3,5,9,Loyal
CUST-5211,Vivaan Jha,488,1,1331.16,4,3,4,11,Loyal
CUST-5212,Arjun Jha,368,1,295.36,3,3,2,8,Developing
CUST-5212,Vivaan Jha,450,1,3118.1,4,3,5,12,Champions
CUST-5213,Anaya Kumar,184,1,485.09,2,3,2,7,Developing
CUST-5213,Anaya Singh,683,1,874.47,5,3,3,11,Loyal
CUST-5213,Arjun Jha,58,1,229.75,1,3,1,5,At Risk
CUST-5213,Diya Das,96,1,1620.65,1,3,4,8,Developing
CUST-5213,Isha Sinha,712,1,960.07,5,3,4,12,Champions
CUST-5214,Anaya Das,424,1,334.14,3,3,2,8,Developing
CUST-5215,Aarav Patel,155,1,151.62,2,3,1,6,Developing
CUST-5216,Arjun Sinha,643,1,254.94,5,3,2,10,Loyal
CUST-5216,Riya Verma,252,1,2828.72,2,3,5,10,Loyal
CUST-5216,Vivaan Verma,344,1,841.53,3,3,3,9,Loyal
CUST-5217,Vivaan Roy,24,1,1915.16,1,3,4,8,Developing
CUST-5218,Meera Singh,687,1,1465.45,5,3,4,12,Champions
CUST-5218,Riya Roy,305,1,156.97,3,3,1,7,Developing
CUST-5219,Anaya Patel,348,1,1433.43,3,3,4,10,Loyal
CUST-5220,Arjun Gupta,594,1,2195.5,5,3,5,13,Champions
CUST-5221,Kabir Das,456,1,9.31,4,3,1,8,Developing
CUST-5221,Kabir Patel,578,1,403.24,4,3,2,9,Loyal
CUST-5222,Isha Sharma,275,1,902.29,2,3,3,8,Developing
CUST-5223,Aarav Kumar,111,1,257.76,1,3,2,6,Developing
CUST-5223,Meera Gupta,446,1,1065.18,4,3,4,11,Loyal
CUST-5226,Aarav Singh,294,1,963.98,3,3,4,10,Loyal
CUST-5226,Diya Singh,399,1,715.28,3,3,3,9,Loyal
CUST-5227,Diya Verma,56,1,3219.26,1,3,5,9,Loyal
CUST-5227,Riya Sinha,114,1,997.42,1,3,4,8,Developing
CUST-5230,Diya Singh,243,1,186.37,2,3,1,6,Developing
CUST-5230,Kabir Verma,567,1,1520.46,4,3,4,11,Loyal
CUST-5231,Aditya Verma,52,1,343.98,1,3,2,6,Developing
CUST-5231,Diya Sinha,243,1,734.74,2,3,3,8,Developing
CUST-5231,Vivaan Singh,136,1,713.28,1,3,3,7,Developing
CUST-5231,Vivaan Sinha,207,1,623.9,2,3,3,8,Developing
CUST-5233,Arjun Sinha,499,1,639.35,4,3,3,10,Loyal
CUST-5235,Vivaan Roy,127,1,936.4,1,3,3,7,Developing
CUST-5236,Anaya Sharma,402,1,326.75,3,3,2,8,Developing
CUST-5236,Diya Roy,668,1,2912.36,5,3,5,13,Champions
CUST-5236,Isha Verma,390,1,522.1,3,3,2,8,Developing
CUST-5236,Kabir Singh,101,1,1054.86,1,3,4,8,Developing
CUST-5237,Anaya Kumar,653,1,941.4,5,3,3,11,Loyal
CUST-5237,Arjun Roy,591,1,4481.76,5,3,5,13,Champions
CUST-5237,Meera Verma,552,1,1113.23,4,3,4,11,Loyal
CUST-5237,Riya Roy,521,1,1652.29,4,3,4,11,Loyal
CUST-5238,Meera Das,122,1,833.71,1,3,3,7,Developing
CUST-5239,Vivaan Patel,4,1,4425.44,1,3,5,9,Loyal
CUST-5240,Riya Gupta,642,1,2673.52,5,3,5,13,Champions
CUST-5241,Diya Gupta,661,1,509.11,5,3,2,10,Loyal
CUST-5242,Kabir Jha,278,1,301.0,2,3,2,7,Developing
CUST-5242,Kabir Patel,275,1,232.46,2,3,1,6,Developing
CUST-5243,Diya Verma,192,1,196.25,2,3,1,6,Developing
CUST-5244,Anaya Kumar,413,1,894.85,3,3,3,9,Loyal
CUST-5244,Diya Verma,234,2,212.42000000000002,2,5,1,8,Developing
CUST-5244,Meera Das,513,1,398.81,4,3,2,9,Loyal
CUST-5245,Aditya Sinha,624,1,525.42,5,3,3,11,Loyal
CUST-5245,Vivaan Kumar,157,1,259.85,2,3,2,7,Developing
CUST-5249,Aarav Jha,653,1,834.19,5,3,3,11,Loyal
CUST-5249,Aarav Sharma,525,1,688.13,4,3,3,10,Loyal
CUST-5249,Meera Kumar,443,1,434.16,4,3,2,9,Loyal
CUST-5250,Aditya Kumar,113,1,433.09,1,3,2,6,Developing
CUST-5250,Diya Jha,329,1,461.98,3,3,2,8,Developing
CUST-5253,Isha Patel,169,1,786.56,2,3,3,8,Developing
CUST-5255,Diya Singh,42,1,2317.82,1,3,5,9,Loyal
CUST-5257,Anaya Verma,70,1,70.15,1,3,1,5,At Risk
CUST-5258,Anaya Singh,239,1,21.95,2,3,1,6,Developing
CUST-5259,Aarav Das,540,1,1282.89,4,3,4,11,Loyal
CUST-5260,Anaya Gupta,446,1,1251.44,4,3,4,11,Loyal
CUST-5260,Diya Das,712,1,1716.51,5,3,4,12,Champions
CUST-5261,Meera Sinha,194,1,135.64,2,3,1,6,Developing
CUST-5261,Riya Kumar,459,1,962.62,4,3,4,11,Loyal
CUST-5262,Anaya Jha,615,1,441.23,5,3,2,10,Loyal
CUST-5262,Anaya Sinha,699,1,2514.72,5,3,5,13,Champions
CUST-5263,Arjun Roy,82,1,2552.58,1,3,5,9,Loyal
CUST-5264,Arjun Das,591,1,496.4,5,3,2,10,Loyal
CUST-5265,Isha Jha,223,1,19.86,2,3,1,6,Developing
CUST-5265,Vivaan Roy,574,1,157.54,4,3,1,8,Developing
CUST-5267,Anaya Gupta,439,1,7.69,4,3,1,8,Developing
CUST-5267,Anaya Patel,719,1,408.2,5,3,2,10,Loyal
CUST-5267,Arjun Patel,615,1,1457.93,5,3,4,12,Champions
CUST-5267,Meera Sharma,193,1,3218.29,2,3,5,10,Loyal
CUST-5268,Aditya Patel,44,1,941.97,1,3,3,7,Developing
CUST-5268,Isha Singh,86,1,441.44,1,3,2,6,Developing
CUST-5268,Vivaan Sinha,262,1,394.27,2,3,2,7,Developing
CUST-5269,Aditya Das,2,1,1743.82,1,3,4,8,Developing
CUST-5269,Arjun Singh,393,1,624.2,3,3,3,9,Loyal
CUST-5270,Isha Roy,617,1,923.32,5,3,3,11,Loyal
CUST-5270,Vivaan Roy,349,1,723.58,3,3,3,9,Loyal
CUST-5271,Arjun Sharma,290,1,2138.39,2,3,5,10,Loyal
CUST-5274,Meera Gupta,226,1,2171.3,2,3,5,10,Loyal
CUST-5275,Aditya Verma,698,1,613.83,5,3,3,11,Loyal
CUST-5275,Riya Jha,228,1,460.5,2,3,2,7,Developing
CUST-5276,Isha Roy,598,1,665.8,5,3,3,11,Loyal
CUST-5277,Aditya Sharma,108,1,56.98,1,3,1,5,At Risk
CUST-5280,Isha Sinha,712,1,575.52,5,3,3,11,Loyal
CUST-5281,Riya Sharma,206,1,81.96,2,3,1,6,Developing
CUST-5288,Aditya Sinha,464,1,378.59,4,3,2,9,Loyal
CUST-5289,Isha Sinha,668,1,941.85,5,3,3,11,Loyal
CUST-5289,Meera Roy,188,1,375.64,2,3,2,7,Developing
CUST-5290,Aditya Kumar,633,1,279.22,5,3,2,10,Loyal
CUST-5291,Aditya Gupta,397,1,209.78,3,3,1,7,Developing
CUST-5291,Arjun Singh,456,1,577.5,4,3,3,10,Loyal
CUST-5291,Vivaan Patel,702,1,172.34,5,3,1,9,Loyal
CUST-5292,Riya Patel,201,1,423.97,2,3,2,7,Developing
CUST-5293,Aarav Patel,145,1,2434.08,1,3,5,9,Loyal
CUST-5294,Riya Das,250,1,632.81,2,3,3,8,Developing
CUST-5294,Vivaan Kumar,656,1,1566.48,5,3,4,12,Champions
CUST-5295,Arjun Verma,242,1,174.43,2,3,1,6,Developing
CUST-5296,Diya Patel,120,1,3426.05,1,3,5,9,Loyal
CUST-5297,Anaya Roy,622,1,1986.34,5,3,5,13,Champions
CUST-5297,Diya Verma,54,1,2927.42,1,3,5,9,Loyal
CUST-5298,Aditya Sinha,15,1,173.91,1,3,1,5,At Risk
CUST-5298,Isha Kumar,538,1,518.87,4,3,2,9,Loyal
CUST-5299,Vivaan Singh,54,1,2741.57,1,3,5,9,Loyal
CUST-5301,Anaya Das,453,1,55.92,4,3,1,8,Developing
CUST-5301,Arjun Gupta,86,1,298.0,1,3,2,6,Developing
CUST-5301,Isha Patel,330,1,2586.72,3,3,5,11,Loyal
CUST-5301,Vivaan Das,416,1,1194.96,3,3,4,10,Loyal
CUST-5303,Aarav Gupta,38,1,1254.16,1,3,4,8,Developing
CUST-5303,Vivaan Sharma,415,1,71.7,3,3,1,7,Developing
CUST-5305,Diya Das,364,1,913.1,3,3,3,9,Loyal
CUST-5306,Diya Sharma,271,1,792.77,2,3,3,8,Developing
CUST-5307,Aditya Verma,400,1,274.85,3,3,2,8,Developing
CUST-5307,Meera Verma,582,1,185.18,5,3,1,9,Loyal
CUST-5307,Vivaan Jha,262,1,475.81,2,3,2,7,Developing
CUST-5308,Meera Verma,93,1,1385.9,1,3,4,8,Developing
CUST-5309,Vivaan Patel,561,1,75.74,4,3,1,8,Developing
CUST-5310,Arjun Jha,440,1,1243.96,4,3,4,11,Loyal
CUST-5310,Diya Roy,430,1,117.7,3,3,1,7,Developing
CUST-5310,Kabir Sinha,638,1,681.0,5,3,3,11,Loyal
CUST-5311,Kabir Kumar,350,1,657.86,3,3,3,9,Loyal
CUST-5311,Riya Das,104,1,27.34,1,3,1,5,At Risk
CUST-5312,Anaya Singh,720,1,873.73,5,3,3,11,Loyal
CUST-5312,Kabir Jha,291,1,363.12,2,3,2,7,Developing
CUST-5313,Kabir Verma,135,1,160.75,1,3,1,5,At Risk
CUST-5314,Anaya Gupta,601,1,52.78,5,3,1,9,Loyal
CUST-5314,Anaya Sharma,516,1,162.36,4,3,1,8,Developing
CUST-5314,Meera Das,114,1,1206.58,1,3,4,8,Developing
CUST-5315,Anaya Sharma,106,1,2447.93,1,3,5,9,Loyal
CUST-5316,Aditya Sinha,340,1,4135.45,3,3,5,11,Loyal
CUST-5316,Isha Singh,663,1,481.58,5,3,2,10,Loyal
CUST-5316,Kabir Das,547,1,1601.55,4,3,4,11,Loyal
CUST-5316,Vivaan Das,454,1,2318.89,4,3,5,12,Champions
CUST-5317,Aditya Gupta,293,1,2880.04,3,3,5,11,Loyal
CUST-5318,Kabir Verma,442,1,369.48,4,3,2,9,Loyal
CUST-5319,Anaya Roy,212,1,1829.47,2,3,4,9,Loyal
CUST-5319,Diya Jha,441,1,440.51,4,3,2,9,Loyal
CUST-5319,Diya Patel,285,1,163.48,2,3,1,6,Developing
CUST-5320,Anaya Roy,446,1,1456.09,4,3,4,11,Loyal
CUST-5320,Kabir Verma,129,1,383.7,1,3,2,6,Developing
CUST-5321,Meera Roy,326,1,261.97,3,3,2,8,Developing
CUST-5321,Vivaan Verma,493,1,1503.67,4,3,4,11,Loyal
CUST-5323,Aditya Singh,500,1,151.83,4,3,1,8,Developing
CUST-5323,Isha Jha,165,1,651.31,2,3,3,8,Developing
CUST-5323,Isha Patel,312,1,308.61,3,3,2,8,Developing
CUST-5323,Vivaan Sinha,531,1,287.96,4,3,2,9,Loyal
CUST-5324,Anaya Jha,262,1,240.86,2,3,1,6,Developing
CUST-5324,Anaya Patel,296,1,1103.62,3,3,4,10,Loyal
CUST-5324,Anaya Sharma,312,1,471.05,3,3,2,8,Developing
CUST-5324,Riya Verma,245,1,1528.81,2,3,4,9,Loyal
CUST-5326,Diya Das,270,1,135.68,2,3,1,6,Developing
CUST-5326,Riya Gupta,345,1,121.77,3,3,1,7,Developing
CUST-5327,Diya Patel,407,1,787.71,3,3,3,9,Loyal
CUST-5328,Isha Gupta,28,1,138.99,1,3,1,5,At Risk
CUST-5329,Isha Sinha,222,1,3431.33,2,3,5,10,Loyal
CUST-5330,Diya Das,402,1,1885.35,3,3,4,10,Loyal
CUST-5330,Vivaan Sinha,256,1,1317.66,2,3,4,9,Loyal
CUST-5331,Vivaan Jha,462,1,363.56,4,3,2,9,Loyal
CUST-5332,Kabir Singh,45,1,4214.26,1,3,5,9,Loyal
CUST-5333,Isha Singh,172,1,1664.3,2,3,4,9,Loyal
CUST-5334,Aditya Roy,708,1,656.87,5,3,3,11,Loyal
CUST-5334,Diya Patel,479,1,940.1,4,3,3,10,Loyal
CUST-5335,Diya Jha,178,1,194.26,2,3,1,6,Developing
CUST-5335,Isha Roy,59,1,468.63,1,3,2,6,Developing
CUST-5336,Meera Jha,531,1,566.0,4,3,3,10,Loyal
CUST-5338,Aarav Sharma,305,1,480.48,3,3,2,8,Developing
CUST-5339,Aarav Verma,454,1,567.42,4,3,3,10,Loyal
CUST-5339,Aditya Kumar,332,1,3070.5,3,3,5,11,Loyal
CUST-5339,Diya Sinha,661,1,1418.9,5,3,4,12,Champions
CUST-5339,Kabir Sharma,147,1,1985.42,2,3,5,10,Loyal
CUST-5340,Aarav Jha,721,1,706.68,5,3,3,11,Loyal
CUST-5341,Riya Sharma,642,1,3334.75,5,3,5,13,Champions
CUST-5344,Arjun Gupta,627,1,1198.32,5,3,4,12,Champions
CUST-5345,Arjun Sinha,669,1,551.77,5,3,3,11,Loyal
CUST-5345,Diya Patel,659,1,3856.07,5,3,5,13,Champions
CUST-5345,Riya Kumar,245,1,1903.47,2,3,4,9,Loyal
CUST-5346,Anaya Das,251,1,327.51,2,3,2,7,Developing
CUST-5347,Arjun Verma,297,1,582.01,3,3,3,9,Loyal
CUST-5348,Aarav Jha,616,1,199.69,5,3,1,9,Loyal
CUST-5348,Riya Gupta,73,1,573.1,1,3,3,7,Developing
CUST-5351,Diya Sharma,376,1,2230.64,3,3,5,11,Loyal
CUST-5351,Kabir Gupta,421,1,1010.92,3,3,4,10,Loyal
CUST-5352,Anaya Patel,626,1,1284.01,5,3,4,12,Champions
CUST-5353,Aarav Verma,209,1,289.98,2,3,2,7,Developing
CUST-5353,Aditya Patel,502,1,604.64,4,3,3,10,Loyal
CUST-5353,Anaya Jha,462,1,406.49,4,3,2,9,Loyal
CUST-5353,Isha Jha,387,1,138.94,3,3,1,7,Developing
CUST-5353,Riya Sharma,30,1,346.3,1,3,2,6,Developing
CUST-5354,Arjun Kumar,585,1,1338.14,5,3,4,12,Champions
CUST-5355,Meera Roy,174,1,2534.75,2,3,5,10,Loyal
CUST-5355,Riya Singh,216,1,962.61,2,3,4,9,Loyal
CUST-5357,Aditya Roy,582,1,147.74,5,3,1,9,Loyal
CUST-5357,Isha Kumar,68,1,663.13,1,3,3,7,Developing
CUST-5359,Diya Sharma,242,1,689.65,2,3,3,8,Developing
CUST-5359,Kabir Jha,130,1,308.56,1,3,2,6,Developing
CUST-5362,Riya Sinha,502,1,179.06,4,3,1,8,Developing
CUST-5363,Aarav Sinha,2,1,1073.51,1,3,4,8,Developing
CUST-5364,Anaya Kumar,11,1,346.58,1,3,2,6,Developing
CUST-5366,Aditya Das,643,1,733.53,5,3,3,11,Loyal
CUST-5367,Isha Sinha,602,1,1957.03,5,3,5,13,Champions
CUST-5368,Riya Roy,678,1,2867.54,5,3,5,13,Champions
CUST-5369,Kabir Verma,354,1,1926.13,3,3,5,11,Loyal
CUST-5372,Arjun Sinha,452,1,488.8,4,3,2,9,Loyal
CUST-5373,Arjun Roy,397,1,144.87,3,3,1,7,Developing
CUST-5374,Anaya Patel,525,1,3966.25,4,3,5,12,Champions
CUST-5374,Kabir Jha,645,1,595.49,5,3,3,11,Loyal
CUST-5377,Aditya Kumar,524,1,26.95,4,3,1,8,Developing
CUST-5377,Arjun Singh,636,1,2127.27,5,3,5,13,Champions
CUST-5378,Anaya Roy,41,1,3099.33,1,3,5,9,Loyal
CUST-5379,Kabir Jha,477,1,1812.02,4,3,4,11,Loyal
CUST-5380,Arjun Sinha,224,1,405.12,2,3,2,7,Developing
CUST-5380,Kabir Patel,342,1,1183.05,3,3,4,10,Loyal
CUST-5380,Meera Verma,199,1,1099.75,2,3,4,9,Loyal
CUST-5381,Aarav Roy,193,1,849.38,2,3,3,8,Developing
CUST-5381,Aditya Jha,42,1,2928.03,1,3,5,9,Loyal
CUST-5383,Vivaan Gupta,224,1,444.88,2,3,2,7,Developing
CUST-5384,Aarav Sinha,568,1,890.92,4,3,3,10,Loyal
CUST-5384,Anaya Sinha,700,1,2250.83,5,3,5,13,Champions
CUST-5384,Diya Das,561,1,1352.87,4,3,4,11,Loyal
CUST-5385,Aarav Das,653,1,727.55,5,3,3,11,Loyal
CUST-5385,Aditya Patel,367,1,646.34,3,3,3,9,Loyal
CUST-5385,Arjun Gupta,584,1,261.27,5,3,2,10,Loyal
CUST-5386,Isha Jha,3,1,44.97,1,3,1,5,At Risk
CUST-5387,Riya Roy,104,1,2748.35,1,3,5,9,Loyal
CUST-5388,Aditya Sharma,157,1,663.87,2,3,3,8,Developing
CUST-5388,Kabir Sinha,710,1,666.0,5,3,3,11,Loyal
CUST-5388,Vivaan Verma,460,1,1013.29,4,3,4,11,Loyal
CUST-5389,Riya Verma,456,1,481.29,4,3,2,9,Loyal
CUST-5390,Aditya Verma,650,1,192.73,5,3,1,9,Loyal
CUST-5390,Isha Sinha,35,1,1083.69,1,3,4,8,Developing
CUST-5391,Isha Gupta,528,1,614.11,4,3,3,10,Loyal
CUST-5391,Kabir Kumar,10,1,464.44,1,3,2,6,Developing
CUST-5392,Aditya Verma,650,1,2829.9,5,3,5,13,Champions
CUST-5392,Anaya Patel,216,1,369.62,2,3,2,7,Developing
CUST-5394,Anaya Jha,522,1,55.85,4,3,1,8,Developing
CUST-5394,Meera Patel,352,1,2494.3,3,3,5,11,Loyal
CUST-5395,Aarav Sinha,67,1,314.67,1,3,2,6,Developing
CUST-5395,Riya Gupta,604,1,957.4,5,3,4,12,Champions
CUST-5398,Riya Jha,216,1,736.3,2,3,3,8,Developing
CUST-5399,Isha Roy,385,1,827.89,3,3,3,9,Loyal
CUST-5399,Riya Singh,130,1,4646.6,1,3,5,9,Loyal
CUST-5400,Aditya Roy,21,1,90.77,1,3,1,5,At Risk
CUST-5401,Isha Sinha,486,1,240.47,4,3,1,8,Developing
CUST-5401,Meera Roy,10,1,910.78,1,3,3,7,Developing
CUST-5402,Arjun Kumar,214,1,572.3,2,3,3,8,Developing
CUST-5403,Aditya Kumar,327,1,519.49,3,3,2,8,Developing
CUST-5403,Anaya Das,609,1,3515.24,5,3,5,13,Champions
CUST-5403,Diya Verma,441,1,788.04,4,3,3,10,Loyal
CUST-5405,Arjun Roy,256,1,786.39,2,3,3,8,Developing
CUST-5405,Meera Das,667,1,190.47,5,3,1,9,Loyal
CUST-5406,Meera Roy,690,1,468.35,5,3,2,10,Loyal
CUST-5407,Anaya Sinha,648,1,3159.04,5,3,5,13,Champions
CUST-5408,Isha Verma,57,1,1597.22,1,3,4,8,Developing
CUST-5409,Anaya Verma,23,1,1740.54,1,3,4,8,Developing
CUST-5409,Isha Patel,730,1,236.1,5,3,1,9,Loyal
CUST-5411,Diya Sinha,533,1,514.28,4,3,2,9,Loyal
CUST-5412,Aditya Roy,27,1,1988.13,1,3,5,9,Loyal
CUST-5412,Arjun Das,249,1,518.28,2,3,2,7,Developing
CUST-5412,Meera Verma,337,1,145.66,3,3,1,7,Developing
CUST-5413,Aarav Gupta,301,1,1226.49,3,3,4,10,Loyal
CUST-5413,Diya Gupta,517,1,84.52,4,3,1,8,Developing
CUST-5415,Anaya Jha,441,1,601.95,4,3,3,10,Loyal
CUST-5416,Aarav Sinha,319,1,351.89,3,3,2,8,Developing
CUST-5416,Arjun Roy,316,1,4140.96,3,3,5,11,Loyal
CUST-5416,Arjun Verma,18,1,447.9,1,3,2,6,Developing
CUST-5416,Meera Sinha,267,1,2704.74,2,3,5,10,Loyal
CUST-5417,Arjun Das,532,1,1531.03,4,3,4,11,Loyal
CUST-5417,Vivaan Sinha,287,1,218.54,2,3,1,6,Developing
CUST-5418,Anaya Gupta,727,1,1554.94,5,3,4,12,Champions
CUST-5420,Aarav Singh,687,1,771.19,5,3,3,11,Loyal
CUST-5420,Kabir Das,394,1,1798.07,3,3,4,10,Loyal
CUST-5420,Meera Roy,723,1,4390.85,5,3,5,13,Champions
CUST-5421,Diya Jha,487,1,1021.43,4,3,4,11,Loyal
CUST-5421,Diya Singh,568,1,1970.27,4,3,5,12,Champions
CUST-5422,Vivaan Gupta,414,1,1969.85,3,3,5,11,Loyal
CUST-5425,Anaya Patel,375,1,1792.69,3,3,4,10,Loyal
CUST-5425,Isha Jha,521,1,122.42,4,3,1,8,Developing
CUST-5426,Isha Das,77,1,945.01,1,3,3,7,Developing
CUST-5427,Anaya Roy,586,1,1147.82,5,3,4,12,Champions
CUST-5427,Meera Verma,527,1,2078.49,4,3,5,12,Champions
CUST-5429,Aditya Sharma,25,1,484.67,1,3,2,6,Developing
CUST-5429,Aditya Singh,39,1,144.64,1,3,1,5,At Risk
CUST-5429,Arjun Verma,494,1,468.11,4,3,2,9,Loyal
CUST-5430,Anaya Patel,536,1,1574.5,4,3,4,11,Loyal
CUST-5430,Kabir Verma,662,1,725.5,5,3,3,11,Loyal
CUST-5430,Riya Jha,115,1,184.13,1,3,1,5,At Risk
CUST-5430,Vivaan Jha,623,1,135.48,5,3,1,9,Loyal
CUST-5431,Aditya Jha,323,1,85.15,3,3,1,7,Developing
CUST-5431,Diya Patel,319,1,1162.79,3,3,4,10,Loyal
CUST-5431,Riya Singh,419,1,91.8,3,3,1,7,Developing
CUST-5433,Aarav Roy,51,1,11.19,1,3,1,5,At Risk
CUST-5433,Diya Singh,363,2,1558.01,3,5,4,12,Champions
CUST-5433,Kabir Das,130,1,539.9,1,3,3,7,Developing
CUST-5435,Kabir Das,354,1,510.32,3,3,2,8,Developing
CUST-5435,Riya Sinha,299,1,1830.46,3,3,4,10,Loyal
CUST-5436,Diya Sharma,351,1,1203.99,3,3,4,10,Loyal
CUST-5438,Aditya Kumar,321,1,295.91,3,3,2,8,Developing
CUST-5438,Isha Das,492,1,603.05,4,3,3,10,Loyal
CUST-5438,Meera Jha,314,1,392.46,3,3,2,8,Developing
CUST-5439,Isha Sharma,360,1,150.38,3,3,1,7,Developing
CUST-5439,Kabir Roy,357,1,1907.67,3,3,4,10,Loyal
CUST-5439,Kabir Singh,523,1,3211.91,4,3,5,12,Champions
CUST-5439,Riya Gupta,684,1,995.15,5,3,4,12,Champions
CUST-5440,Isha Sinha,89,1,489.35,1,3,2,6,Developing
CUST-5441,Arjun Das,717,1,548.22,5,3,3,11,Loyal
CUST-5442,Meera Das,259,1,489.86,2,3,2,7,Developing
CUST-5443,Aditya Jha,505,1,1424.78,4,3,4,11,Loyal
CUST-5443,Kabir Patel,702,1,210.28,5,3,1,9,Loyal
CUST-5443,Riya Sinha,353,1,1411.97,3,3,4,10,Loyal
CUST-5444,Isha Kumar,198,1,31.78,2,3,1,6,Developing
CUST-5444,Kabir Patel,382,1,1248.14,3,3,4,10,Loyal
CUST-5444,Vivaan Roy,574,1,632.71,4,3,3,10,Loyal
CUST-5445,Riya Verma,302,1,447.3,3,3,2,8,Developing
CUST-5446,Aarav Gupta,607,1,379.47,5,3,2,10,Loyal
CUST-5447,Meera Das,149,1,271.57,2,3,2,7,Developing
CUST-5448,Meera Sharma,265,1,136.75,2,3,1,6,Developing
CUST-5449,Aarav Das,396,1,961.51,3,3,4,10,Loyal
CUST-5450,Aditya Das,370,1,2206.74,3,3,5,11,Loyal
CUST-5450,Aditya Singh,360,1,919.82,3,3,3,9,Loyal
CUST-5451,Anaya Gupta,729,1,75.66,5,3,1,9,Loyal
CUST-5451,Anaya Singh,184,1,97.25,2,3,1,6,Developing
CUST-5451,Arjun Roy,282,1,78.24,2,3,1,6,Developing
CUST-5452,Aarav Das,547,1,386.26,4,3,2,9,Loyal
CUST-5452,Aditya Sharma,61,1,241.97,1,3,1,5,At Risk
CUST-5452,Anaya Singh,678,1,476.2,5,3,2,10,Loyal
CUST-5453,Anaya Jha,56,1,617.12,1,3,3,7,Developing
CUST-5453,Anaya Sinha,67,1,236.86,1,3,1,5,At Risk
CUST-5453,Diya Patel,681,1,2462.39,5,3,5,13,Champions
CUST-5453,Meera Jha,351,1,3520.84,3,3,5,11,Loyal
CUST-5454,Anaya Das,394,1,1445.07,3,3,4,10,Loyal
CUST-5454,Arjun Sharma,346,1,112.35,3,3,1,7,Developing
CUST-5457,Kabir Gupta,471,1,221.65,4,3,1,8,Developing
CUST-5458,Anaya Sinha,545,1,3521.19,4,3,5,12,Champions
CUST-5458,Isha Sharma,184,1,925.12,2,3,3,8,Developing
CUST-5458,Riya Jha,164,1,3639.55,2,3,5,10,Loyal
CUST-5458,Vivaan Patel,401,1,41.24,3,3,1,7,Developing
CUST-5459,Kabir Verma,68,1,2894.06,1,3,5,9,Loyal
CUST-5459,Riya Roy,359,1,224.62,3,3,1,7,Developing
CUST-5459,Vivaan Kumar,115,1,1002.71,1,3,4,8,Developing
CUST-5460,Aditya Jha,567,1,340.1,4,3,2,9,Loyal
CUST-5460,Anaya Sharma,683,1,226.45,5,3,1,9,Loyal
CUST-5461,Vivaan Verma,466,1,480.3,4,3,2,9,Loyal
CUST-5462,Meera Das,94,1,83.84,1,3,1,5,At Risk
CUST-5463,Aditya Patel,221,1,2249.64,2,3,5,10,Loyal
CUST-5463,Anaya Jha,357,1,1118.51,3,3,4,10,Loyal
CUST-5463,Anaya Patel,614,1,1097.66,5,3,4,12,Champions
CUST-5464,Anaya Roy,300,1,84.87,3,3,1,7,Developing
CUST-5465,Arjun Kumar,528,1,466.19,4,3,2,9,Loyal
CUST-5466,Isha Verma,25,1,967.88,1,3,4,8,Developing
CUST-5467,Anaya Sharma,654,1,634.38,5,3,3,11,Loyal
CUST-5467,Vivaan Singh,685,1,1030.26,5,3,4,12,Champions
CUST-5468,Aarav Patel,676,1,4615.88,5,3,5,13,Champions
CUST-5468,Riya Gupta,503,1,3242.74,4,3,5,12,Champions
CUST-5470,Isha Verma,318,1,267.74,3,3,2,8,Developing
CUST-5470,Kabir Jha,124,1,661.25,1,3,3,7,Developing
CUST-5471,Anaya Gupta,697,1,656.28,5,3,3,11,Loyal
CUST-5471,Arjun Roy,91,1,129.01,1,3,1,5,At Risk
CUST-5471,Isha Das,668,1,731.11,5,3,3,11,Loyal
CUST-5471,Isha Verma,330,1,305.87,3,3,2,8,Developing
CUST-5471,Riya Kumar,519,1,441.69,4,3,2,9,Loyal
CUST-5473,Kabir Patel,730,1,2404.66,5,3,5,13,Champions
CUST-5473,Meera Sinha,68,1,343.52,1,3,2,6,Developing
CUST-5474,Meera Sinha,547,1,3135.87,4,3,5,12,Champions
CUST-5474,Riya Gupta,385,1,62.1,3,3,1,7,Developing
CUST-5476,Arjun Verma,135,1,2232.5,1,3,5,9,Loyal
CUST-5476,Kabir Patel,374,1,618.19,3,3,3,9,Loyal
CUST-5477,Anaya Patel,129,1,362.58,1,3,2,6,Developing
CUST-5477,Diya Sharma,447,1,323.45,4,3,2,9,Loyal
CUST-5478,Anaya Singh,417,1,971.32,3,3,4,10,Loyal
CUST-5478,Kabir Das,563,1,382.0,4,3,2,9,Loyal
CUST-5478,Riya Verma,508,1,4794.62,4,3,5,12,Champions
CUST-5478,Vivaan Verma,666,1,408.31,5,3,2,10,Loyal
CUST-5479,Aditya Roy,649,1,714.28,5,3,3,11,Loyal
CUST-5479,Isha Verma,36,1,1723.3,1,3,4,8,Developing
CUST-5479,Riya Jha,580,1,339.72,4,3,2,9,Loyal
CUST-5479,Riya Singh,693,1,3653.62,5,3,5,13,Champions
CUST-5481,Aditya Verma,169,1,44.82,2,3,1,6,Developing
CUST-5482,Aarav Das,591,1,203.64,5,3,1,9,Loyal
CUST-5482,Aditya Jha,319,1,2250.95,3,3,5,11,Loyal
CUST-5482,Aditya Verma,301,1,1423.7,3,3,4,10,Loyal
CUST-5482,Anaya Sharma,125,1,555.64,1,3,3,7,Developing
CUST-5482,Arjun Singh,283,1,883.06,2,3,3,8,Developing
CUST-5482,Kabir Sinha,476,1,2231.47,4,3,5,12,Champions
CUST-5482,Meera Das,515,1,1006.12,4,3,4,11,Loyal
CUST-5484,Isha Das,674,1,118.59,5,3,1,9,Loyal
CUST-5485,Aditya Patel,273,1,234.8,2,3,1,6,Developing
CUST-5485,Riya Roy,57,1,4047.92,1,3,5,9,Loyal
CUST-5486,Arjun Sinha,538,1,758.9,4,3,3,10,Loyal
CUST-5487,Aarav Singh,592,1,822.27,5,3,3,11,Loyal
CUST-5488,Diya Sharma,417,1,459.31,3,3,2,8,Developing
CUST-5488,Meera Das,644,1,828.24,5,3,3,11,Loyal
CUST-5489,Vivaan Jha,55,1,560.63,1,3,3,7,Developing
CUST-5489,Vivaan Sharma,331,1,504.94,3,3,2,8,Developing
CUST-5490,Arjun Roy,593,1,2829.57,5,3,5,13,Champions
CUST-5490,Diya Sharma,701,1,19.28,5,3,1,9,Loyal
CUST-5492,Isha Sinha,240,1,474.9,2,3,2,7,Developing
CUST-5493,Anaya Patel,133,1,324.47,1,3,2,6,Developing
CUST-5494,Kabir Das,464,1,92.98,4,3,1,8,Developing
CUST-5494,Kabir Gupta,249,1,418.25,2,3,2,7,Developing
CUST-5496,Isha Jha,709,1,860.34,5,3,3,11,Loyal
CUST-5497,Arjun Jha,579,1,355.76,4,3,2,9,Loyal
CUST-5497,Kabir Roy,509,1,1988.04,4,3,5,12,Champions
CUST-5499,Isha Roy,182,1,728.56,2,3,3,8,Developing
CUST-5499,Vivaan Patel,412,1,654.36,3,3,3,9,Loyal
CUST-5500,Riya Verma,422,1,1319.6,3,3,4,10,Loyal
CUST-5501,Meera Jha,566,1,3209.68,4,3,5,12,Champions
CUST-5502,Anaya Roy,57,1,295.71,1,3,2,6,Developing
CUST-5502,Kabir Jha,691,1,415.69,5,3,2,10,Loyal
CUST-5503,Aarav Sharma,82,1,1689.47,1,3,4,8,Developing
CUST-5503,Isha Roy,723,1,155.94,5,3,1,9,Loyal
CUST-5503,Kabir Sinha,677,1,9.24,5,3,1,9,Loyal
CUST-5504,Aarav Patel,405,1,451.52,3,3,2,8,Developing
CUST-5504,Diya Roy,373,1,1215.97,3,3,4,10,Loyal
CUST-5504,Vivaan Roy,694,1,281.27,5,3,2,10,Loyal
CUST-5505,Aarav Sharma,522,1,2738.28,4,3,5,12,Champions
CUST-5505,Isha Sharma,64,1,241.88,1,3,1,5,At Risk
CUST-5506,Anaya Sinha,155,1,2201.93,2,3,5,10,Loyal
CUST-5506,Riya Sharma,674,1,501.41,5,3,2,10,Loyal
CUST-5507,Meera Verma,57,1,299.43,1,3,2,6,Developing
CUST-5507,Vivaan Jha,42,1,3803.98,1,3,5,9,Loyal
CUST-5509,Arjun Patel,561,1,1737.38,4,3,4,11,Loyal
CUST-5509,Isha Sharma,700,1,185.6,5,3,1,9,Loyal
CUST-5509,Kabir Sinha,721,1,3070.68,5,3,5,13,Champions
CUST-5510,Aditya Patel,489,1,386.26,4,3,2,9,Loyal
CUST-5510,Diya Roy,422,1,161.5,3,3,1,7,Developing
CUST-5512,Vivaan Jha,285,1,267.13,2,3,2,7,Developing
CUST-5513,Aditya Sharma,505,1,603.84,4,3,3,10,Loyal
CUST-5516,Anaya Sinha,572,1,2111.79,4,3,5,12,Champions
CUST-5516,Arjun Patel,562,1,1264.91,4,3,4,11,Loyal
CUST-5517,Anaya Kumar,583,1,1998.18,5,3,5,13,Champions
CUST-5518,Aarav Singh,357,1,374.25,3,3,2,8,Developing
CUST-5518,Aditya Jha,15,1,1021.7,1,3,4,8,Developing
CUST-5519,Riya Roy,193,1,217.28,2,3,1,6,Developing
CUST-5520,Riya Das,436,1,180.49,4,3,1,8,Developing
CUST-5521,Arjun Singh,225,1,130.4,2,3,1,6,Developing
CUST-5521,Kabir Sharma,594,1,855.64,5,3,3,11,Loyal
CUST-5523,Diya Singh,618,1,4204.82,5,3,5,13,Champions
CUST-5524,Aarav Jha,141,1,331.68,1,3,2,6,Developing
CUST-5524,Anaya Roy,515,1,792.48,4,3,3,10,Loyal
CUST-5524,Isha Jha,227,1,339.39,2,3,2,7,Developing
CUST-5524,Isha Singh,125,1,727.81,1,3,3,7,Developing
CUST-5525,Diya Sharma,113,1,89.4,1,3,1,5,At Risk
CUST-5525,Isha Kumar,670,1,2663.41,5,3,5,13,Champions
CUST-5529,Vivaan Sinha,376,1,902.41,3,3,3,9,Loyal
CUST-5530,Arjun Das,25,1,80.23,1,3,1,5,At Risk
CUST-5530,Arjun Kumar,36,1,2552.34,1,3,5,9,Loyal
CUST-5530,Diya Gupta,478,1,1358.74,4,3,4,11,Loyal
CUST-5530,Isha Das,169,1,1453.35,2,3,4,9,Loyal
CUST-5531,Anaya Patel,533,1,688.46,4,3,3,10,Loyal
CUST-5533,Riya Sinha,387,1,1044.89,3,3,4,10,Loyal
CUST-5535,Arjun Jha,509,1,2274.32,4,3,5,12,Champions
CUST-5535,Meera Sharma,594,1,705.71,5,3,3,11,Loyal
CUST-5536,Anaya Jha,440,1,722.33,4,3,3,10,Loyal
CUST-5536,Meera Sharma,419,1,243.86,3,3,1,7,Developing
CUST-5537,Anaya Kumar,302,1,1444.34,3,3,4,10,Loyal
CUST-5540,Aarav Roy,188,1,2035.5,2,3,5,10,Loyal
CUST-5540,Meera Das,347,1,2077.91,3,3,5,11,Loyal
CUST-5542,Meera Sharma,127,1,1849.99,1,3,4,8,Developing
CUST-5543,Arjun Gupta,130,1,3901.51,1,3,5,9,Loyal
CUST-5544,Meera Sinha,353,1,1358.64,3,3,4,10,Loyal
CUST-5545,Diya Gupta,382,1,30.35,3,3,1,7,Developing
CUST-5545,Diya Sharma,370,1,956.77,3,3,4,10,Loyal
CUST-5547,Aarav Sinha,429,1,627.07,3,3,3,9,Loyal
CUST-5549,Aarav Verma,558,1,967.13,4,3,4,11,Loyal
CUST-5549,Vivaan Roy,557,1,437.46,4,3,2,9,Loyal
CUST-5550,Diya Gupta,31,1,243.6,1,3,1,5,At Risk
CUST-5550,Diya Sharma,134,1,663.84,1,3,3,7,Developing
CUST-5550,Riya Roy,298,1,1867.76,3,3,4,10,Loyal
CUST-5552,Arjun Singh,310,1,3892.72,3,3,5,11,Loyal
CUST-5552,Kabir Verma,86,1,716.77,1,3,3,7,Developing
CUST-5552,Riya Sinha,627,1,530.16,5,3,3,11,Loyal
CUST-5553,Anaya Gupta,54,1,1185.31,1,3,4,8,Developing
CUST-5554,Riya Das,211,1,1322.8,2,3,4,9,Loyal
CUST-5555,Aditya Jha,215,1,241.42,2,3,1,6,Developing
CUST-5555,Aditya Roy,349,1,610.66,3,3,3,9,Loyal
CUST-5555,Anaya Sinha,592,1,1299.79,5,3,4,12,Champions
CUST-5555,Kabir Das,378,1,428.02,3,3,2,8,Developing
CUST-5556,Riya Sharma,680,1,657.05,5,3,3,11,Loyal
CUST-5557,Diya Singh,131,1,28.16,1,3,1,5,At Risk
CUST-5557,Isha Das,427,1,32.3,3,3,1,7,Developing
CUST-5557,Vivaan Verma,504,1,757.3,4,3,3,10,Loyal
CUST-5558,Arjun Das,649,1,1518.93,5,3,4,12,Champions
CUST-5559,Aarav Sinha,109,1,226.23,1,3,1,5,At Risk
CUST-5559,Isha Verma,507,1,5223.27,4,3,5,12,Champions
CUST-5559,Kabir Verma,611,1,883.18,5,3,3,11,Loyal
CUST-5561,Aarav Sinha,600,1,384.09,5,3,2,10,Loyal
CUST-5561,Arjun Jha,400,1,618.45,3,3,3,9,Loyal
CUST-5562,Anaya Sharma,310,1,998.04,3,3,4,10,Loyal
CUST-5564,Aarav Singh,43,1,177.81,1,3,1,5,At Risk
CUST-5564,Anaya Das,72,1,776.7,1,3,3,7,Developing
CUST-5565,Aditya Das,334,1,327.76,3,3,2,8,Developing
CUST-5566,Aarav Patel,290,1,1520.2,2,3,4,9,Loyal
CUST-5566,Aarav Verma,373,1,2406.55,3,3,5,11,Loyal
CUST-5566,Anaya Kumar,303,1,1291.36,3,3,4,10,Loyal
CUST-5566,Meera Sinha,132,1,817.39,1,3,3,7,Developing
CUST-5566,Vivaan Das,117,1,995.19,1,3,4,8,Developing
CUST-5567,Aarav Roy,360,1,400.33,3,3,2,8,Developing
CUST-5567,Anaya Verma,267,1,924.56,2,3,3,8,Developing
CUST-5567,Vivaan Verma,409,1,508.93,3,3,2,8,Developing
CUST-5568,Aditya Kumar,558,1,290.55,4,3,2,9,Loyal
CUST-5568,Arjun Verma,650,1,604.12,5,3,3,11,Loyal
CUST-5568,Kabir Singh,635,1,330.83,5,3,2,10,Loyal
CUST-5570,Aditya Das,119,1,921.05,1,3,3,7,Developing
CUST-5571,Anaya Roy,524,1,2034.54,4,3,5,12,Champions
CUST-5573,Anaya Das,46,1,590.99,1,3,3,7,Developing
CUST-5574,Arjun Gupta,80,1,413.42,1,3,2,6,Developing
CUST-5574,Vivaan Sinha,634,1,3976.97,5,3,5,13,Champions
CUST-5575,Aditya Roy,154,1,979.68,2,3,4,9,Loyal
CUST-5576,Anaya Kumar,227,1,5220.66,2,3,5,10,Loyal
CUST-5578,Aarav Gupta,14,1,563.54,1,3,3,7,Developing
CUST-5578,Kabir Kumar,82,1,244.7,1,3,2,6,Developing
CUST-5578,Riya Singh,268,1,1516.99,2,3,4,9,Loyal
CUST-5579,Anaya Verma,200,1,1735.8,2,3,4,9,Loyal
CUST-5580,Aditya Das,336,1,256.69,3,3,2,8,Developing
CUST-5580,Diya Verma,314,1,5210.73,3,3,5,11,Loyal
CUST-5580,Kabir Das,607,1,2838.66,5,3,5,13,Champions
CUST-5580,Riya Kumar,53,1,369.45,1,3,2,6,Developing
CUST-5581,Arjun Sinha,208,1,193.54,2,3,1,6,Developing
CUST-5581,Isha Das,94,1,202.22,1,3,1,5,At Risk
CUST-5582,Aarav Das,106,1,957.67,1,3,4,8,Developing
CUST-5582,Isha Roy,569,1,150.73,4,3,1,8,Developing
CUST-5583,Diya Roy,144,1,122.29,1,3,1,5,At Risk
CUST-5584,Aarav Roy,378,1,936.72,3,3,3,9,Loyal
CUST-5584,Kabir Patel,475,1,2259.74,4,3,5,12,Champions
CUST-5585,Arjun Gupta,564,1,369.21,4,3,2,9,Loyal
CUST-5585,Arjun Sinha,446,1,1993.32,4,3,5,12,Champions
CUST-5585,Kabir Das,351,1,1079.95,3,3,4,10,Loyal
CUST-5587,Arjun Sinha,644,1,462.64,5,3,2,10,Loyal
CUST-5587,Vivaan Jha,285,1,2119.08,2,3,5,10,Loyal
CUST-5588,Riya Singh,370,1,1158.84,3,3,4,10,Loyal
CUST-5589,Anaya Gupta,486,1,414.81,4,3,2,9,Loyal
CUST-5589,Anaya Patel,572,1,102.75,4,3,1,8,Developing
CUST-5590,Aarav Gupta,457,1,392.86,4,3,2,9,Loyal
CUST-5590,Aditya Gupta,329,1,221.59,3,3,1,7,Developing
CUST-5591,Anaya Singh,137,1,866.27,1,3,3,7,Developing
CUST-5591,Diya Kumar,389,1,3673.8,3,3,5,11,Loyal
CUST-5591,Riya Roy,313,1,925.05,3,3,3,9,Loyal
CUST-5591,Riya Verma,111,1,221.97,1,3,1,5,At Risk
CUST-5592,Arjun Jha,452,1,562.48,4,3,3,10,Loyal
CUST-5595,Arjun Kumar,486,1,1591.7,4,3,4,11,Loyal
CUST-5595,Isha Sharma,590,1,973.02,5,3,4,12,Champions
CUST-5595,Vivaan Gupta,92,1,1637.58,1,3,4,8,Developing
CUST-5595,Vivaan Verma,400,1,1755.52,3,3,4,10,Loyal
CUST-5598,Aarav Patel,549,1,2391.45,4,3,5,12,Champions
CUST-5599,Meera Gupta,564,1,503.29,4,3,2,9,Loyal
CUST-5600,Anaya Kumar,52,1,3339.25,1,3,5,9,Loyal
CUST-5601,Meera Verma,310,1,1244.09,3,3,4,10,Loyal
CUST-5602,Vivaan Sinha,550,1,1881.8,4,3,4,11,Loyal
CUST-5603,Anaya Roy,415,1,1011.26,3,3,4,10,Loyal
CUST-5603,Meera Jha,722,1,2261.64,5,3,5,13,Champions
CUST-5604,Arjun Das,121,1,2766.2,1,3,5,9,Loyal
CUST-5604,Vivaan Sinha,631,1,698.52,5,3,3,11,Loyal
CUST-5606,Anaya Das,554,1,3354.71,4,3,5,12,Champions
CUST-5607,Isha Kumar,547,1,1100.9,4,3,4,11,Loyal
CUST-5608,Vivaan Sinha,541,1,300.8,4,3,2,9,Loyal
CUST-5609,Vivaan Das,61,1,730.96,1,3,3,7,Developing
CUST-5610,Vivaan Kumar,421,1,3452.08,3,3,5,11,Loyal
CUST-5611,Diya Kumar,671,1,122.57,5,3,1,9,Loyal
CUST-5611,Meera Sharma,582,1,2039.47,5,3,5,13,Champions
CUST-5611,Meera Verma,51,1,345.97,1,3,2,6,Developing
CUST-5612,Aarav Sharma,366,1,2845.01,3,3,5,11,Loyal
CUST-5614,Arjun Sharma,196,1,1271.12,2,3,4,9,Loyal
CUST-5614,Kabir Sharma,151,1,64.43,2,3,1,6,Developing
CUST-5616,Diya Jha,80,1,2289.98,1,3,5,9,Loyal
CUST-5616,Meera Roy,204,1,462.66,2,3,2,7,Developing
CUST-5616,Vivaan Singh,277,1,2546.61,2,3,5,10,Loyal
CUST-5618,Anaya Patel,377,1,85.33,3,3,1,7,Developing
CUST-5618,Riya Roy,338,1,222.02,3,3,1,7,Developing
CUST-5619,Aditya Gupta,174,1,293.55,2,3,2,7,Developing
CUST-5620,Arjun Sinha,368,1,2333.65,3,3,5,11,Loyal
CUST-5620,Isha Kumar,279,1,344.86,2,3,2,7,Developing
CUST-5620,Isha Patel,720,1,743.41,5,3,3,11,Loyal
CUST-5621,Meera Kumar,274,1,3045.86,2,3,5,10,Loyal
CUST-5621,Meera Roy,435,1,597.91,4,3,3,10,Loyal
CUST-5623,Vivaan Kumar,252,1,3271.77,2,3,5,10,Loyal
CUST-5624,Arjun Verma,223,1,582.83,2,3,3,8,Developing
CUST-5625,Arjun Roy,41,2,1456.6000000000001,1,5,4,10,Loyal
CUST-5625,Isha Gupta,487,1,826.07,4,3,3,10,Loyal
CUST-5626,Anaya Kumar,707,1,3450.53,5,3,5,13,Champions
CUST-5626,Anaya Singh,149,1,2371.64,2,3,5,10,Loyal
CUST-5626,Diya Verma,591,1,347.23,5,3,2,10,Loyal
CUST-5626,Meera Singh,2,1,2302.33,1,3,5,9,Loyal
CUST-5627,Riya Singh,584,1,142.45,5,3,1,9,Loyal
CUST-5628,Isha Sinha,612,1,3017.99,5,3,5,13,Champions
CUST-5628,Kabir Gupta,181,1,4146.38,2,3,5,10,Loyal
CUST-5629,Aarav Das,461,1,753.66,4,3,3,10,Loyal
CUST-5629,Aarav Singh,290,1,440.52,2,3,2,7,Developing
CUST-5629,Isha Verma,294,1,441.55,3,3,2,8,Developing
CUST-5630,Anaya Roy,291,1,2075.53,2,3,5,10,Loyal
CUST-5630,Meera Singh,519,1,1333.37,4,3,4,11,Loyal
CUST-5631,Kabir Patel,637,1,1347.28,5,3,4,12,Champions
CUST-5632,Aditya Sharma,233,1,340.46,2,3,2,7,Developing
CUST-5633,Riya Sinha,162,1,233.0,2,3,1,6,Developing
CUST-5633,Vivaan Jha,94,1,114.31,1,3,1,5,At Risk
CUST-5634,Aditya Verma,217,1,1110.81,2,3,4,9,Loyal
CUST-5634,Kabir Jha,422,1,1948.44,3,3,5,11,Loyal
CUST-5636,Diya Verma,646,1,49.72,5,3,1,9,Loyal
CUST-5636,Vivaan Das,627,1,3879.71,5,3,5,13,Champions
CUST-5636,Vivaan Sinha,338,1,392.97,3,3,2,8,Developing
CUST-5637,Aditya Das,9,1,110.39,1,3,1,5,At Risk
CUST-5637,Anaya Sinha,323,1,300.12,3,3,2,8,Developing
CUST-5638,Isha Singh,391,1,146.9,3,3,1,7,Developing
CUST-5639,Aarav Sharma,634,1,2210.4,5,3,5,13,Champions
CUST-5640,Aditya Roy,31,1,167.77,1,3,1,5,At Risk
CUST-5641,Aditya Gupta,353,1,313.59,3,3,2,8,Developing
CUST-5642,Riya Verma,613,1,108.6,5,3,1,9,Loyal
CUST-5644,Aditya Singh,484,1,93.86,4,3,1,8,Developing
CUST-5644,Anaya Singh,707,1,140.6,5,3,1,9,Loyal
CUST-5644,Meera Roy,139,1,1476.01,1,3,4,8,Developing
CUST-5644,Riya Verma,280,1,136.74,2,3,1,6,Developing
CUST-5645,Arjun Sharma,140,1,515.83,1,3,2,6,Developing
CUST-5648,Kabir Das,621,1,238.71,5,3,1,9,Loyal
CUST-5650,Vivaan Verma,190,1,2323.21,2,3,5,10,Loyal
CUST-5651,Aarav Singh,86,1,1248.94,1,3,4,8,Developing
CUST-5651,Anaya Sinha,542,1,137.94,4,3,1,8,Developing
CUST-5651,Vivaan Jha,683,1,118.7,5,3,1,9,Loyal
CUST-5652,Anaya Gupta,18,1,2904.29,1,3,5,9,Loyal
CUST-5652,Arjun Sinha,179,1,1639.84,2,3,4,9,Loyal
CUST-5652,Diya Verma,190,1,3394.79,2,3,5,10,Loyal
CUST-5653,Vivaan Sharma,584,1,78.22,5,3,1,9,Loyal
CUST-5655,Kabir Singh,544,1,3268.31,4,3,5,12,Champions
CUST-5658,Anaya Roy,591,1,293.9,5,3,2,10,Loyal
CUST-5658,Riya Patel,703,1,750.51,5,3,3,11,Loyal
CUST-5658,Vivaan Sinha,282,1,1723.28,2,3,4,9,Loyal
CUST-5659,Arjun Kumar,153,1,485.96,2,3,2,7,Developing
CUST-5659,Vivaan Verma,554,1,263.38,4,3,2,9,Loyal
CUST-5661,Isha Verma,61,1,160.56,1,3,1,5,At Risk
CUST-5661,Riya Verma,78,1,1319.66,1,3,4,8,Developing
CUST-5663,Arjun Roy,726,1,2002.96,5,3,5,13,Champions
CUST-5663,Isha Kumar,572,1,636.82,4,3,3,10,Loyal
CUST-5664,Aarav Verma,328,1,1406.53,3,3,4,10,Loyal
CUST-5664,Kabir Das,115,1,309.65,1,3,2,6,Developing
CUST-5665,Arjun Gupta,677,1,1441.89,5,3,4,12,Champions
CUST-5666,Meera Kumar,730,1,1449.15,5,3,4,12,Champions
CUST-5668,Meera Roy,282,1,230.3,2,3,1,6,Developing
CUST-5670,Aarav Roy,326,1,223.09,3,3,1,7,Developing
CUST-5670,Isha Sharma,69,1,411.75,1,3,2,6,Developing
CUST-5670,Riya Singh,523,1,929.91,4,3,3,10,Loyal
CUST-5672,Aarav Jha,310,1,933.61,3,3,3,9,Loyal
CUST-5672,Anaya Jha,149,1,868.62,2,3,3,8,Developing
CUST-5672,Kabir Roy,263,1,850.11,2,3,3,8,Developing
CUST-5673,Aarav Patel,266,1,491.1,2,3,2,7,Developing
CUST-5674,Aditya Patel,637,1,682.45,5,3,3,11,Loyal
CUST-5674,Isha Das,234,1,687.96,2,3,3,8,Developing
CUST-5674,Meera Sinha,390,1,901.19,3,3,3,9,Loyal
CUST-5674,Riya Verma,250,1,778.14,2,3,3,8,Developing
CUST-5675,Kabir Roy,723,1,2012.06,5,3,5,13,Champions
CUST-5676,Riya Singh,555,1,577.9,4,3,3,10,Loyal
CUST-5677,Aditya Jha,229,1,164.8,2,3,1,6,Developing
CUST-5677,Aditya Verma,639,1,3547.4,5,3,5,13,Champions
CUST-5677,Vivaan Gupta,65,1,1971.17,1,3,5,9,Loyal
CUST-5678,Aarav Verma,652,1,976.35,5,3,4,12,Champions
CUST-5680,Arjun Gupta,353,1,338.14,3,3,2,8,Developing
CUST-5681,Vivaan Singh,75,1,202.08,1,3,1,5,At Risk
CUST-5682,Meera Patel,48,1,329.77,1,3,2,6,Developing
CUST-5683,Vivaan Patel,640,1,1033.22,5,3,4,12,Champions
CUST-5685,Diya Patel,227,1,1254.51,2,3,4,9,Loyal
CUST-5686,Riya Sharma,189,1,2513.23,2,3,5,10,Loyal
CUST-5686,Vivaan Sinha,687,1,2330.98,5,3,5,13,Champions
CUST-5687,Aarav Jha,701,1,101.73,5,3,1,9,Loyal
CUST-5687,Anaya Sharma,277,1,1597.73,2,3,4,9,Loyal
CUST-5689,Aarav Gupta,123,1,531.44,1,3,3,7,Developing
CUST-5689,Aarav Sinha,491,1,413.8,4,3,2,9,Loyal
CUST-5691,Aarav Jha,644,1,2138.01,5,3,5,13,Champions
CUST-5692,Meera Kumar,484,1,581.49,4,3,3,10,Loyal
CUST-5692,Meera Singh,586,1,237.71,5,3,1,9,Loyal
CUST-5694,Isha Jha,149,1,625.77,2,3,3,8,Developing
CUST-5694,Isha Sinha,683,1,374.61,5,3,2,10,Loyal
CUST-5694,Kabir Verma,577,1,692.37,4,3,3,10,Loyal
CUST-5695,Arjun Jha,491,1,100.88,4,3,1,8,Developing
CUST-5695,Kabir Patel,20,1,4326.48,1,3,5,9,Loyal
CUST-5696,Isha Roy,223,1,220.71,2,3,1,6,Developing
CUST-5700,Aditya Jha,220,1,48.49,2,3,1,6,Developing
CUST-5700,Isha Sinha,373,1,286.64,3,3,2,8,Developing
CUST-5701,Aarav Gupta,650,1,1487.27,5,3,4,12,Champions
CUST-5702,Riya Roy,469,1,141.59,4,3,1,8,Developing
CUST-5703,Aditya Das,512,1,1616.59,4,3,4,11,Loyal
CUST-5703,Aditya Kumar,396,1,1082.55,3,3,4,10,Loyal
CUST-5703,Aditya Sinha,599,1,3916.34,5,3,5,13,Champions
CUST-5703,Isha Patel,430,1,600.1,3,3,3,9,Loyal
CUST-5703,Meera Gupta,370,1,105.42,3,3,1,7,Developing
CUST-5704,Aarav Jha,340,1,508.34,3,3,2,8,Developing
CUST-5705,Riya Singh,618,1,2306.37,5,3,5,13,Champions
CUST-5707,Meera Jha,622,1,2166.31,5,3,5,13,Champions
CUST-5708,Isha Roy,5,1,1322.62,1,3,4,8,Developing
CUST-5709,Aarav Kumar,194,1,1912.41,2,3,4,9,Loyal
CUST-5709,Meera Jha,378,1,1959.34,3,3,5,11,Loyal
CUST-5709,Riya Singh,566,1,20.66,4,3,1,8,Developing
CUST-5710,Kabir Verma,107,1,788.51,1,3,3,7,Developing
CUST-5712,Isha Jha,546,1,2001.75,4,3,5,12,Champions
CUST-5713,Meera Jha,50,1,523.06,1,3,2,6,Developing
CUST-5713,Meera Kumar,285,1,1074.27,2,3,4,9,Loyal
CUST-5714,Anaya Jha,186,1,3553.76,2,3,5,10,Loyal
CUST-5714,Vivaan Jha,597,1,153.45,5,3,1,9,Loyal
CUST-5715,Anaya Singh,345,1,516.33,3,3,2,8,Developing
CUST-5715,Arjun Roy,266,1,1449.93,2,3,4,9,Loyal
CUST-5716,Diya Roy,80,1,292.18,1,3,2,6,Developing
CUST-5717,Isha Jha,481,1,897.47,4,3,3,10,Loyal
CUST-5717,Riya Patel,474,1,578.33,4,3,3,10,Loyal
CUST-5718,Aarav Patel,255,1,391.61,2,3,2,7,Developing
CUST-5719,Aarav Sharma,350,1,247.7,3,3,2,8,Developing
CUST-5719,Meera Kumar,101,1,704.88,1,3,3,7,Developing
CUST-5720,Vivaan Sharma,135,1,1164.39,1,3,4,8,Developing
CUST-5721,Arjun Kumar,47,1,3149.07,1,3,5,9,Loyal
CUST-5721,Meera Verma,460,1,906.15,4,3,3,10,Loyal
CUST-5722,Vivaan Roy,55,1,560.96,1,3,3,7,Developing
CUST-5723,Arjun Roy,720,1,116.59,5,3,1,9,Loyal
CUST-5723,Isha Jha,254,1,65.08,2,3,1,6,Developing
CUST-5723,Riya Singh,456,1,387.39,4,3,2,9,Loyal
CUST-5724,Anaya Kumar,278,1,1751.6,2,3,4,9,Loyal
CUST-5724,Isha Sinha,170,1,507.06,2,3,2,7,Developing
CUST-5724,Meera Singh,377,1,3566.09,3,3,5,11,Loyal
CUST-5725,Aditya Singh,222,1,775.8,2,3,3,8,Developing
CUST-5725,Kabir Sharma,104,1,146.67,1,3,1,5,At Risk
CUST-5726,Anaya Kumar,647,1,255.62,5,3,2,10,Loyal
CUST-5726,Kabir Jha,224,1,619.27,2,3,3,8,Developing
CUST-5728,Aditya Das,713,1,110.34,5,3,1,9,Loyal
CUST-5728,Aditya Verma,571,1,208.5,4,3,1,8,Developing
CUST-5728,Arjun Gupta,377,1,453.45,3,3,2,8,Developing
CUST-5728,Diya Roy,643,1,376.8,5,3,2,10,Loyal
CUST-5728,Meera Das,680,1,216.3,5,3,1,9,Loyal
CUST-5731,Anaya Roy,234,1,1085.18,2,3,4,9,Loyal
CUST-5731,Arjun Das,187,1,2454.54,2,3,5,10,Loyal
CUST-5731,Vivaan Roy,441,1,1965.86,4,3,5,12,Champions
CUST-5732,Kabir Patel,277,1,403.17,2,3,2,7,Developing
CUST-5733,Meera Verma,480,1,575.69,4,3,3,10,Loyal
CUST-5734,Aarav Jha,287,1,366.42,2,3,2,7,Developing
CUST-5734,Aarav Singh,194,1,189.02,2,3,1,6,Developing
CUST-5734,Diya Singh,227,1,501.6,2,3,2,7,Developing
CUST-5734,Riya Sharma,328,1,3484.23,3,3,5,11,Loyal
CUST-5735,Aarav Sharma,484,1,1530.69,4,3,4,11,Loyal
CUST-5737,Anaya Singh,200,1,2545.11,2,3,5,10,Loyal
CUST-5737,Vivaan Kumar,36,1,1457.2,1,3,4,8,Developing
CUST-5738,Aarav Singh,448,1,2395.04,4,3,5,12,Champions
CUST-5738,Riya Das,315,1,70.79,3,3,1,7,Developing
CUST-5742,Aarav Sinha,421,1,750.95,3,3,3,9,Loyal
CUST-5742,Isha Patel,712,1,107.11,5,3,1,9,Loyal
CUST-5742,Meera Patel,422,1,509.9,3,3,2,8,Developing
CUST-5743,Arjun Roy,547,1,1065.42,4,3,4,11,Loyal
CUST-5744,Diya Das,380,1,2394.2,3,3,5,11,Loyal
CUST-5744,Vivaan Jha,623,1,959.83,5,3,4,12,Champions
CUST-5745,Isha Das,472,1,266.01,4,3,2,9,Loyal
CUST-5745,Isha Verma,486,1,115.97,4,3,1,8,Developing
CUST-5750,Aditya Patel,418,1,452.95,3,3,2,8,Developing
CUST-5750,Kabir Verma,471,1,2001.05,4,3,5,12,Champions
CUST-5753,Vivaan Patel,93,1,347.97,1,3,2,6,Developing
CUST-5754,Vivaan Jha,525,1,163.29,4,3,1,8,Developing
CUST-5755,Riya Das,465,1,803.39,4,3,3,10,Loyal
CUST-5757,Aarav Verma,306,1,632.76,3,3,3,9,Loyal
CUST-5757,Aditya Kumar,581,1,2594.94,5,3,5,13,Champions
CUST-5757,Aditya Sharma,337,1,799.79,3,3,3,9,Loyal
CUST-5758,Isha Roy,135,1,222.83,1,3,1,5,At Risk
CUST-5759,Arjun Kumar,501,1,1220.84,4,3,4,11,Loyal
CUST-5759,Kabir Verma,620,1,2055.86,5,3,5,13,Champions
CUST-5760,Meera Verma,572,1,2649.78,4,3,5,12,Champions
CUST-5760,Vivaan Sinha,647,1,83.67,5,3,1,9,Loyal
CUST-5761,Aditya Das,602,1,1004.65,5,3,4,12,Champions
CUST-5762,Diya Patel,644,1,742.76,5,3,3,11,Loyal
CUST-5765,Aarav Singh,258,1,1498.06,2,3,4,9,Loyal
CUST-5765,Aditya Sinha,654,1,237.61,5,3,1,9,Loyal
CUST-5766,Vivaan Das,639,1,618.46,5,3,3,11,Loyal
CUST-5767,Aarav Kumar,251,1,557.1,2,3,3,8,Developing
CUST-5768,Isha Gupta,103,1,581.23,1,3,3,7,Developing
CUST-5768,Riya Sinha,384,1,4286.2,3,3,5,11,Loyal
CUST-5769,Arjun Roy,270,1,623.63,2,3,3,8,Developing
CUST-5770,Aarav Roy,620,1,93.0,5,3,1,9,Loyal
CUST-5770,Kabir Das,338,1,4154.13,3,3,5,11,Loyal
CUST-5770,Meera Kumar,244,1,837.87,2,3,3,8,Developing
CUST-5771,Aarav Roy,621,1,656.05,5,3,3,11,Loyal
CUST-5771,Meera Sharma,414,1,2895.58,3,3,5,11,Loyal
CUST-5772,Vivaan Jha,479,1,748.75,4,3,3,10,Loyal
CUST-5773,Riya Kumar,77,1,111.98,1,3,1,5,At Risk
CUST-5773,Riya Verma,726,1,760.92,5,3,3,11,Loyal
CUST-5774,Anaya Sharma,171,1,938.31,2,3,3,8,Developing
CUST-5774,Riya Verma,12,1,3206.25,1,3,5,9,Loyal
CUST-5776,Vivaan Das,349,1,178.23,3,3,1,7,Developing
CUST-5777,Riya Das,707,1,459.16,5,3,2,10,Loyal
CUST-5778,Diya Kumar,444,1,2330.35,4,3,5,12,Champions
CUST-5778,Vivaan Sharma,232,1,384.92,2,3,2,7,Developing
CUST-5779,Riya Verma,8,1,172.97,1,3,1,5,At Risk
CUST-5780,Arjun Jha,74,1,2508.75,1,3,5,9,Loyal
CUST-5780,Vivaan Kumar,306,1,2290.05,3,3,5,11,Loyal
CUST-5782,Diya Patel,40,1,584.58,1,3,3,7,Developing
CUST-5782,Isha Singh,479,1,3244.0,4,3,5,12,Champions
CUST-5782,Vivaan Sinha,161,1,1291.69,2,3,4,9,Loyal
CUST-5783,Meera Jha,591,1,1292.21,5,3,4,12,Champions
CUST-5783,Riya Verma,292,1,190.5,3,3,1,7,Developing
CUST-5784,Aditya Das,626,1,44.38,5,3,1,9,Loyal
CUST-5784,Arjun Sharma,116,1,1767.92,1,3,4,8,Developing
CUST-5784,Isha Verma,587,1,12.83,5,3,1,9,Loyal
CUST-5784,Vivaan Singh,568,1,2963.59,4,3,5,12,Champions
CUST-5785,Aarav Roy,610,1,431.77,5,3,2,10,Loyal
CUST-5785,Anaya Roy,237,1,134.53,2,3,1,6,Developing
CUST-5786,Vivaan Jha,118,1,1101.81,1,3,4,8,Developing
CUST-5787,Kabir Das,166,1,178.76,2,3,1,6,Developing
CUST-5788,Diya Sharma,347,1,1878.54,3,3,4,10,Loyal
CUST-5791,Anaya Das,641,1,172.02,5,3,1,9,Loyal
CUST-5791,Kabir Roy,636,1,919.03,5,3,3,11,Loyal
CUST-5792,Riya Singh,221,1,1972.76,2,3,5,10,Loyal
CUST-5793,Riya Sinha,417,1,454.87,3,3,2,8,Developing
CUST-5796,Arjun Jha,181,1,1158.26,2,3,4,9,Loyal
CUST-5796,Vivaan Gupta,379,1,400.73,3,3,2,8,Developing
CUST-5798,Aarav Roy,607,1,76.66,5,3,1,9,Loyal
CUST-5799,Anaya Roy,186,1,697.47,2,3,3,8,Developing
CUST-5799,Meera Kumar,106,1,698.12,1,3,3,7,Developing
CUST-5799,Meera Sinha,144,1,725.97,1,3,3,7,Developing
CUST-5800,Anaya Das,108,1,1710.91,1,3,4,8,Developing
CUST-5801,Aditya Das,135,1,408.12,1,3,2,6,Developing
CUST-5801,Isha Singh,96,1,67.32,1,3,1,5,At Risk
CUST-5802,Arjun Kumar,180,1,209.04,2,3,1,6,Developing
CUST-5802,Kabir Gupta,106,1,775.27,1,3,3,7,Developing
CUST-5803,Isha Kumar,103,1,238.27,1,3,1,5,At Risk
CUST-5805,Meera Singh,103,1,472.09,1,3,2,6,Developing
CUST-5806,Aarav Jha,597,1,2365.41,5,3,5,13,Champions
CUST-5806,Arjun Jha,522,1,140.87,4,3,1,8,Developing
CUST-5807,Aditya Kumar,679,1,471.59,5,3,2,10,Loyal
CUST-5807,Riya Sinha,185,1,2062.77,2,3,5,10,Loyal
CUST-5808,Aarav Verma,247,1,512.1,2,3,2,7,Developing
CUST-5808,Anaya Jha,437,1,295.78,4,3,2,9,Loyal
CUST-5808,Kabir Das,64,1,1156.43,1,3,4,8,Developing
CUST-5809,Diya Singh,232,1,250.49,2,3,2,7,Developing
CUST-5810,Riya Gupta,299,1,897.74,3,3,3,9,Loyal
CUST-5811,Diya Sinha,130,1,1499.54,1,3,4,8,Developing
CUST-5814,Arjun Jha,688,1,1671.3,5,3,4,12,Champions
CUST-5814,Kabir Sinha,20,1,4115.38,1,3,5,9,Loyal
CUST-5814,Vivaan Gupta,265,1,957.07,2,3,4,9,Loyal
CUST-5816,Diya Verma,601,1,48.85,5,3,1,9,Loyal
CUST-5816,Kabir Sinha,133,1,518.47,1,3,2,6,Developing
CUST-5816,Vivaan Jha,321,1,319.03,3,3,2,8,Developing
CUST-5817,Anaya Jha,83,1,2164.08,1,3,5,9,Loyal
CUST-5819,Aarav Verma,161,1,4719.41,2,3,5,10,Loyal
CUST-5819,Diya Verma,520,1,227.9,4,3,1,8,Developing
CUST-5819,Isha Jha,657,1,43.47,5,3,1,9,Loyal
CUST-5820,Aarav Verma,678,1,2289.68,5,3,5,13,Champions
CUST-5821,Aarav Verma,200,1,180.62,2,3,1,6,Developing
CUST-5822,Anaya Patel,44,1,2915.83,1,3,5,9,Loyal
CUST-5822,Isha Gupta,469,1,115.53,4,3,1,8,Developing
CUST-5822,Kabir Patel,289,1,3583.81,2,3,5,10,Loyal
CUST-5823,Anaya Gupta,491,1,257.79,4,3,2,9,Loyal
CUST-5824,Aarav Jha,627,1,653.28,5,3,3,11,Loyal
CUST-5824,Aditya Das,347,1,320.68,3,3,2,8,Developing
CUST-5824,Kabir Sharma,205,1,69.89,2,3,1,6,Developing
CUST-5824,Riya Das,657,1,1377.65,5,3,4,12,Champions
CUST-5824,Vivaan Roy,627,1,239.52,5,3,1,9,Loyal
CUST-5827,Aarav Verma,166,1,316.2,2,3,2,7,Developing
CUST-5827,Anaya Das,188,1,984.3,2,3,4,9,Loyal
CUST-5827,Anaya Patel,504,1,501.24,4,3,2,9,Loyal
CUST-5827,Anaya Sinha,199,1,541.19,2,3,3,8,Developing
CUST-5828,Diya Jha,218,1,1074.4,2,3,4,9,Loyal
CUST-5829,Anaya Kumar,610,1,568.28,5,3,3,11,Loyal
CUST-5829,Vivaan Verma,684,1,2126.94,5,3,5,13,Champions
CUST-5830,Aditya Verma,444,1,2372.76,4,3,5,12,Champions
CUST-5830,Diya Das,503,1,177.67,4,3,1,8,Developing
CUST-5831,Anaya Gupta,272,1,474.47,2,3,2,7,Developing
CUST-5831,Kabir Das,704,1,1994.89,5,3,5,13,Champions
CUST-5833,Anaya Gupta,178,1,1186.92,2,3,4,9,Loyal
CUST-5833,Arjun Kumar,490,1,1688.76,4,3,4,11,Loyal
CUST-5834,Meera Roy,683,1,137.18,5,3,1,9,Loyal
CUST-5834,Vivaan Jha,719,1,264.5,5,3,2,10,Loyal
CUST-5835,Aditya Gupta,341,2,2206.7,3,5,5,13,Champions
CUST-5835,Kabir Gupta,304,1,2528.67,3,3,5,11,Loyal
CUST-5835,Kabir Singh,380,1,800.78,3,3,3,9,Loyal
CUST-5835,Vivaan Gupta,407,1,1612.88,3,3,4,10,Loyal
CUST-5837,Isha Singh,480,1,1786.05,4,3,4,11,Loyal
CUST-5838,Diya Patel,288,1,408.45,2,3,2,7,Developing
CUST-5838,Meera Roy,540,1,442.66,4,3,2,9,Loyal
CUST-5838,Vivaan Gupta,67,1,1120.32,1,3,4,8,Developing
CUST-5839,Anaya Verma,257,1,68.65,2,3,1,6,Developing
CUST-5839,Diya Jha,115,1,416.48,1,3,2,6,Developing
CUST-5839,Isha Sinha,621,1,929.16,5,3,3,11,Loyal
CUST-5839,Riya Singh,641,1,2411.33,5,3,5,13,Champions
CUST-5840,Aarav Kumar,588,1,966.33,5,3,4,12,Champions
CUST-5840,Vivaan Sharma,151,1,179.46,2,3,1,6,Developing
CUST-5841,Aditya Jha,11,1,337.62,1,3,2,6,Developing
CUST-5841,Kabir Gupta,303,1,2984.31,3,3,5,11,Loyal
CUST-5841,Meera Sharma,84,1,355.15,1,3,2,6,Developing
CUST-5842,Diya Roy,234,1,487.43,2,3,2,7,Developing
CUST-5842,Meera Sharma,359,1,2469.64,3,3,5,11,Loyal
CUST-5843,Anaya Singh,362,1,567.52,3,3,3,9,Loyal
CUST-5845,Isha Verma,42,1,679.77,1,3,3,7,Developing
CUST-5849,Anaya Verma,149,1,3947.11,2,3,5,10,Loyal
CUST-5850,Aarav Verma,676,1,362.57,5,3,2,10,Loyal
CUST-5851,Kabir Patel,635,1,1444.15,5,3,4,12,Champions
CUST-5852,Aditya Roy,643,1,446.28,5,3,2,10,Loyal
CUST-5854,Arjun Gupta,428,1,313.26,3,3,2,8,Developing
CUST-5854,Diya Roy,290,1,286.0,2,3,2,7,Developing
CUST-5855,Aarav Patel,696,1,388.22,5,3,2,10,Loyal
CUST-5855,Riya Patel,538,1,629.49,4,3,3,10,Loyal
CUST-5856,Anaya Verma,28,1,1041.11,1,3,4,8,Developing
CUST-5856,Vivaan Roy,658,1,306.84,5,3,2,10,Loyal
CUST-5857,Kabir Sharma,654,1,530.19,5,3,3,11,Loyal
CUST-5857,Vivaan Roy,646,1,722.05,5,3,3,11,Loyal
CUST-5860,Kabir Singh,681,1,1151.27,5,3,4,12,Champions
CUST-5860,Riya Das,457,1,23.49,4,3,1,8,Developing
CUST-5861,Aarav Patel,186,1,81.58,2,3,1,6,Developing
CUST-5861,Aarav Singh,21,1,412.53,1,3,2,6,Developing
CUST-5861,Arjun Jha,705,1,3935.45,5,3,5,13,Champions
CUST-5861,Isha Gupta,551,1,42.79,4,3,1,8,Developing
CUST-5862,Aarav Patel,429,1,133.65,3,3,1,7,Developing
CUST-5862,Diya Gupta,319,2,2711.83,3,5,5,13,Champions
CUST-5862,Diya Verma,546,1,1155.98,4,3,4,11,Loyal
CUST-5862,Riya Singh,562,1,1919.93,4,3,5,12,Champions
CUST-5862,Vivaan Sharma,333,1,676.49,3,3,3,9,Loyal
CUST-5863,Aarav Sharma,25,1,1943.87,1,3,5,9,Loyal
CUST-5863,Arjun Sinha,336,1,2162.98,3,3,5,11,Loyal
CUST-5864,Arjun Patel,224,1,736.39,2,3,3,8,Developing
CUST-5864,Arjun Verma,580,1,4082.54,4,3,5,12,Champions
CUST-5864,Kabir Verma,458,1,383.06,4,3,2,9,Loyal
CUST-5865,Aditya Sharma,78,1,464.7,1,3,2,6,Developing
CUST-5865,Arjun Jha,719,1,213.16,5,3,1,9,Loyal
CUST-5865,Diya Patel,677,1,285.33,5,3,2,10,Loyal
CUST-5866,Vivaan Sinha,503,1,1267.77,4,3,4,11,Loyal
CUST-5872,Aditya Singh,667,1,4863.06,5,3,5,13,Champions
CUST-5872,Anaya Jha,198,1,561.37,2,3,3,8,Developing
CUST-5872,Vivaan Sinha,716,1,291.83,5,3,2,10,Loyal
CUST-5873,Aarav Kumar,247,1,477.77,2,3,2,7,Developing
CUST-5873,Kabir Kumar,636,1,600.68,5,3,3,11,Loyal
CUST-5874,Arjun Roy,341,1,2364.78,3,3,5,11,Loyal
CUST-5875,Arjun Sinha,485,1,942.54,4,3,3,10,Loyal
CUST-5875,Meera Patel,67,1,348.59,1,3,2,6,Developing
CUST-5876,Aditya Sharma,362,1,575.78,3,3,3,9,Loyal
CUST-5877,Diya Jha,9,1,212.3,1,3,1,5,At Risk
CUST-5877,Isha Kumar,724,1,613.46,5,3,3,11,Loyal
CUST-5881,Kabir Verma,280,1,376.48,2,3,2,7,Developing
CUST-5882,Diya Sinha,350,1,267.36,3,3,2,8,Developing
CUST-5883,Kabir Kumar,140,1,47.45,1,3,1,5,At Risk
CUST-5883,Riya Roy,727,1,772.66,5,3,3,11,Loyal
CUST-5885,Arjun Kumar,4,1,173.8,1,3,1,5,At Risk
CUST-5885,Isha Sharma,357,1,479.49,3,3,2,8,Developing
CUST-5886,Aditya Gupta,505,1,691.81,4,3,3,10,Loyal
CUST-5887,Anaya Das,715,1,2485.15,5,3,5,13,Champions
CUST-5888,Aditya Kumar,418,1,1409.36,3,3,4,10,Loyal
CUST-5888,Meera Das,33,1,1889.32,1,3,4,8,Developing
CUST-5888,Vivaan Jha,541,1,402.64,4,3,2,9,Loyal
CUST-5889,Diya Gupta,383,1,324.23,3,3,2,8,Developing
CUST-5889,Isha Roy,494,1,173.03,4,3,1,8,Developing
CUST-5889,Meera Sharma,586,1,2580.39,5,3,5,13,Champions
CUST-5890,Arjun Patel,653,1,876.51,5,3,3,11,Loyal
CUST-5891,Anaya Jha,123,1,857.32,1,3,3,7,Developing
CUST-5891,Arjun Singh,246,1,481.74,2,3,2,7,Developing
CUST-5891,Vivaan Kumar,141,1,461.03,1,3,2,6,Developing
CUST-5893,Diya Gupta,362,1,679.24,3,3,3,9,Loyal
CUST-5893,Kabir Gupta,170,1,806.81,2,3,3,8,Developing
CUST-5893,Meera Gupta,421,1,2104.32,3,3,5,11,Loyal
CUST-5895,Isha Kumar,151,1,661.39,2,3,3,8,Developing
CUST-5896,Diya Kumar,75,1,452.91,1,3,2,6,Developing
CUST-5898,Riya Sharma,597,1,1119.49,5,3,4,12,Champions
CUST-5899,Anaya Sinha,610,1,2660.35,5,3,5,13,Champions
CUST-5902,Kabir Verma,468,1,170.78,4,3,1,8,Developing
CUST-5904,Aditya Das,663,1,1273.28,5,3,4,12,Champions
CUST-5906,Aarav Jha,7,1,800.01,1,3,3,7,Developing
CUST-5907,Aarav Verma,563,1,124.45,4,3,1,8,Developing
CUST-5907,Anaya Patel,652,1,164.87,5,3,1,9,Loyal
CUST-5907,Vivaan Verma,454,1,20.54,4,3,1,8,Developing
CUST-5908,Meera Das,461,1,42.57,4,3,1,8,Developing
CUST-5910,Aarav Jha,576,1,2406.93,4,3,5,12,Champions
CUST-5911,Aarav Kumar,170,1,1074.93,2,3,4,9,Loyal
CUST-5912,Aarav Gupta,189,1,3116.96,2,3,5,10,Loyal
CUST-5913,Diya Gupta,18,1,879.04,1,3,3,7,Developing
CUST-5913,Meera Kumar,444,1,419.15,4,3,2,9,Loyal
CUST-5914,Arjun Kumar,483,1,1278.96,4,3,4,11,Loyal
CUST-5915,Meera Patel,476,1,602.6,4,3,3,10,Loyal
CUST-5916,Aarav Roy,151,1,232.02,2,3,1,6,Developing
CUST-5916,Riya Patel,291,1,2190.8,2,3,5,10,Loyal
CUST-5917,Arjun Singh,355,1,286.97,3,3,2,8,Developing
CUST-5917,Diya Das,230,1,888.66,2,3,3,8,Developing
CUST-5917,Riya Patel,527,1,426.79,4,3,2,9,Loyal
CUST-5919,Anaya Kumar,511,1,4058.33,4,3,5,12,Champions
CUST-5920,Meera Singh,46,1,1310.43,1,3,4,8,Developing
CUST-5921,Isha Sharma,573,1,54.15,4,3,1,8,Developing
CUST-5921,Riya Kumar,559,1,624.06,4,3,3,10,Loyal
CUST-5921,Riya Roy,301,1,2651.36,3,3,5,11,Loyal
CUST-5923,Aarav Kumar,169,1,236.13,2,3,1,6,Developing
CUST-5923,Arjun Gupta,727,1,869.12,5,3,3,11,Loyal
CUST-5923,Diya Patel,246,1,2606.27,2,3,5,10,Loyal
CUST-5923,Vivaan Patel,194,1,2911.14,2,3,5,10,Loyal
CUST-5924,Diya Das,633,1,748.79,5,3,3,11,Loyal
CUST-5924,Isha Patel,149,1,160.81,2,3,1,6,Developing
CUST-5924,Meera Das,398,1,1702.36,3,3,4,10,Loyal
CUST-5925,Riya Kumar,239,1,882.65,2,3,3,8,Developing
CUST-5925,Vivaan Singh,581,1,178.25,5,3,1,9,Loyal
CUST-5928,Anaya Das,630,1,774.18,5,3,3,11,Loyal
CUST-5928,Arjun Das,714,1,2348.86,5,3,5,13,Champions
CUST-5929,Kabir Das,537,1,223.99,4,3,1,8,Developing
CUST-5930,Riya Sinha,462,1,451.48,4,3,2,9,Loyal
CUST-5931,Diya Kumar,276,1,280.0,2,3,2,7,Developing
CUST-5933,Vivaan Verma,680,1,896.15,5,3,3,11,Loyal
CUST-5934,Kabir Kumar,311,1,2168.14,3,3,5,11,Loyal
CUST-5934,Vivaan Gupta,357,1,213.77,3,3,1,7,Developing
CUST-5935,Kabir Das,328,1,933.99,3,3,3,9,Loyal
CUST-5936,Kabir Verma,487,1,851.25,4,3,3,10,Loyal
CUST-5936,Riya Kumar,502,1,308.8,4,3,2,9,Loyal
CUST-5936,Vivaan Sharma,36,1,3197.44,1,3,5,9,Loyal
CUST-5937,Diya Kumar,721,1,211.7,5,3,1,9,Loyal
CUST-5937,Kabir Kumar,693,1,1746.43,5,3,4,12,Champions
CUST-5938,Aarav Jha,407,1,3845.11,3,3,5,11,Loyal
CUST-5938,Isha Kumar,324,1,391.88,3,3,2,8,Developing
CUST-5939,Riya Jha,71,1,1949.33,1,3,5,9,Loyal
CUST-5940,Diya Roy,119,1,332.62,1,3,2,6,Developing
CUST-5943,Anaya Sharma,719,1,1902.53,5,3,4,12,Champions
CUST-5943,Anaya Verma,209,1,1166.92,2,3,4,9,Loyal
CUST-5944,Meera Sinha,306,1,2042.85,3,3,5,11,Loyal
CUST-5945,Aarav Roy,634,1,2681.22,5,3,5,13,Champions
CUST-5945,Arjun Kumar,70,1,247.75,1,3,2,6,Developing
CUST-5945,Arjun Sinha,653,1,152.4,5,3,1,9,Loyal
CUST-5945,Isha Kumar,356,1,848.16,3,3,3,9,Loyal
CUST-5945,Meera Gupta,96,1,1699.67,1,3,4,8,Developing
CUST-5946,Aarav Kumar,383,1,892.17,3,3,3,9,Loyal
CUST-5946,Arjun Singh,195,1,128.9,2,3,1,6,Developing
CUST-5946,Isha Roy,180,1,317.87,2,3,2,7,Developing
CUST-5946,Meera Kumar,533,1,754.86,4,3,3,10,Loyal
CUST-5947,Diya Sinha,220,1,2870.26,2,3,5,10,Loyal
CUST-5947,Vivaan Verma,484,1,4122.71,4,3,5,12,Champions
CUST-5949,Aditya Roy,270,1,566.59,2,3,3,8,Developing
CUST-5949,Meera Singh,137,1,860.83,1,3,3,7,Developing
CUST-5950,Aditya Kumar,675,1,1473.03,5,3,4,12,Champions
CUST-5950,Isha Kumar,221,1,1557.65,2,3,4,9,Loyal
CUST-5952,Isha Singh,350,1,985.73,3,3,4,10,Loyal
CUST-5953,Aditya Patel,524,1,120.51,4,3,1,8,Developing
CUST-5954,Meera Verma,113,1,2183.4,1,3,5,9,Loyal
CUST-5955,Aarav Jha,71,1,660.21,1,3,3,7,Developing
CUST-5955,Aditya Jha,721,1,558.04,5,3,3,11,Loyal
CUST-5955,Vivaan Singh,414,1,1252.15,3,3,4,10,Loyal
CUST-5957,Kabir Patel,147,1,4298.01,2,3,5,10,Loyal
CUST-5957,Meera Singh,339,1,1689.52,3,3,4,10,Loyal
CUST-5959,Kabir Sharma,523,1,717.19,4,3,3,10,Loyal
CUST-5960,Aarav Roy,696,1,341.96,5,3,2,10,Loyal
CUST-5960,Kabir Gupta,162,1,1197.19,2,3,4,9,Loyal
CUST-5960,Kabir Kumar,183,1,449.05,2,3,2,7,Developing
CUST-5961,Aarav Das,166,1,347.35,2,3,2,7,Developing
CUST-5961,Kabir Roy,435,1,1615.89,4,3,4,11,Loyal
CUST-5962,Aditya Das,58,1,2483.93,1,3,5,9,Loyal
CUST-5963,Aarav Jha,320,1,157.15,3,3,1,7,Developing
CUST-5963,Aarav Verma,514,1,1032.57,4,3,4,11,Loyal
CUST-5963,Diya Kumar,469,1,112.91,4,3,1,8,Developing
CUST-5963,Vivaan Gupta,31,1,851.23,1,3,3,7,Developing
CUST-5964,Anaya Sharma,450,1,252.07,4,3,2,9,Loyal
CUST-5965,Anaya Das,563,1,343.68,4,3,2,9,Loyal
CUST-5965,Diya Sinha,142,1,387.51,1,3,2,6,Developing
CUST-5967,Vivaan Gupta,434,1,1790.37,3,3,4,10,Loyal
CUST-5968,Aarav Sharma,410,1,515.26,3,3,2,8,Developing
CUST-5968,Diya Verma,71,1,605.75,1,3,3,7,Developing
CUST-5970,Diya Singh,388,1,1878.52,3,3,4,10,Loyal
CUST-5971,Isha Jha,318,1,98.86,3,3,1,7,Developing
CUST-5971,Vivaan Roy,178,1,512.04,2,3,2,7,Developing
CUST-5972,Aditya Sharma,248,1,431.39,2,3,2,7,Developing
CUST-5973,Riya Sharma,128,1,669.93,1,3,3,7,Developing
CUST-5974,Anaya Kumar,577,1,726.06,4,3,3,10,Loyal
CUST-5974,Arjun Jha,637,1,526.66,5,3,3,11,Loyal
CUST-5974,Isha Das,203,1,1036.32,2,3,4,9,Loyal
CUST-5974,Kabir Roy,2,1,2086.94,1,3,5,9,Loyal
CUST-5975,Meera Jha,161,1,590.42,2,3,3,8,Developing
CUST-5975,Riya Singh,544,1,388.11,4,3,2,9,Loyal
CUST-5977,Meera Singh,34,1,338.52,1,3,2,6,Developing
CUST-5979,Anaya Das,403,1,468.97,3,3,2,8,Developing
CUST-5980,Anaya Singh,3,1,790.39,1,3,3,7,Developing
CUST-5980,Vivaan Sharma,544,1,982.99,4,3,4,11,Loyal
CUST-5982,Aditya Patel,668,1,566.38,5,3,3,11,Loyal
CUST-5982,Arjun Sharma,340,1,122.18,3,3,1,7,Developing
CUST-5983,Anaya Verma,164,1,1292.09,2,3,4,9,Loyal
CUST-5983,Diya Jha,194,1,326.87,2,3,2,7,Developing
CUST-5983,Riya Patel,422,1,2634.95,3,3,5,11,Loyal
CUST-5984,Kabir Das,582,1,2947.26,5,3,5,13,Champions
CUST-5987,Riya Verma,654,1,92.59,5,3,1,9,Loyal
CUST-5990,Meera Singh,496,1,113.79,4,3,1,8,Developing
CUST-5993,Meera Singh,494,1,149.46,4,3,1,8,Developing
CUST-5993,Vivaan Singh,323,1,3333.59,3,3,5,11,Loyal
CUST-5994,Meera Sinha,377,1,254.25,3,3,2,8,Developing
CUST-5995,Anaya Kumar,191,1,135.17,2,3,1,6,Developing
CUST-5996,Arjun Verma,316,1,140.33,3,3,1,7,Developing
CUST-5996,Isha Kumar,6,1,2959.36,1,3,5,9,Loyal
CUST-5997,Aditya Sharma,340,1,315.06,3,3,2,8,Developing
CUST-5998,Arjun Sinha,177,1,1007.29,2,3,4,9,Loyal
CUST-5998,Isha Gupta,348,1,3357.53,3,3,5,11,Loyal
CUST-5998,Kabir Verma,434,1,342.77,3,3,2,8,Developing
CUST-6001,Kabir Das,437,1,4797.72,4,3,5,12,Champions
CUST-6001,Kabir Roy,101,1,1206.34,1,3,4,8,Developing
CUST-6002,Aarav Verma,552,1,1795.8,4,3,4,11,Loyal
CUST-6002,Anaya Verma,576,1,2066.04,4,3,5,12,Champions
CUST-6002,Kabir Patel,708,1,456.31,5,3,2,10,Loyal
CUST-6004,Aditya Roy,179,1,258.27,2,3,2,7,Developing
CUST-6004,Isha Das,592,1,825.87,5,3,3,11,Loyal
CUST-6005,Isha Roy,126,1,48.29,1,3,1,5,At Risk
CUST-6007,Meera Das,710,1,915.7,5,3,3,11,Loyal
CUST-6007,Vivaan Jha,302,1,1063.96,3,3,4,10,Loyal
CUST-6008,Isha Singh,323,1,696.99,3,3,3,9,Loyal
CUST-6009,Aditya Sharma,450,1,1157.36,4,3,4,11,Loyal
CUST-6009,Anaya Sharma,82,1,380.87,1,3,2,6,Developing
CUST-6010,Aarav Verma,419,1,467.55,3,3,2,8,Developing
CUST-6010,Anaya Roy,161,1,1130.3,2,3,4,9,Loyal
CUST-6011,Vivaan Roy,546,1,567.19,4,3,3,10,Loyal
CUST-6014,Aditya Roy,637,1,136.81,5,3,1,9,Loyal
CUST-6014,Vivaan Gupta,605,1,776.21,5,3,3,11,Loyal
CUST-6015,Aarav Roy,538,1,119.16,4,3,1,8,Developing
CUST-6017,Arjun Verma,446,1,2117.35,4,3,5,12,Champions
CUST-6018,Arjun Patel,58,1,3486.95,1,3,5,9,Loyal
CUST-6018,Diya Roy,607,1,774.03,5,3,3,11,Loyal
CUST-6018,Vivaan Sharma,613,1,1941.6,5,3,5,13,Champions
CUST-6019,Arjun Roy,52,1,1379.2,1,3,4,8,Developing
CUST-6019,Kabir Gupta,75,1,307.32,1,3,2,6,Developing
CUST-6019,Kabir Jha,516,1,2813.87,4,3,5,12,Champions
CUST-6020,Kabir Patel,559,1,2352.57,4,3,5,12,Champions
CUST-6021,Aarav Verma,393,1,754.98,3,3,3,9,Loyal
CUST-6021,Aditya Jha,301,1,187.6,3,3,1,7,Developing
CUST-6021,Aditya Sinha,723,1,136.13,5,3,1,9,Loyal
CUST-6027,Isha Singh,724,1,409.09,5,3,2,10,Loyal
CUST-6029,Aditya Sharma,421,1,233.0,3,3,1,7,Developing
CUST-6029,Kabir Kumar,729,1,787.46,5,3,3,11,Loyal
CUST-6032,Aarav Gupta,70,1,104.13,1,3,1,5,At Risk
CUST-6032,Arjun Kumar,313,1,167.9,3,3,1,7,Developing
CUST-6032,Riya Patel,52,1,2031.03,1,3,5,9,Loyal
CUST-6035,Kabir Kumar,138,1,684.02,1,3,3,7,Developing
CUST-6036,Anaya Singh,119,1,697.8,1,3,3,7,Developing
CUST-6036,Isha Gupta,21,1,199.58,1,3,1,5,At Risk
CUST-6038,Diya Roy,438,1,407.21,4,3,2,9,Loyal
CUST-6038,Kabir Roy,21,1,3399.56,1,3,5,9,Loyal
CUST-6038,Riya Gupta,330,1,3225.47,3,3,5,11,Loyal
CUST-6039,Kabir Patel,344,1,685.17,3,3,3,9,Loyal
CUST-6039,Vivaan Singh,291,1,716.75,2,3,3,8,Developing
CUST-6041,Aarav Singh,325,1,741.83,3,3,3,9,Loyal
CUST-6041,Aditya Gupta,505,1,1537.16,4,3,4,11,Loyal
CUST-6041,Anaya Verma,83,1,1560.04,1,3,4,8,Developing
CUST-6041,Diya Patel,333,1,217.88,3,3,1,7,Developing
CUST-6041,Isha Das,701,1,128.94,5,3,1,9,Loyal
CUST-6044,Diya Singh,434,1,462.37,3,3,2,8,Developing
CUST-6044,Vivaan Verma,563,1,3032.55,4,3,5,12,Champions
CUST-6045,Aditya Das,269,1,4010.46,2,3,5,10,Loyal
CUST-6046,Aarav Roy,570,1,202.69,4,3,1,8,Developing
CUST-6047,Kabir Gupta,536,1,1645.27,4,3,4,11,Loyal
CUST-6048,Arjun Gupta,135,1,4045.41,1,3,5,9,Loyal
CUST-6049,Anaya Sinha,243,1,2743.33,2,3,5,10,Loyal
CUST-6049,Riya Sinha,433,1,573.14,3,3,3,9,Loyal
CUST-6051,Diya Gupta,693,1,1418.3,5,3,4,12,Champions
CUST-6052,Diya Patel,424,1,2937.03,3,3,5,11,Loyal
CUST-6053,Riya Jha,556,1,243.94,4,3,1,8,Developing
CUST-6053,Vivaan Gupta,563,1,649.91,4,3,3,10,Loyal
CUST-6054,Kabir Sinha,239,1,38.53,2,3,1,6,Developing
CUST-6055,Aarav Kumar,91,1,420.83,1,3,2,6,Developing
CUST-6055,Anaya Das,390,1,608.92,3,3,3,9,Loyal
CUST-6056,Arjun Singh,567,1,5407.68,4,3,5,12,Champions
CUST-6057,Aarav Gupta,693,1,228.79,5,3,1,9,Loyal
CUST-6057,Aditya Sinha,540,1,2424.29,4,3,5,12,Champions
CUST-6057,Arjun Sinha,292,1,446.58,3,3,2,8,Developing
CUST-6057,Isha Patel,617,1,146.45,5,3,1,9,Loyal
CUST-6057,Isha Sharma,73,1,2491.54,1,3,5,9,Loyal
CUST-6060,Anaya Gupta,512,1,388.17,4,3,2,9,Loyal
CUST-6060,Arjun Das,544,1,3016.59,4,3,5,12,Champions
CUST-6060,Diya Verma,412,1,960.79,3,3,4,10,Loyal
CUST-6060,Riya Sharma,277,1,1066.07,2,3,4,9,Loyal
CUST-6061,Vivaan Das,652,1,2223.65,5,3,5,13,Champions
CUST-6062,Diya Kumar,228,1,441.21,2,3,2,7,Developing
CUST-6062,Diya Verma,368,1,445.27,3,3,2,8,Developing
CUST-6063,Aarav Roy,502,1,2273.17,4,3,5,12,Champions
CUST-6063,Aditya Roy,533,1,436.68,4,3,2,9,Loyal
CUST-6063,Riya Jha,625,1,3179.53,5,3,5,13,Champions
CUST-6064,Kabir Roy,320,1,168.92,3,3,1,7,Developing
CUST-6065,Arjun Jha,138,1,380.82,1,3,2,6,Developing
CUST-6066,Riya Das,697,1,342.98,5,3,2,10,Loyal
CUST-6067,Aditya Patel,689,1,973.44,5,3,4,12,Champions
CUST-6068,Kabir Singh,3,1,287.39,1,3,2,6,Developing
CUST-6069,Aarav Jha,384,1,1653.49,3,3,4,10,Loyal
CUST-6069,Aditya Das,587,1,804.66,5,3,3,11,Loyal
CUST-6069,Anaya Gupta,723,1,333.7,5,3,2,10,Loyal
CUST-6070,Riya Roy,555,1,1252.45,4,3,4,11,Loyal
CUST-6071,Anaya Sharma,540,1,139.44,4,3,1,8,Developing
CUST-6072,Isha Verma,618,1,1847.11,5,3,4,12,Champions
CUST-6072,Riya Singh,718,1,971.4,5,3,4,12,Champions
CUST-6072,Vivaan Kumar,276,1,566.99,2,3,3,8,Developing
CUST-6073,Kabir Sinha,528,1,206.03,4,3,1,8,Developing
CUST-6073,Vivaan Sharma,525,1,1475.62,4,3,4,11,Loyal
CUST-6075,Anaya Patel,122,1,1043.14,1,3,4,8,Developing
CUST-6078,Aditya Patel,4,1,1575.54,1,3,4,8,Developing
CUST-6078,Anaya Sharma,472,1,1914.61,4,3,4,11,Loyal
CUST-6079,Anaya Jha,382,1,903.77,3,3,3,9,Loyal
CUST-6079,Meera Patel,104,1,74.05,1,3,1,5,At Risk
CUST-6079,Vivaan Sharma,413,1,166.7,3,3,1,7,Developing
CUST-6080,Anaya Verma,257,1,1272.96,2,3,4,9,Loyal
CUST-6080,Isha Kumar,586,1,810.12,5,3,3,11,Loyal
CUST-6082,Diya Gupta,207,1,242.65,2,3,1,6,Developing
CUST-6083,Arjun Jha,683,1,2814.38,5,3,5,13,Champions
CUST-6083,Meera Kumar,122,1,125.42,1,3,1,5,At Risk
CUST-6083,Riya Verma,355,1,4010.09,3,3,5,11,Loyal
CUST-6084,Aarav Das,459,1,1300.39,4,3,4,11,Loyal
CUST-6084,Anaya Verma,622,1,447.18,5,3,2,10,Loyal
CUST-6084,Riya Verma,698,1,869.26,5,3,3,11,Loyal
CUST-6085,Arjun Singh,192,1,2650.72,2,3,5,10,Loyal
CUST-6085,Diya Verma,315,1,130.6,3,3,1,7,Developing
CUST-6085,Kabir Singh,611,1,1022.21,5,3,4,12,Champions
CUST-6088,Aarav Sharma,319,1,1096.18,3,3,4,10,Loyal
CUST-6088,Aditya Jha,459,1,2513.37,4,3,5,12,Champions
CUST-6088,Isha Roy,128,1,1465.4,1,3,4,8,Developing
CUST-6091,Anaya Kumar,64,1,368.85,1,3,2,6,Developing
CUST-6092,Anaya Sinha,372,1,1258.08,3,3,4,10,Loyal
CUST-6093,Aarav Sharma,147,1,1169.46,2,3,4,9,Loyal
CUST-6095,Anaya Kumar,492,1,497.14,4,3,2,9,Loyal
CUST-6097,Vivaan Sinha,729,1,1717.17,5,3,4,12,Champions
CUST-6098,Vivaan Verma,356,1,181.84,3,3,1,7,Developing
CUST-6099,Vivaan Sinha,420,1,85.33,3,3,1,7,Developing
CUST-6100,Riya Gupta,250,1,461.98,2,3,2,7,Developing
CUST-6101,Aarav Gupta,666,1,2943.72,5,3,5,13,Champions
CUST-6102,Aarav Gupta,208,1,2077.58,2,3,5,10,Loyal
CUST-6102,Diya Das,255,1,3946.28,2,3,5,10,Loyal
CUST-6103,Isha Roy,564,1,296.74,4,3,2,9,Loyal
CUST-6103,Meera Patel,2,1,619.21,1,3,3,7,Developing
CUST-6104,Anaya Jha,537,1,730.93,4,3,3,10,Loyal
CUST-6104,Kabir Roy,311,1,617.65,3,3,3,9,Loyal
CUST-6105,Riya Sinha,561,1,177.94,4,3,1,8,Developing
CUST-6106,Arjun Jha,350,1,1459.62,3,3,4,10,Loyal
CUST-6107,Vivaan Singh,285,1,2949.74,2,3,5,10,Loyal
CUST-6108,Aarav Sharma,286,1,181.92,2,3,1,6,Developing
CUST-6109,Aditya Jha,495,1,3754.04,4,3,5,12,Champions
CUST-6112,Arjun Roy,524,1,564.0,4,3,3,10,Loyal
CUST-6112,Arjun Singh,683,1,606.4,5,3,3,11,Loyal
CUST-6113,Anaya Sinha,483,1,350.75,4,3,2,9,Loyal
CUST-6113,Riya Jha,83,1,300.65,1,3,2,6,Developing
CUST-6114,Isha Patel,518,1,85.18,4,3,1,8,Developing
CUST-6117,Arjun Singh,187,1,2805.85,2,3,5,10,Loyal
CUST-6117,Diya Patel,66,1,1540.92,1,3,4,8,Developing
CUST-6119,Aarav Das,729,1,30.05,5,3,1,9,Loyal
CUST-6120,Kabir Kumar,456,1,1855.14,4,3,4,11,Loyal
CUST-6121,Kabir Sinha,240,1,585.24,2,3,3,8,Developing
CUST-6121,Meera Kumar,581,1,423.31,5,3,2,10,Loyal
CUST-6124,Arjun Jha,356,1,384.2,3,3,2,8,Developing
CUST-6125,Aarav Roy,306,1,518.3,3,3,2,8,Developing
CUST-6125,Kabir Roy,264,1,1118.71,2,3,4,9,Loyal
CUST-6126,Aditya Gupta,137,1,1413.77,1,3,4,8,Developing
CUST-6126,Kabir Das,352,1,58.16,3,3,1,7,Developing
CUST-6127,Aditya Kumar,729,1,466.93,5,3,2,10,Loyal
CUST-6127,Arjun Kumar,625,1,1445.96,5,3,4,12,Champions
CUST-6127,Diya Patel,635,1,147.58,5,3,1,9,Loyal
CUST-6127,Vivaan Das,663,1,1584.74,5,3,4,12,Champions
CUST-6129,Aarav Jha,668,1,5107.17,5,3,5,13,Champions
CUST-6129,Aditya Kumar,650,1,831.75,5,3,3,11,Loyal
CUST-6129,Diya Kumar,289,1,434.39,2,3,2,7,Developing
CUST-6130,Aarav Jha,127,1,2137.35,1,3,5,9,Loyal
CUST-6130,Riya Sharma,500,1,186.91,4,3,1,8,Developing
CUST-6131,Anaya Sharma,296,1,513.11,3,3,2,8,Developing
CUST-6131,Arjun Sinha,42,1,2494.68,1,3,5,9,Loyal
CUST-6133,Anaya Sinha,25,1,1047.89,1,3,4,8,Developing
CUST-6134,Diya Sinha,675,1,914.7,5,3,3,11,Loyal
CUST-6135,Kabir Singh,634,1,74.06,5,3,1,9,Loyal
CUST-6135,Riya Jha,506,1,765.05,4,3,3,10,Loyal
CUST-6136,Diya Verma,275,1,684.2,2,3,3,8,Developing
CUST-6136,Isha Sinha,62,1,405.57,1,3,2,6,Developing
CUST-6137,Anaya Gupta,713,1,3261.19,5,3,5,13,Champions
CUST-6137,Arjun Kumar,472,1,5348.45,4,3,5,12,Champions
CUST-6137,Riya Kumar,574,1,1042.89,4,3,4,11,Loyal
CUST-6140,Aditya Das,717,1,1742.46,5,3,4,12,Champions
CUST-6140,Kabir Sinha,686,1,318.89,5,3,2,10,Loyal
CUST-6141,Aarav Kumar,710,1,132.64,5,3,1,9,Loyal
CUST-6141,Diya Roy,521,1,2275.61,4,3,5,12,Champions
CUST-6142,Meera Gupta,362,1,703.39,3,3,3,9,Loyal
CUST-6143,Isha Jha,434,1,133.46,3,3,1,7,Developing
CUST-6144,Aditya Gupta,183,1,1425.19,2,3,4,9,Loyal
CUST-6145,Riya Patel,372,1,4697.89,3,3,5,11,Loyal
CUST-6147,Vivaan Jha,655,1,274.77,5,3,2,10,Loyal
CUST-6148,Arjun Das,19,1,314.86,1,3,2,6,Developing
CUST-6149,Aditya Das,526,1,1785.61,4,3,4,11,Loyal
CUST-6149,Meera Das,109,1,577.27,1,3,3,7,Developing
CUST-6150,Arjun Singh,621,1,86.1,5,3,1,9,Loyal
CUST-6150,Diya Das,62,1,117.99,1,3,1,5,At Risk
CUST-6150,Meera Das,539,1,1298.23,4,3,4,11,Loyal
CUST-6150,Riya Patel,403,1,1853.93,3,3,4,10,Loyal
CUST-6151,Aditya Patel,516,1,1222.55,4,3,4,11,Loyal
CUST-6151,Arjun Sinha,194,1,346.51,2,3,2,7,Developing
CUST-6151,Isha Sinha,69,1,218.81,1,3,1,5,At Risk
CUST-6151,Vivaan Singh,238,1,2966.55,2,3,5,10,Loyal
CUST-6153,Anaya Sinha,412,1,267.18,3,3,2,8,Developing
CUST-6154,Diya Gupta,518,1,2344.8,4,3,5,12,Champions
CUST-6155,Diya Sinha,685,1,2559.75,5,3,5,13,Champions
CUST-6155,Riya Sharma,135,1,2526.19,1,3,5,9,Loyal
CUST-6156,Isha Roy,589,1,1802.23,5,3,4,12,Champions
CUST-6156,Meera Singh,410,1,1463.26,3,3,4,10,Loyal
CUST-6157,Riya Das,576,1,309.58,4,3,2,9,Loyal
CUST-6158,Aarav Sharma,325,1,82.4,3,3,1,7,Developing
CUST-6159,Aditya Verma,464,1,523.58,4,3,2,9,Loyal
CUST-6160,Arjun Das,483,1,374.53,4,3,2,9,Loyal
CUST-6160,Kabir Roy,387,1,171.14,3,3,1,7,Developing
CUST-6160,Meera Gupta,558,1,543.86,4,3,3,10,Loyal
CUST-6161,Aarav Jha,120,1,65.36,1,3,1,5,At Risk
CUST-6161,Anaya Roy,331,1,1516.38,3,3,4,10,Loyal
CUST-6162,Anaya Patel,102,1,286.59,1,3,2,6,Developing
CUST-6162,Vivaan Kumar,667,1,3191.18,5,3,5,13,Champions
CUST-6163,Diya Patel,553,1,581.12,4,3,3,10,Loyal
CUST-6163,Vivaan Kumar,8,1,293.89,1,3,2,6,Developing
CUST-6164,Meera Kumar,567,1,507.97,4,3,2,9,Loyal
CUST-6165,Arjun Verma,256,1,2592.2,2,3,5,10,Loyal
CUST-6165,Isha Jha,50,1,581.67,1,3,3,7,Developing
CUST-6165,Riya Das,585,1,314.27,5,3,2,10,Loyal
CUST-6166,Aarav Verma,222,1,3369.45,2,3,5,10,Loyal
CUST-6166,Aditya Gupta,117,1,236.97,1,3,1,5,At Risk
CUST-6167,Aditya Singh,18,1,157.25,1,3,1,5,At Risk
CUST-6167,Anaya Sharma,353,1,551.41,3,3,3,9,Loyal
CUST-6168,Aditya Roy,135,1,260.81,1,3,2,6,Developing
CUST-6168,Anaya Jha,379,1,2054.33,3,3,5,11,Loyal
CUST-6168,Vivaan Jha,140,1,3530.56,1,3,5,9,Loyal
CUST-6171,Meera Jha,86,1,3284.94,1,3,5,9,Loyal
CUST-6171,Riya Gupta,264,1,272.37,2,3,2,7,Developing
CUST-6173,Aarav Sinha,18,1,753.66,1,3,3,7,Developing
CUST-6174,Meera Sinha,80,1,5453.65,1,3,5,9,Loyal
CUST-6175,Anaya Sharma,726,1,3103.03,5,3,5,13,Champions
CUST-6176,Isha Roy,248,1,25.84,2,3,1,6,Developing
CUST-6176,Vivaan Roy,410,1,274.54,3,3,2,8,Developing
CUST-6180,Anaya Jha,299,1,824.13,3,3,3,9,Loyal
CUST-6180,Kabir Sinha,691,1,357.28,5,3,2,10,Loyal
CUST-6183,Kabir Patel,721,1,273.33,5,3,2,10,Loyal
CUST-6185,Isha Sinha,674,1,363.61,5,3,2,10,Loyal
CUST-6185,Riya Patel,5,1,680.25,1,3,3,7,Developing
CUST-6186,Isha Patel,632,1,1634.45,5,3,4,12,Champions
CUST-6188,Aditya Gupta,164,1,116.83,2,3,1,6,Developing
CUST-6189,Aditya Gupta,137,1,750.29,1,3,3,7,Developing
CUST-6189,Arjun Jha,586,1,790.0,5,3,3,11,Loyal
CUST-6190,Anaya Gupta,242,1,668.43,2,3,3,8,Developing
CUST-6190,Isha Sinha,541,1,672.15,4,3,3,10,Loyal
CUST-6190,Meera Singh,215,1,250.43,2,3,2,7,Developing
CUST-6191,Meera Singh,125,1,2599.59,1,3,5,9,Loyal
CUST-6192,Arjun Sinha,315,1,848.18,3,3,3,9,Loyal
CUST-6192,Meera Patel,232,1,300.17,2,3,2,7,Developing
CUST-6192,Vivaan Sinha,715,1,3147.86,5,3,5,13,Champions
CUST-6194,Anaya Gupta,322,1,250.68,3,3,2,8,Developing
CUST-6195,Anaya Verma,239,1,575.92,2,3,3,8,Developing
CUST-6196,Aarav Patel,350,1,946.85,3,3,3,9,Loyal
CUST-6196,Isha Sinha,713,1,493.84,5,3,2,10,Loyal
CUST-6197,Vivaan Das,148,2,3791.1499999999996,2,5,5,12,Champions
CUST-6198,Meera Gupta,161,1,492.58,2,3,2,7,Developing
CUST-6199,Aarav Roy,448,1,569.07,4,3,3,10,Loyal
CUST-6199,Aditya Verma,551,1,646.12,4,3,3,10,Loyal
CUST-6199,Diya Singh,113,1,1132.02,1,3,4,8,Developing
CUST-6199,Diya Sinha,522,1,1207.22,4,3,4,11,Loyal
CUST-6200,Diya Singh,485,1,1328.28,4,3,4,11,Loyal
CUST-6200,Isha Kumar,444,1,1370.82,4,3,4,11,Loyal
CUST-6201,Diya Jha,514,1,2242.09,4,3,5,12,Champions
CUST-6201,Riya Singh,365,1,692.53,3,3,3,9,Loyal
CUST-6202,Diya Patel,476,1,133.27,4,3,1,8,Developing
CUST-6204,Aarav Sinha,96,1,303.06,1,3,2,6,Developing
CUST-6204,Diya Singh,541,1,831.29,4,3,3,10,Loyal
CUST-6204,Isha Verma,727,1,1036.43,5,3,4,12,Champions
CUST-6204,Vivaan Sinha,167,1,3496.14,2,3,5,10,Loyal
CUST-6205,Kabir Sharma,356,1,647.89,3,3,3,9,Loyal
CUST-6206,Vivaan Singh,256,1,37.45,2,3,1,6,Developing
CUST-6207,Isha Verma,179,1,3266.37,2,3,5,10,Loyal
CUST-6208,Meera Das,684,1,292.03,5,3,2,10,Loyal
CUST-6208,Vivaan Singh,505,1,3352.17,4,3,5,12,Champions
CUST-6209,Anaya Jha,75,1,321.53,1,3,2,6,Developing
CUST-6209,Riya Jha,299,1,375.5,3,3,2,8,Developing
CUST-6209,Riya Singh,659,1,1985.21,5,3,5,13,Champions
CUST-6210,Aarav Verma,679,1,1051.02,5,3,4,12,Champions
CUST-6211,Isha Das,429,1,358.83,3,3,2,8,Developing
CUST-6212,Anaya Gupta,604,1,497.29,5,3,2,10,Loyal
CUST-6212,Vivaan Jha,22,1,879.05,1,3,3,7,Developing
CUST-6213,Meera Roy,7,2,1084.9099999999999,1,5,4,10,Loyal
CUST-6216,Arjun Patel,103,1,535.61,1,3,3,7,Developing
CUST-6217,Aditya Kumar,190,1,821.95,2,3,3,8,Developing
CUST-6218,Aditya Das,606,1,2167.54,5,3,5,13,Champions
CUST-6218,Vivaan Patel,576,1,413.14,4,3,2,9,Loyal
CUST-6221,Arjun Kumar,92,1,2905.05,1,3,5,9,Loyal
CUST-6221,Kabir Sinha,37,1,1340.48,1,3,4,8,Developing
CUST-6222,Kabir Singh,3,1,285.37,1,3,2,6,Developing
CUST-6223,Aarav Kumar,727,1,44.81,5,3,1,9,Loyal
CUST-6223,Isha Jha,45,1,1048.19,1,3,4,8,Developing
CUST-6226,Arjun Das,520,1,3367.86,4,3,5,12,Champions
CUST-6227,Arjun Sinha,573,1,257.18,4,3,2,9,Loyal
CUST-6228,Anaya Sinha,692,1,4989.27,5,3,5,13,Champions
CUST-6228,Isha Verma,573,1,596.49,4,3,3,10,Loyal
CUST-6229,Kabir Das,678,1,1686.44,5,3,4,12,Champions
CUST-6229,Kabir Kumar,270,1,2068.15,2,3,5,10,Loyal
CUST-6229,Meera Verma,604,1,399.82,5,3,2,10,Loyal
CUST-6230,Diya Gupta,691,1,663.33,5,3,3,11,Loyal
CUST-6230,Diya Verma,410,1,113.5,3,3,1,7,Developing
CUST-6231,Aarav Kumar,328,1,1324.06,3,3,4,10,Loyal
CUST-6231,Riya Jha,598,1,800.42,5,3,3,11,Loyal
CUST-6232,Aditya Gupta,548,1,936.01,4,3,3,10,Loyal
CUST-6232,Riya Singh,350,1,1490.72,3,3,4,10,Loyal
CUST-6234,Kabir Das,382,1,52.81,3,3,1,7,Developing
CUST-6235,Kabir Kumar,637,1,3316.43,5,3,5,13,Champions
CUST-6237,Vivaan Singh,396,2,3393.09,3,5,5,13,Champions
CUST-6238,Isha Sharma,448,1,942.62,4,3,3,10,Loyal
CUST-6238,Meera Kumar,571,1,313.88,4,3,2,9,Loyal
CUST-6239,Isha Sinha,703,1,440.71,5,3,2,10,Loyal
CUST-6239,Riya Das,541,1,2375.67,4,3,5,12,Champions
CUST-6239,Vivaan Jha,698,1,378.33,5,3,2,10,Loyal
CUST-6241,Aditya Roy,309,1,1387.76,3,3,4,10,Loyal
CUST-6241,Isha Jha,88,1,1966.59,1,3,5,9,Loyal
CUST-6242,Meera Patel,556,1,127.47,4,3,1,8,Developing
CUST-6242,Meera Sinha,311,1,1550.5,3,3,4,10,Loyal
CUST-6242,Vivaan Das,342,1,2728.7,3,3,5,11,Loyal
CUST-6243,Anaya Roy,222,1,267.01,2,3,2,7,Developing
CUST-6243,Isha Sinha,387,1,1663.53,3,3,4,10,Loyal
CUST-6243,Riya Singh,289,1,460.07,2,3,2,7,Developing
CUST-6244,Meera Kumar,303,1,833.16,3,3,3,9,Loyal
CUST-6245,Vivaan Singh,700,1,882.65,5,3,3,11,Loyal
CUST-6246,Diya Verma,3,1,141.14,1,3,1,5,At Risk
CUST-6247,Meera Das,490,1,288.06,4,3,2,9,Loyal
CUST-6247,Riya Sinha,257,1,1506.07,2,3,4,9,Loyal
CUST-6249,Anaya Jha,31,1,436.08,1,3,2,6,Developing
CUST-6249,Isha Das,246,1,959.77,2,3,4,9,Loyal
CUST-6251,Isha Jha,342,1,1699.55,3,3,4,10,Loyal
CUST-6252,Aditya Roy,368,1,2856.14,3,3,5,11,Loyal
CUST-6253,Kabir Kumar,149,1,105.92,2,3,1,6,Developing
CUST-6253,Riya Verma,547,1,487.59,4,3,2,9,Loyal
CUST-6253,Vivaan Verma,179,1,251.24,2,3,2,7,Developing
CUST-6254,Isha Patel,677,1,1666.58,5,3,4,12,Champions
CUST-6255,Aarav Singh,622,1,698.0,5,3,3,11,Loyal
CUST-6255,Meera Sinha,666,1,469.71,5,3,2,10,Loyal
CUST-6257,Aditya Sinha,659,1,1545.62,5,3,4,12,Champions
CUST-6257,Riya Patel,588,1,1313.39,5,3,4,12,Champions
CUST-6260,Riya Roy,168,1,1814.24,2,3,4,9,Loyal
CUST-6261,Arjun Jha,641,1,1802.5,5,3,4,12,Champions
CUST-6262,Vivaan Roy,588,1,1022.28,5,3,4,12,Champions
CUST-6263,Anaya Verma,537,1,464.33,4,3,2,9,Loyal
CUST-6263,Isha Sharma,267,1,1254.37,2,3,4,9,Loyal
CUST-6264,Aditya Jha,261,1,2959.41,2,3,5,10,Loyal
CUST-6264,Vivaan Sinha,228,1,286.48,2,3,2,7,Developing
CUST-6265,Diya Gupta,98,1,349.14,1,3,2,6,Developing
CUST-6265,Vivaan Gupta,611,1,3421.53,5,3,5,13,Champions
CUST-6267,Anaya Das,224,1,3194.54,2,3,5,10,Loyal
CUST-6267,Isha Verma,494,1,1320.46,4,3,4,11,Loyal
CUST-6269,Isha Das,146,1,298.31,2,3,2,7,Developing
CUST-6269,Riya Verma,127,1,522.55,1,3,2,6,Developing
CUST-6270,Aarav Gupta,340,1,1637.93,3,3,4,10,Loyal
CUST-6270,Aditya Roy,93,1,1534.07,1,3,4,8,Developing
CUST-6270,Meera Jha,401,1,2404.85,3,3,5,11,Loyal
CUST-6271,Diya Verma,298,1,2709.51,3,3,5,11,Loyal
CUST-6271,Riya Roy,310,1,528.8,3,3,3,9,Loyal
CUST-6272,Aditya Verma,316,1,187.02,3,3,1,7,Developing
CUST-6273,Anaya Kumar,248,1,97.58,2,3,1,6,Developing
CUST-6273,Vivaan Verma,148,1,280.96,2,3,2,7,Developing
CUST-6274,Isha Gupta,622,1,207.74,5,3,1,9,Loyal
CUST-6275,Aditya Verma,586,1,986.62,5,3,4,12,Champions
CUST-6276,Meera Sharma,335,1,513.24,3,3,2,8,Developing
CUST-6276,Vivaan Kumar,98,1,173.26,1,3,1,5,At Risk
CUST-6277,Riya Roy,3,1,225.72,1,3,1,5,At Risk
CUST-6279,Isha Verma,504,1,378.87,4,3,2,9,Loyal
CUST-6279,Riya Gupta,150,1,920.0,2,3,3,8,Developing
CUST-6280,Anaya Kumar,240,1,74.65,2,3,1,6,Developing
CUST-6281,Meera Kumar,416,1,2045.42,3,3,5,11,Loyal
CUST-6283,Isha Jha,544,1,655.7,4,3,3,10,Loyal
CUST-6285,Arjun Sharma,117,1,1958.73,1,3,5,9,Loyal
CUST-6285,Vivaan Sharma,116,1,103.4,1,3,1,5,At Risk
CUST-6286,Arjun Patel,28,1,933.7,1,3,3,7,Developing
CUST-6287,Anaya Gupta,464,1,1697.83,4,3,4,11,Loyal
CUST-6289,Aarav Sharma,469,1,1040.31,4,3,4,11,Loyal
CUST-6289,Kabir Gupta,204,1,198.97,2,3,1,6,Developing
CUST-6290,Riya Patel,634,1,794.44,5,3,3,11,Loyal
CUST-6291,Isha Sinha,223,1,164.94,2,3,1,6,Developing
CUST-6291,Meera Das,309,1,2213.97,3,3,5,11,Loyal
CUST-6292,Anaya Sharma,209,1,2487.45,2,3,5,10,Loyal
CUST-6292,Isha Sharma,384,1,2683.75,3,3,5,11,Loyal
CUST-6293,Arjun Gupta,212,1,519.05,2,3,2,7,Developing
CUST-6293,Arjun Jha,154,1,4212.47,2,3,5,10,Loyal
CUST-6293,Isha Patel,116,1,1093.94,1,3,4,8,Developing
CUST-6293,Riya Sharma,183,1,860.44,2,3,3,8,Developing
CUST-6294,Aditya Sharma,290,1,2350.14,2,3,5,10,Loyal
CUST-6294,Kabir Kumar,196,1,1295.21,2,3,4,9,Loyal
CUST-6296,Arjun Verma,54,1,1062.45,1,3,4,8,Developing
CUST-6296,Kabir Das,276,1,193.02,2,3,1,6,Developing
CUST-6296,Meera Roy,635,1,249.44,5,3,2,10,Loyal
CUST-6298,Anaya Das,78,1,685.03,1,3,3,7,Developing
CUST-6298,Diya Gupta,730,1,283.69,5,3,2,10,Loyal
CUST-6299,Aarav Verma,29,1,542.8,1,3,3,7,Developing
CUST-6299,Anaya Sinha,267,1,803.49,2,3,3,8,Developing
CUST-6299,Isha Roy,278,1,1639.47,2,3,4,9,Loyal
CUST-6300,Anaya Roy,422,1,275.09,3,3,2,8,Developing
CUST-6300,Arjun Gupta,314,1,405.96,3,3,2,8,Developing
CUST-6305,Aarav Singh,458,1,640.73,4,3,3,10,Loyal
CUST-6305,Aditya Jha,684,1,2010.0,5,3,5,13,Champions
CUST-6305,Anaya Sinha,148,1,427.15,2,3,2,7,Developing
CUST-6305,Meera Kumar,404,1,193.77,3,3,1,7,Developing
CUST-6305,Meera Singh,285,1,370.09,2,3,2,7,Developing
CUST-6306,Kabir Sinha,44,1,3422.01,1,3,5,9,Loyal
CUST-6306,Vivaan Gupta,427,1,541.37,3,3,3,9,Loyal
CUST-6307,Vivaan Sharma,353,1,610.87,3,3,3,9,Loyal
CUST-6308,Aditya Das,380,1,5298.83,3,3,5,11,Loyal
CUST-6308,Kabir Das,544,1,563.94,4,3,3,10,Loyal
CUST-6310,Diya Sharma,76,1,1623.16,1,3,4,8,Developing
CUST-6310,Isha Das,184,1,276.03,2,3,2,7,Developing
CUST-6311,Arjun Patel,252,1,281.49,2,3,2,7,Developing
CUST-6311,Kabir Singh,604,1,743.25,5,3,3,11,Loyal
CUST-6312,Anaya Sharma,522,1,113.61,4,3,1,8,Developing
CUST-6313,Aditya Roy,100,1,307.35,1,3,2,6,Developing
CUST-6313,Isha Sharma,555,1,1117.14,4,3,4,11,Loyal
CUST-6317,Meera Patel,716,1,2378.6,5,3,5,13,Champions
CUST-6317,Meera Verma,716,1,730.51,5,3,3,11,Loyal
CUST-6318,Riya Jha,535,1,181.08,4,3,1,8,Developing
CUST-6319,Vivaan Verma,452,1,5029.57,4,3,5,12,Champions
CUST-6320,Meera Sinha,240,1,485.45,2,3,2,7,Developing
CUST-6322,Aarav Das,334,1,402.11,3,3,2,8,Developing
CUST-6322,Riya Singh,145,1,469.4,1,3,2,6,Developing
CUST-6324,Kabir Sinha,175,1,3173.44,2,3,5,10,Loyal
CUST-6324,Meera Gupta,122,1,1000.06,1,3,4,8,Developing
CUST-6325,Anaya Roy,483,1,5896.08,4,3,5,12,Champions
CUST-6325,Diya Roy,137,1,190.47,1,3,1,5,At Risk
CUST-6325,Riya Patel,371,1,142.02,3,3,1,7,Developing
CUST-6325,Vivaan Sinha,467,1,2346.84,4,3,5,12,Champions
CUST-6326,Diya Verma,242,1,461.78,2,3,2,7,Developing
CUST-6326,Vivaan Patel,334,1,2885.5,3,3,5,11,Loyal
CUST-6327,Anaya Roy,453,1,1248.89,4,3,4,11,Loyal
CUST-6327,Arjun Gupta,475,1,734.34,4,3,3,10,Loyal
CUST-6327,Arjun Verma,392,1,32.87,3,3,1,7,Developing
CUST-6327,Isha Gupta,386,1,2587.68,3,3,5,11,Loyal
CUST-6328,Meera Patel,503,1,3522.83,4,3,5,12,Champions
CUST-6329,Anaya Singh,504,1,155.22,4,3,1,8,Developing
CUST-6329,Isha Gupta,353,1,33.97,3,3,1,7,Developing
CUST-6330,Anaya Patel,313,1,277.62,3,3,2,8,Developing
CUST-6331,Isha Jha,6,1,418.02,1,3,2,6,Developing
CUST-6331,Riya Das,484,1,553.58,4,3,3,10,Loyal
CUST-6332,Isha Roy,227,1,386.94,2,3,2,7,Developing
CUST-6333,Anaya Das,203,1,1971.45,2,3,5,10,Loyal
CUST-6333,Vivaan Verma,202,1,540.14,2,3,3,8,Developing
CUST-6334,Aarav Kumar,685,1,3550.37,5,3,5,13,Champions
CUST-6334,Vivaan Patel,178,1,296.52,2,3,2,7,Developing
CUST-6335,Isha Sinha,200,1,263.63,2,3,2,7,Developing
CUST-6335,Kabir Jha,312,1,1229.29,3,3,4,10,Loyal
CUST-6336,Diya Roy,419,1,1786.1,3,3,4,10,Loyal
CUST-6336,Kabir Sharma,137,1,124.57,1,3,1,5,At Risk
CUST-6338,Arjun Kumar,314,1,1239.97,3,3,4,10,Loyal
CUST-6338,Vivaan Singh,456,1,864.3,4,3,3,10,Loyal
CUST-6339,Diya Roy,253,1,3584.34,2,3,5,10,Loyal
CUST-6341,Anaya Gupta,289,1,142.68,2,3,1,6,Developing
CUST-6341,Arjun Gupta,138,1,1375.78,1,3,4,8,Developing
CUST-6341,Isha Kumar,725,1,1850.21,5,3,4,12,Champions
CUST-6342,Arjun Roy,657,1,648.46,5,3,3,11,Loyal
CUST-6342,Isha Kumar,460,1,54.95,4,3,1,8,Developing
CUST-6342,Isha Roy,107,1,698.98,1,3,3,7,Developing
CUST-6343,Aditya Sharma,537,1,2579.38,4,3,5,12,Champions
CUST-6343,Diya Kumar,621,1,847.19,5,3,3,11,Loyal
CUST-6345,Anaya Sinha,585,1,363.38,5,3,2,10,Loyal
CUST-6345,Meera Kumar,223,1,754.52,2,3,3,8,Developing
CUST-6347,Isha Verma,599,1,153.64,5,3,1,9,Loyal
CUST-6349,Isha Patel,664,1,774.24,5,3,3,11,Loyal
CUST-6349,Kabir Das,680,1,592.14,5,3,3,11,Loyal
CUST-6350,Aarav Singh,400,1,383.34,3,3,2,8,Developing
CUST-6350,Arjun Sharma,169,1,943.13,2,3,3,8,Developing
CUST-6350,Diya Das,159,1,2596.2,2,3,5,10,Loyal
CUST-6351,Meera Gupta,703,1,218.05,5,3,1,9,Loyal
CUST-6352,Riya Roy,136,1,1065.75,1,3,4,8,Developing
CUST-6353,Aditya Sinha,226,1,3695.02,2,3,5,10,Loyal
CUST-6353,Diya Patel,195,1,708.23,2,3,3,8,Developing
CUST-6355,Vivaan Das,168,1,85.15,2,3,1,6,Developing
CUST-6356,Aarav Singh,63,1,711.0,1,3,3,7,Developing
CUST-6356,Vivaan Kumar,240,1,93.71,2,3,1,6,Developing
CUST-6356,Vivaan Roy,51,1,626.3,1,3,3,7,Developing
CUST-6357,Vivaan Das,165,1,145.76,2,3,1,6,Developing
CUST-6359,Anaya Sinha,16,1,960.36,1,3,4,8,Developing
CUST-6359,Vivaan Gupta,556,1,674.1,4,3,3,10,Loyal
CUST-6360,Diya Sharma,116,1,224.16,1,3,1,5,At Risk
CUST-6360,Riya Gupta,651,1,3486.4,5,4,5,14,Champions
CUST-6361,Arjun Kumar,132,1,3415.49,1,4,5,10,Loyal
CUST-6361,Kabir Kumar,483,1,588.22,4,4,3,11,Loyal
CUST-6362,Anaya Patel,570,1,629.84,4,4,3,11,Loyal
CUST-6366,Aditya Gupta,223,1,329.98,2,4,2,8,Developing
CUST-6366,Kabir Sinha,196,1,2836.93,2,4,5,11,Loyal
CUST-6367,Aditya Gupta,545,1,461.5,4,4,2,10,Loyal
CUST-6368,Vivaan Jha,258,1,763.74,2,4,3,9,Loyal
CUST-6369,Isha Jha,273,1,200.43,2,4,1,7,Developing
CUST-6370,Anaya Singh,130,1,1293.28,1,4,4,9,Loyal
CUST-6370,Isha Singh,15,1,601.27,1,4,3,8,Developing
CUST-6372,Aditya Singh,178,1,357.36,2,4,2,8,Developing
CUST-6374,Aditya Sharma,704,1,116.07,5,4,1,10,Loyal
CUST-6374,Isha Sinha,421,1,527.67,3,4,3,10,Loyal
CUST-6375,Diya Verma,418,1,4036.96,3,4,5,12,Champions
CUST-6377,Aditya Patel,37,1,2701.9,1,4,5,10,Loyal
CUST-6378,Diya Jha,283,1,580.04,2,4,3,9,Loyal
CUST-6378,Kabir Patel,115,1,1424.57,1,4,4,9,Loyal
CUST-6379,Meera Patel,117,1,668.1,1,4,3,8,Developing
CUST-6379,Riya Patel,704,1,47.8,5,4,1,10,Loyal
CUST-6380,Diya Kumar,392,1,119.01,3,4,1,8,Developing
CUST-6380,Vivaan Verma,318,1,2665.51,3,4,5,12,Champions
CUST-6381,Anaya Roy,602,1,1059.04,5,4,4,13,Champions
CUST-6382,Diya Patel,186,1,1947.79,2,4,5,11,Loyal
CUST-6383,Diya Roy,623,1,307.69,5,4,2,11,Loyal
CUST-6384,Isha Singh,211,1,114.72,2,4,1,7,Developing
CUST-6384,Meera Kumar,652,1,38.11,5,4,1,10,Loyal
CUST-6385,Aarav Jha,307,1,470.9,3,4,2,9,Loyal
CUST-6385,Kabir Jha,123,1,787.5,1,4,3,8,Developing
CUST-6386,Isha Roy,376,1,707.02,3,4,3,10,Loyal
CUST-6386,Meera Roy,497,1,116.42,4,4,1,9,Loyal
CUST-6387,Diya Patel,368,1,2473.67,3,4,5,12,Champions
CUST-6388,Kabir Singh,25,1,286.86,1,4,2,7,Developing
CUST-6388,Meera Kumar,135,1,898.81,1,4,3,8,Developing
CUST-6389,Diya Patel,611,1,2069.28,5,4,5,14,Champions
CUST-6389,Meera Jha,39,1,260.92,1,4,2,7,Developing
CUST-6392,Aditya Kumar,299,1,315.99,3,4,2,9,Loyal
CUST-6392,Arjun Verma,553,1,359.53,4,4,2,10,Loyal
CUST-6393,Riya Kumar,417,1,1115.44,3,4,4,11,Loyal
CUST-6394,Aarav Das,729,1,475.15,5,4,2,11,Loyal
CUST-6395,Arjun Jha,384,1,2437.69,3,4,5,12,Champions
CUST-6397,Aarav Patel,459,1,2039.72,4,4,5,13,Champions
CUST-6399,Arjun Jha,389,1,718.53,3,4,3,10,Loyal
CUST-6399,Meera Sharma,240,1,1897.89,2,4,4,10,Loyal
CUST-6400,Riya Roy,325,1,938.62,3,4,3,10,Loyal
CUST-6400,Vivaan Sharma,699,1,713.74,5,4,3,12,Champions
CUST-6401,Aditya Das,37,1,886.59,1,4,3,8,Developing
CUST-6401,Arjun Patel,504,1,963.44,4,4,4,12,Champions
CUST-6401,Arjun Roy,278,1,1816.18,2,4,4,10,Loyal
CUST-6403,Aarav Roy,603,1,368.9,5,4,2,11,Loyal
CUST-6403,Aditya Singh,229,1,386.54,2,4,2,8,Developing
CUST-6405,Arjun Roy,511,1,672.76,4,4,3,11,Loyal
CUST-6405,Vivaan Verma,15,1,160.33,1,4,1,6,Developing
CUST-6407,Aarav Sinha,328,1,78.91,3,4,1,8,Developing
CUST-6407,Riya Roy,588,1,873.5,5,4,3,12,Champions
CUST-6408,Vivaan Roy,692,1,852.3,5,4,3,12,Champions
CUST-6410,Diya Singh,141,1,1237.34,1,4,4,9,Loyal
CUST-6410,Meera Patel,460,1,191.98,4,4,1,9,Loyal
CUST-6411,Isha Singh,472,1,898.79,4,4,3,11,Loyal
CUST-6412,Aditya Sinha,720,1,780.72,5,4,3,12,Champions
CUST-6412,Vivaan Verma,407,1,327.47,3,4,2,9,Loyal
CUST-6413,Isha Kumar,396,1,1910.35,3,4,4,11,Loyal
CUST-6413,Meera Verma,147,1,455.2,2,4,2,8,Developing
CUST-6413,Riya Roy,156,1,84.96,2,4,1,7,Developing
CUST-6414,Riya Roy,569,1,1372.28,4,4,4,12,Champions
CUST-6415,Riya Sinha,685,1,951.78,5,4,3,12,Champions
CUST-6417,Arjun Sinha,85,1,197.85,1,4,1,6,Developing
CUST-6418,Aditya Singh,74,1,228.21,1,4,1,6,Developing
CUST-6418,Arjun Sinha,131,1,689.61,1,4,3,8,Developing
CUST-6419,Anaya Das,561,1,336.15,4,4,2,10,Loyal
CUST-6419,Vivaan Roy,625,1,536.27,5,4,3,12,Champions
CUST-6420,Kabir Roy,36,1,2447.81,1,4,5,10,Loyal
CUST-6420,Meera Sharma,394,1,1223.76,3,4,4,11,Loyal
CUST-6420,Riya Gupta,486,1,609.18,4,4,3,11,Loyal
CUST-6420,Vivaan Sharma,250,1,2908.29,2,4,5,11,Loyal
CUST-6421,Isha Sinha,213,1,59.33,2,4,1,7,Developing
CUST-6423,Meera Singh,438,1,256.25,4,4,2,10,Loyal
CUST-6424,Aarav Singh,112,1,3310.89,1,4,5,10,Loyal
CUST-6424,Arjun Patel,197,1,809.21,2,4,3,9,Loyal
CUST-6427,Aditya Gupta,11,1,167.43,1,4,1,6,Developing
CUST-6427,Arjun Das,174,1,280.82,2,4,2,8,Developing
CUST-6427,Kabir Singh,709,1,291.89,5,4,2,11,Loyal
CUST-6429,Isha Kumar,672,1,758.32,5,4,3,12,Champions
CUST-6429,Vivaan Kumar,614,1,1599.88,5,4,4,13,Champions
CUST-6432,Aditya Jha,300,1,868.67,3,4,3,10,Loyal
CUST-6432,Riya Roy,69,1,57.28,1,4,1,6,Developing
CUST-6434,Diya Sharma,267,2,1924.1,2,5,5,12,Champions
CUST-6434,Isha Sharma,561,1,211.48,4,4,1,9,Loyal
CUST-6437,Arjun Singh,165,1,315.73,2,4,2,8,Developing
CUST-6438,Aditya Verma,628,1,1196.01,5,4,4,13,Champions
CUST-6438,Meera Roy,25,1,414.63,1,4,2,7,Developing
CUST-6439,Riya Verma,377,1,135.59,3,4,1,8,Developing
CUST-6440,Isha Sinha,192,1,165.71,2,4,1,7,Developing
CUST-6440,Kabir Jha,457,1,990.73,4,4,4,12,Champions
CUST-6440,Meera Das,193,1,1465.08,2,4,4,10,Loyal
CUST-6442,Aarav Kumar,524,1,57.23,4,4,1,9,Loyal
CUST-6442,Aditya Patel,12,1,283.2,1,4,2,7,Developing
CUST-6442,Isha Singh,478,1,282.81,4,4,2,10,Loyal
CUST-6442,Meera Sharma,179,1,1601.23,2,4,4,10,Loyal
CUST-6443,Arjun Patel,730,1,3256.59,5,4,5,14,Champions
CUST-6443,Diya Verma,675,1,376.79,5,4,2,11,Loyal
CUST-6443,Meera Verma,613,1,1149.39,5,4,4,13,Champions
CUST-6444,Arjun Sinha,320,1,42.66,3,4,1,8,Developing
CUST-6445,Anaya Jha,536,1,2879.29,4,4,5,13,Champions
CUST-6446,Diya Jha,360,1,458.01,3,4,2,9,Loyal
CUST-6446,Diya Roy,125,1,1438.84,1,4,4,9,Loyal
CUST-6448,Isha Roy,3,1,1109.9,1,4,4,9,Loyal
CUST-6448,Kabir Das,393,1,603.93,3,4,3,10,Loyal
CUST-6449,Kabir Gupta,325,1,146.28,3,4,1,8,Developing
CUST-6449,Kabir Kumar,445,1,402.79,4,4,2,10,Loyal
CUST-6450,Arjun Jha,293,1,201.51,3,4,1,8,Developing
CUST-6450,Isha Das,305,1,1247.07,3,4,4,11,Loyal
CUST-6450,Kabir Singh,561,1,1346.41,4,4,4,12,Champions
CUST-6452,Anaya Das,358,1,1528.29,3,4,4,11,Loyal
CUST-6452,Anaya Verma,487,1,245.12,4,4,2,10,Loyal
CUST-6453,Arjun Jha,152,1,454.79,2,4,2,8,Developing
CUST-6457,Kabir Sharma,495,1,620.96,4,4,3,11,Loyal
CUST-6457,Riya Jha,67,1,1029.69,1,4,4,9,Loyal
CUST-6458,Aditya Singh,679,1,2737.03,5,4,5,14,Champions
CUST-6458,Arjun Roy,621,1,4796.14,5,4,5,14,Champions
CUST-6459,Isha Sharma,297,1,584.77,3,4,3,10,Loyal
CUST-6460,Anaya Kumar,142,1,461.5,1,4,2,7,Developing
CUST-6461,Vivaan Sinha,382,1,462.6,3,4,2,9,Loyal
CUST-6462,Meera Jha,443,1,452.27,4,4,2,10,Loyal
CUST-6464,Aarav Sinha,607,1,593.63,5,4,3,12,Champions
CUST-6465,Riya Das,70,1,496.08,1,4,2,7,Developing
CUST-6466,Arjun Patel,117,1,659.08,1,4,3,8,Developing
CUST-6466,Riya Das,333,1,238.57,3,4,1,8,Developing
CUST-6466,Riya Verma,622,1,1234.81,5,4,4,13,Champions
CUST-6467,Anaya Verma,686,1,1063.33,5,4,4,13,Champions
CUST-6468,Aditya Kumar,701,1,230.48,5,4,1,10,Loyal
CUST-6468,Arjun Singh,83,1,980.81,1,4,4,9,Loyal
CUST-6468,Riya Kumar,164,1,1636.49,2,4,4,10,Loyal
CUST-6468,Riya Patel,482,1,368.46,4,4,2,10,Loyal
CUST-6469,Anaya Sharma,121,1,2781.04,1,4,5,10,Loyal
CUST-6470,Diya Das,413,1,597.37,3,4,3,10,Loyal
CUST-6472,Anaya Patel,480,1,2513.22,4,4,5,13,Champions
CUST-6473,Riya Gupta,233,1,78.77,2,4,1,7,Developing
CUST-6473,Vivaan Sharma,723,1,405.12,5,4,2,11,Loyal
CUST-6474,Isha Kumar,46,1,1083.74,1,4,4,9,Loyal
CUST-6475,Meera Roy,528,1,213.36,4,4,1,9,Loyal
CUST-6475,Meera Sinha,624,1,363.64,5,4,2,11,Loyal
CUST-6475,Vivaan Das,418,1,2670.75,3,4,5,12,Champions
CUST-6476,Kabir Sharma,251,1,615.06,2,4,3,9,Loyal
CUST-6477,Anaya Singh,306,1,3055.72,3,4,5,12,Champions
CUST-6479,Aditya Singh,186,1,240.38,2,4,1,7,Developing
CUST-6479,Kabir Gupta,649,2,1477.8000000000002,5,5,4,14,Champions
CUST-6479,Kabir Sharma,278,1,704.88,2,4,3,9,Loyal
CUST-6480,Anaya Sharma,116,1,174.36,1,4,1,6,Developing
CUST-6480,Arjun Roy,108,1,2208.78,1,4,5,10,Loyal
CUST-6482,Diya Verma,519,1,402.07,4,4,2,10,Loyal
CUST-6482,Riya Das,115,1,1043.11,1,4,4,9,Loyal
CUST-6483,Anaya Sharma,97,1,3534.89,1,4,5,10,Loyal
CUST-6485,Arjun Kumar,607,1,338.05,5,4,2,11,Loyal
CUST-6487,Diya Das,401,1,965.25,3,4,4,11,Loyal
CUST-6488,Kabir Verma,213,1,1224.56,2,4,4,10,Loyal
CUST-6489,Aarav Sinha,115,1,70.65,1,4,1,6,Developing
CUST-6489,Isha Jha,334,1,77.41,3,4,1,8,Developing
CUST-6490,Isha Das,392,1,365.39,3,4,2,9,Loyal
CUST-6490,Isha Sharma,552,1,3988.89,4,4,5,13,Champions
CUST-6491,Anaya Sinha,337,1,1034.39,3,4,4,11,Loyal
CUST-6493,Aarav Singh,685,1,32.27,5,4,1,10,Loyal
CUST-6493,Aditya Patel,481,1,2684.91,4,4,5,13,Champions
CUST-6493,Anaya Roy,344,1,1047.56,3,4,4,11,Loyal
CUST-6493,Anaya Sinha,21,1,234.12,1,4,1,6,Developing
CUST-6493,Kabir Verma,554,1,2082.89,4,4,5,13,Champions
CUST-6493,Riya Sinha,728,1,345.72,5,4,2,11,Loyal
CUST-6494,Riya Roy,20,1,782.66,1,4,3,8,Developing
CUST-6495,Arjun Patel,17,1,103.12,1,4,1,6,Developing
CUST-6495,Diya Jha,726,1,2647.21,5,4,5,14,Champions
CUST-6496,Diya Sinha,353,1,147.24,3,4,1,8,Developing
CUST-6497,Diya Roy,32,1,307.13,1,4,2,7,Developing
CUST-6498,Anaya Kumar,75,1,130.31,1,4,1,6,Developing
CUST-6498,Arjun Patel,95,1,2662.84,1,4,5,10,Loyal
CUST-6499,Arjun Jha,435,1,841.95,4,4,3,11,Loyal
CUST-6500,Diya Sharma,549,1,589.02,4,4,3,11,Loyal
CUST-6501,Isha Gupta,181,1,3477.16,2,4,5,11,Loyal
CUST-6501,Vivaan Kumar,103,1,1026.25,1,4,4,9,Loyal
CUST-6502,Arjun Sharma,513,1,649.14,4,4,3,11,Loyal
CUST-6502,Meera Sharma,730,1,530.65,5,4,3,12,Champions
CUST-6504,Aarav Sinha,717,1,561.23,5,4,3,12,Champions
CUST-6504,Diya Roy,225,1,787.22,2,4,3,9,Loyal
CUST-6504,Kabir Verma,133,1,1036.35,1,4,4,9,Loyal
CUST-6505,Meera Patel,634,1,334.19,5,4,2,11,Loyal
CUST-6506,Aarav Verma,350,1,1540.53,3,4,4,11,Loyal
CUST-6506,Aditya Gupta,650,1,313.52,5,4,2,11,Loyal
CUST-6506,Meera Verma,185,1,2321.34,2,4,5,11,Loyal
CUST-6508,Arjun Singh,522,1,284.64,4,4,2,10,Loyal
CUST-6508,Meera Patel,682,1,5829.1,5,4,5,14,Champions
CUST-6509,Aditya Das,569,1,573.78,4,4,3,11,Loyal
CUST-6509,Diya Sharma,83,1,951.17,1,4,3,8,Developing
CUST-6509,Kabir Gupta,179,1,157.47,2,4,1,7,Developing
CUST-6511,Aditya Sinha,321,1,624.83,3,4,3,10,Loyal
CUST-6512,Arjun Kumar,88,1,248.23,1,4,2,7,Developing
CUST-6513,Kabir Das,271,1,2994.72,2,4,5,11,Loyal
CUST-6515,Arjun Verma,450,1,212.01,4,4,1,9,Loyal
CUST-6516,Aarav Das,81,1,1820.49,1,4,4,9,Loyal
CUST-6516,Meera Sinha,386,1,547.34,3,4,3,10,Loyal
CUST-6517,Arjun Kumar,659,1,2645.18,5,4,5,14,Champions
CUST-6518,Anaya Sharma,707,1,589.21,5,4,3,12,Champions
CUST-6518,Arjun Patel,378,1,3514.73,3,4,5,12,Champions
CUST-6518,Riya Roy,62,1,2400.33,1,4,5,10,Loyal
CUST-6518,Vivaan Kumar,252,1,333.03,2,4,2,8,Developing
CUST-6520,Aarav Das,529,1,1951.95,4,4,5,13,Champions
CUST-6521,Arjun Das,634,1,558.45,5,4,3,12,Champions
CUST-6522,Aarav Sharma,666,1,840.73,5,4,3,12,Champions
CUST-6523,Aarav Gupta,510,1,487.22,4,4,2,10,Loyal
CUST-6523,Aditya Sharma,364,1,921.41,3,4,3,10,Loyal
CUST-6523,Vivaan Sinha,55,1,386.74,1,4,2,7,Developing
CUST-6525,Isha Kumar,359,1,667.34,3,4,3,10,Loyal
CUST-6527,Anaya Gupta,701,1,98.97,5,4,1,10,Loyal
CUST-6528,Aarav Verma,94,1,907.2,1,4,3,8,Developing
CUST-6528,Anaya Das,387,1,65.82,3,4,1,8,Developing
CUST-6528,Meera Gupta,530,1,869.61,4,4,3,11,Loyal
CUST-6529,Kabir Das,609,1,1165.29,5,4,4,13,Champions
CUST-6530,Aarav Sinha,266,1,1786.5,2,4,4,10,Loyal
CUST-6530,Kabir Sinha,294,1,583.5,3,4,3,10,Loyal
CUST-6531,Aarav Singh,724,1,3706.47,5,4,5,14,Champions
CUST-6531,Arjun Jha,683,1,2556.22,5,4,5,14,Champions
CUST-6531,Diya Jha,727,1,1754.58,5,4,4,13,Champions
CUST-6536,Aditya Sharma,543,1,111.18,4,4,1,9,Loyal
CUST-6536,Vivaan Singh,12,1,1627.65,1,4,4,9,Loyal
CUST-6537,Aditya Roy,5,1,3487.45,1,4,5,10,Loyal
CUST-6537,Riya Sharma,198,1,869.03,2,4,3,9,Loyal
CUST-6541,Anaya Sinha,248,1,885.61,2,4,3,9,Loyal
CUST-6541,Arjun Das,620,1,485.17,5,4,2,11,Loyal
CUST-6543,Arjun Sinha,391,1,432.03,3,4,2,9,Loyal
CUST-6544,Isha Sinha,69,1,3175.43,1,4,5,10,Loyal
CUST-6545,Kabir Kumar,328,1,1529.29,3,4,4,11,Loyal
CUST-6546,Aditya Gupta,334,1,660.65,3,4,3,10,Loyal
CUST-6546,Riya Singh,284,1,3981.91,2,4,5,11,Loyal
CUST-6547,Aarav Roy,561,1,2194.37,4,4,5,13,Champions
CUST-6547,Anaya Das,267,1,654.01,2,4,3,9,Loyal
CUST-6549,Riya Das,143,1,3182.89,1,4,5,10,Loyal
CUST-6549,Vivaan Patel,361,1,23.6,3,4,1,8,Developing
CUST-6550,Kabir Jha,231,1,1672.71,2,4,4,10,Loyal
CUST-6551,Isha Gupta,350,1,803.86,3,4,3,10,Loyal
CUST-6552,Anaya Jha,253,1,1111.38,2,4,4,10,Loyal
CUST-6552,Diya Sharma,206,1,379.62,2,4,2,8,Developing
CUST-6553,Aarav Das,584,1,527.5,5,4,3,12,Champions
CUST-6553,Anaya Das,94,1,31.05,1,4,1,6,Developing
CUST-6553,Arjun Gupta,222,1,3012.79,2,4,5,11,Loyal
CUST-6557,Kabir Das,91,1,93.92,1,4,1,6,Developing
CUST-6559,Aarav Sinha,646,1,646.64,5,4,3,12,Champions
CUST-6559,Anaya Das,358,1,1669.95,3,4,4,11,Loyal
CUST-6559,Meera Patel,283,1,446.25,2,4,2,8,Developing
CUST-6559,Vivaan Patel,272,1,4143.47,2,4,5,11,Loyal
CUST-6559,Vivaan Sinha,279,1,2402.47,2,4,5,11,Loyal
CUST-6560,Aditya Jha,94,1,1067.49,1,4,4,9,Loyal
CUST-6560,Arjun Patel,27,1,1539.21,1,4,4,9,Loyal
CUST-6562,Anaya Verma,99,1,592.46,1,4,3,8,Developing
CUST-6562,Arjun Singh,662,1,2168.1,5,4,5,14,Champions
CUST-6563,Anaya Kumar,269,1,1587.83,2,4,4,10,Loyal
CUST-6564,Isha Singh,183,1,1583.76,2,4,4,10,Loyal
CUST-6564,Kabir Das,403,1,915.45,3,4,3,10,Loyal
CUST-6564,Meera Sinha,506,1,244.71,4,4,2,10,Loyal
CUST-6565,Arjun Roy,701,1,119.96,5,4,1,10,Loyal
CUST-6566,Meera Sinha,389,1,1897.79,3,4,4,11,Loyal
CUST-6568,Kabir Sharma,157,1,3264.34,2,4,5,11,Loyal
CUST-6568,Riya Sharma,111,1,763.8,1,4,3,8,Developing
CUST-6568,Vivaan Jha,149,1,171.19,2,4,1,7,Developing
CUST-6570,Aditya Roy,697,1,553.38,5,4,3,12,Champions
CUST-6570,Riya Verma,230,1,917.92,2,4,3,9,Loyal
CUST-6572,Anaya Sharma,421,1,417.94,3,4,2,9,Loyal
CUST-6574,Arjun Roy,219,1,3073.23,2,4,5,11,Loyal
CUST-6574,Diya Patel,593,1,332.71,5,4,2,11,Loyal
CUST-6574,Isha Kumar,648,1,1218.22,5,4,4,13,Champions
CUST-6575,Aarav Sharma,103,1,2667.47,1,4,5,10,Loyal
CUST-6575,Isha Sinha,511,1,1092.07,4,4,4,12,Champions
CUST-6575,Riya Das,103,1,99.62,1,4,1,6,Developing
CUST-6576,Aditya Gupta,349,1,2610.36,3,4,5,12,Champions
CUST-6577,Aarav Singh,590,1,3522.66,5,4,5,14,Champions
CUST-6577,Anaya Roy,49,1,483.1,1,4,2,7,Developing
CUST-6578,Vivaan Sinha,73,1,1727.9,1,4,4,9,Loyal
CUST-6579,Kabir Singh,19,1,1779.4,1,4,4,9,Loyal
CUST-6579,Riya Jha,101,1,248.02,1,4,2,7,Developing
CUST-6581,Meera Roy,542,1,187.13,4,4,1,9,Loyal
CUST-6582,Aditya Patel,51,1,99.17,1,4,1,6,Developing
CUST-6584,Kabir Das,614,1,2323.5,5,4,5,14,Champions
CUST-6584,Kabir Sinha,331,1,2777.0,3,4,5,12,Champions
CUST-6584,Riya Kumar,393,1,617.23,3,4,3,10,Loyal
CUST-6585,Diya Gupta,479,1,250.27,4,4,2,10,Loyal
CUST-6585,Diya Jha,161,1,2224.83,2,4,5,11,Loyal
CUST-6585,Kabir Roy,461,1,313.59,4,4,2,10,Loyal
CUST-6586,Kabir Das,713,1,748.7,5,4,3,12,Champions
CUST-6586,Vivaan Patel,276,1,685.78,2,4,3,9,Loyal
CUST-6587,Anaya Singh,531,1,133.14,4,4,1,9,Loyal
CUST-6588,Aarav Gupta,234,1,1150.62,2,4,4,10,Loyal
CUST-6588,Isha Verma,154,1,1022.87,2,4,4,10,Loyal
CUST-6588,Riya Kumar,233,1,833.73,2,4,3,9,Loyal
CUST-6589,Meera Patel,139,1,1560.79,1,4,4,9,Loyal
CUST-6590,Aarav Singh,481,1,353.6,4,4,2,10,Loyal
CUST-6590,Diya Patel,159,1,1052.15,2,4,4,10,Loyal
CUST-6591,Aditya Das,257,1,537.28,2,4,3,9,Loyal
CUST-6591,Kabir Sinha,666,1,125.86,5,4,1,10,Loyal
CUST-6593,Vivaan Verma,604,1,2344.58,5,4,5,14,Champions
CUST-6594,Aditya Jha,685,1,690.56,5,4,3,12,Champions
CUST-6594,Arjun Das,415,1,47.92,3,4,1,8,Developing
CUST-6594,Riya Patel,452,1,2217.07,4,4,5,13,Champions
CUST-6596,Kabir Jha,500,1,2625.87,4,4,5,13,Champions
CUST-6597,Kabir Sharma,432,1,469.75,3,4,2,9,Loyal
CUST-6597,Meera Gupta,205,1,267.09,2,4,2,8,Developing
CUST-6598,Anaya Gupta,663,1,1106.41,5,4,4,13,Champions
CUST-6598,Diya Verma,659,1,630.56,5,4,3,12,Champions
CUST-6599,Aarav Gupta,129,1,48.1,1,4,1,6,Developing
CUST-6599,Arjun Sharma,501,1,477.05,4,4,2,10,Loyal
CUST-6599,Riya Jha,574,1,807.61,4,4,3,11,Loyal
CUST-6599,Riya Patel,276,1,605.55,2,4,3,9,Loyal
CUST-6600,Isha Sharma,362,1,2041.36,3,4,5,12,Champions
CUST-6600,Kabir Singh,330,1,838.96,3,4,3,10,Loyal
CUST-6601,Isha Das,242,1,146.38,2,4,1,7,Developing
CUST-6602,Aarav Das,490,1,872.22,4,4,3,11,Loyal
CUST-6603,Meera Verma,519,1,3728.25,4,4,5,13,Champions
CUST-6604,Anaya Verma,111,1,128.33,1,4,1,6,Developing
CUST-6604,Kabir Verma,567,1,435.38,4,4,2,10,Loyal
CUST-6604,Riya Roy,657,1,248.97,5,4,2,11,Loyal
CUST-6605,Kabir Patel,688,1,2511.92,5,4,5,14,Champions
CUST-6605,Riya Singh,604,1,1364.48,5,4,4,13,Champions
CUST-6606,Meera Das,322,1,118.63,3,4,1,8,Developing
CUST-6607,Vivaan Jha,328,1,583.95,3,4,3,10,Loyal
CUST-6608,Kabir Singh,709,1,2271.13,5,4,5,14,Champions
CUST-6609,Meera Singh,32,1,738.16,1,4,3,8,Developing
CUST-6611,Aditya Roy,260,1,728.59,2,4,3,9,Loyal
CUST-6611,Isha Sharma,335,1,451.45,3,4,2,9,Loyal
CUST-6612,Aditya Sinha,565,1,395.58,4,4,2,10,Loyal
CUST-6612,Diya Jha,49,1,344.43,1,4,2,7,Developing
CUST-6612,Kabir Sinha,184,1,1471.92,2,4,4,10,Loyal
CUST-6613,Anaya Patel,331,1,2129.6,3,4,5,12,Champions
CUST-6613,Diya Sharma,597,1,2503.45,5,4,5,14,Champions
CUST-6614,Vivaan Sinha,565,1,3351.76,4,4,5,13,Champions
CUST-6615,Riya Verma,430,1,15.98,3,4,1,8,Developing
CUST-6615,Vivaan Verma,531,1,2612.27,4,4,5,13,Champions
CUST-6617,Kabir Patel,124,1,3972.05,1,4,5,10,Loyal
CUST-6617,Vivaan Patel,635,1,3604.84,5,4,5,14,Champions
CUST-6618,Aditya Das,260,1,105.6,2,4,1,7,Developing
CUST-6618,Isha Das,159,1,979.89,2,4,4,10,Loyal
CUST-6618,Riya Sharma,13,1,425.74,1,4,2,7,Developing
CUST-6620,Aditya Sharma,292,1,571.36,3,4,3,10,Loyal
CUST-6620,Kabir Das,566,1,296.24,4,4,2,10,Loyal
CUST-6622,Aditya Das,681,1,107.59,5,4,1,10,Loyal
CUST-6622,Vivaan Gupta,633,1,806.71,5,4,3,12,Champions
CUST-6623,Isha Sharma,569,1,2221.69,4,4,5,13,Champions
CUST-6626,Aarav Singh,208,1,662.6,2,4,3,9,Loyal
CUST-6626,Riya Verma,681,1,701.28,5,4,3,12,Champions
CUST-6628,Aarav Verma,581,1,2465.2,5,4,5,14,Champions
CUST-6628,Aditya Jha,73,1,18.12,1,4,1,6,Developing
CUST-6628,Arjun Das,412,1,93.87,3,4,1,8,Developing
CUST-6628,Diya Roy,560,1,243.99,4,4,2,10,Loyal
CUST-6628,Diya Verma,587,1,1739.33,5,4,4,13,Champions
CUST-6628,Meera Sharma,595,1,1044.23,5,4,4,13,Champions
CUST-6628,Vivaan Kumar,456,1,1446.39,4,4,4,12,Champions
CUST-6629,Meera Gupta,560,1,709.28,4,4,3,11,Loyal
CUST-6629,Meera Sharma,459,1,1993.66,4,4,5,13,Champions
CUST-6630,Kabir Das,321,1,634.19,3,4,3,10,Loyal
CUST-6632,Aarav Patel,479,1,220.78,4,4,1,9,Loyal
CUST-6632,Aditya Verma,66,1,2388.23,1,4,5,10,Loyal
CUST-6632,Diya Gupta,150,1,597.45,2,4,3,9,Loyal
CUST-6632,Isha Roy,307,1,403.79,3,4,2,9,Loyal
CUST-6633,Kabir Roy,123,1,1662.8,1,4,4,9,Loyal
CUST-6634,Anaya Singh,227,1,645.94,2,4,3,9,Loyal
CUST-6634,Meera Gupta,615,1,428.18,5,4,2,11,Loyal
CUST-6635,Aditya Roy,26,1,1330.24,1,4,4,9,Loyal
CUST-6635,Isha Sinha,504,1,1609.71,4,4,4,12,Champions
CUST-6635,Meera Roy,304,1,55.26,3,4,1,8,Developing
CUST-6635,Vivaan Singh,326,1,2301.63,3,4,5,12,Champions
CUST-6636,Kabir Singh,97,1,1979.02,1,4,5,10,Loyal
CUST-6637,Aarav Gupta,699,1,1015.15,5,4,4,13,Champions
CUST-6637,Diya Gupta,55,1,375.32,1,4,2,7,Developing
CUST-6639,Isha Roy,339,1,253.9,3,4,2,9,Loyal
CUST-6640,Isha Sinha,227,1,784.61,2,4,3,9,Loyal
CUST-6642,Aditya Jha,169,1,1020.52,2,4,4,10,Loyal
CUST-6642,Diya Kumar,364,1,103.58,3,4,1,8,Developing
CUST-6642,Kabir Singh,185,1,616.92,2,4,3,9,Loyal
CUST-6643,Aditya Roy,285,1,324.73,2,4,2,8,Developing
CUST-6643,Meera Kumar,237,1,525.99,2,4,3,9,Loyal
CUST-6644,Aditya Kumar,623,1,2435.88,5,4,5,14,Champions
CUST-6644,Kabir Sharma,586,1,2301.16,5,4,5,14,Champions
CUST-6647,Meera Patel,337,1,547.12,3,4,3,10,Loyal
CUST-6648,Aarav Jha,220,1,756.61,2,4,3,9,Loyal
CUST-6648,Aditya Roy,445,1,5100.15,4,4,5,13,Champions
CUST-6648,Vivaan Patel,182,1,637.31,2,4,3,9,Loyal
CUST-6649,Meera Sharma,268,1,392.42,2,4,2,8,Developing
CUST-6649,Vivaan Patel,243,1,125.06,2,4,1,7,Developing
CUST-6650,Vivaan Patel,153,1,1661.03,2,4,4,10,Loyal
CUST-6650,Vivaan Sharma,395,1,1589.62,3,4,4,11,Loyal
CUST-6651,Diya Kumar,289,1,765.25,2,4,3,9,Loyal
CUST-6652,Diya Das,240,1,1723.07,2,4,4,10,Loyal
CUST-6655,Aditya Jha,56,1,238.41,1,4,1,6,Developing
CUST-6655,Diya Singh,456,1,2182.27,4,4,5,13,Champions
CUST-6656,Meera Singh,197,1,645.92,2,4,3,9,Loyal
CUST-6657,Anaya Roy,568,1,713.75,4,4,3,11,Loyal
CUST-6657,Arjun Verma,333,1,3207.18,3,4,5,12,Champions
CUST-6657,Isha Das,518,1,2868.34,4,4,5,13,Champions
CUST-6659,Isha Jha,560,1,52.91,4,4,1,9,Loyal
CUST-6659,Riya Roy,294,1,625.16,3,4,3,10,Loyal
CUST-6660,Aditya Singh,547,1,263.94,4,4,2,10,Loyal
CUST-6660,Anaya Patel,448,1,402.89,4,4,2,10,Loyal
CUST-6660,Kabir Patel,590,1,516.55,5,4,2,11,Loyal
CUST-6661,Aarav Sinha,203,1,1092.57,2,4,4,10,Loyal
CUST-6661,Anaya Gupta,552,1,274.99,4,4,2,10,Loyal
CUST-6661,Kabir Kumar,470,1,205.65,4,4,1,9,Loyal
CUST-6662,Arjun Sharma,457,1,3130.6,4,4,5,13,Champions
CUST-6663,Kabir Verma,557,1,858.61,4,4,3,11,Loyal
CUST-6664,Meera Roy,138,1,623.96,1,4,3,8,Developing
CUST-6664,Vivaan Patel,333,1,1696.03,3,4,4,11,Loyal
CUST-6666,Isha Singh,110,1,763.93,1,4,3,8,Developing
CUST-6667,Aarav Sinha,513,1,375.24,4,4,2,10,Loyal
CUST-6667,Isha Verma,675,1,1100.85,5,4,4,13,Champions
CUST-6670,Kabir Singh,239,1,1406.81,2,4,4,10,Loyal
CUST-6671,Diya Singh,231,1,130.63,2,4,1,7,Developing
CUST-6671,Isha Kumar,357,1,798.37,3,4,3,10,Loyal
CUST-6672,Kabir Verma,382,1,90.44,3,4,1,8,Developing
CUST-6672,Vivaan Sinha,398,1,1341.41,3,4,4,11,Loyal
CUST-6673,Anaya Gupta,582,1,1804.54,5,4,4,13,Champions
CUST-6673,Meera Das,478,1,1489.55,4,4,4,12,Champions
CUST-6674,Arjun Das,277,1,64.52,2,4,1,7,Developing
CUST-6674,Kabir Das,402,1,2171.33,3,4,5,12,Champions
CUST-6674,Meera Sinha,161,1,4220.56,2,4,5,11,Loyal
CUST-6675,Kabir Kumar,629,1,807.84,5,4,3,12,Champions
CUST-6676,Aditya Sinha,120,1,169.42,1,4,1,6,Developing
CUST-6676,Riya Gupta,473,1,1558.21,4,4,4,12,Champions
CUST-6677,Aarav Jha,670,1,2434.6,5,4,5,14,Champions
CUST-6677,Aditya Das,500,1,760.37,4,4,3,11,Loyal
CUST-6678,Anaya Das,532,1,1031.59,4,4,4,12,Champions
CUST-6678,Vivaan Patel,676,1,1364.54,5,4,4,13,Champions
CUST-6679,Aarav Patel,397,1,2306.79,3,4,5,12,Champions
CUST-6680,Aarav Sinha,115,1,267.79,1,4,2,7,Developing
CUST-6680,Aditya Sinha,727,1,234.23,5,4,1,10,Loyal
CUST-6681,Arjun Patel,542,1,676.29,4,4,3,11,Loyal
CUST-6682,Aarav Sinha,336,1,438.07,3,4,2,9,Loyal
CUST-6682,Diya Jha,417,1,2650.33,3,4,5,12,Champions
CUST-6682,Isha Patel,662,1,977.87,5,4,4,13,Champions
CUST-6687,Kabir Gupta,314,1,143.49,3,4,1,8,Developing
CUST-6688,Aditya Jha,368,1,2905.74,3,4,5,12,Champions
CUST-6688,Diya Kumar,587,1,899.83,5,4,3,12,Champions
CUST-6689,Aditya Sinha,517,1,491.3,4,4,2,10,Loyal
CUST-6689,Riya Kumar,276,1,78.41,2,4,1,7,Developing
CUST-6690,Arjun Jha,725,1,482.61,5,4,2,11,Loyal
CUST-6690,Arjun Kumar,575,1,787.84,4,4,3,11,Loyal
CUST-6691,Diya Sharma,598,1,513.99,5,4,2,11,Loyal
CUST-6695,Isha Gupta,17,1,194.98,1,4,1,6,Developing
CUST-6695,Isha Patel,146,1,397.81,2,4,2,8,Developing
CUST-6695,Vivaan Patel,298,1,1532.61,3,4,4,11,Loyal
CUST-6697,Aditya Sinha,547,1,2346.63,4,4,5,13,Champions
CUST-6697,Kabir Gupta,726,1,3931.29,5,4,5,14,Champions
CUST-6697,Vivaan Gupta,682,1,572.25,5,4,3,12,Champions
CUST-6698,Diya Singh,487,1,4045.77,4,4,5,13,Champions
CUST-6699,Diya Sharma,110,1,687.42,1,4,3,8,Developing
CUST-6699,Diya Singh,728,1,346.43,5,4,2,11,Loyal
CUST-6699,Vivaan Jha,632,1,1043.44,5,4,4,13,Champions
CUST-6700,Kabir Jha,318,1,2703.49,3,4,5,12,Champions
CUST-6700,Riya Verma,676,1,2471.29,5,4,5,14,Champions
CUST-6701,Arjun Singh,234,1,135.83,2,4,1,7,Developing
CUST-6701,Riya Das,312,1,1413.88,3,4,4,11,Loyal
CUST-6701,Vivaan Patel,251,1,1428.46,2,4,4,10,Loyal
CUST-6702,Diya Singh,16,1,427.14,1,4,2,7,Developing
CUST-6703,Meera Gupta,440,1,799.73,4,4,3,11,Loyal
CUST-6704,Kabir Roy,430,1,2038.51,3,4,5,12,Champions
CUST-6705,Isha Jha,292,1,1578.05,3,4,4,11,Loyal
CUST-6706,Anaya Kumar,538,1,1258.15,4,4,4,12,Champions
CUST-6706,Meera Roy,419,1,2178.16,3,4,5,12,Champions
CUST-6709,Meera Singh,194,1,467.31,2,4,2,8,Developing
CUST-6710,Anaya Jha,231,1,1489.15,2,4,4,10,Loyal
CUST-6710,Kabir Jha,302,1,939.62,3,4,3,10,Loyal
CUST-6713,Diya Gupta,216,1,928.69,2,4,3,9,Loyal
CUST-6714,Arjun Singh,152,1,870.71,2,4,3,9,Loyal
CUST-6714,Vivaan Patel,242,1,2276.2,2,4,5,11,Loyal
CUST-6715,Isha Gupta,104,1,1572.72,1,4,4,9,Loyal
CUST-6715,Kabir Verma,575,1,2162.63,4,4,5,13,Champions
CUST-6715,Vivaan Singh,622,1,383.46,5,4,2,11,Loyal
CUST-6716,Diya Kumar,199,1,206.2,2,4,1,7,Developing
CUST-6716,Riya Patel,269,1,387.35,2,4,2,8,Developing
CUST-6717,Isha Sinha,124,1,1127.85,1,4,4,9,Loyal
CUST-6719,Riya Verma,404,1,64.93,3,4,1,8,Developing
CUST-6719,Vivaan Jha,242,1,768.91,2,4,3,9,Loyal
CUST-6720,Aditya Patel,408,1,496.96,3,4,2,9,Loyal
CUST-6720,Diya Roy,658,1,250.71,5,4,2,11,Loyal
CUST-6722,Vivaan Kumar,612,1,479.46,5,4,2,11,Loyal
CUST-6723,Aarav Roy,414,1,125.2,3,4,1,8,Developing
CUST-6724,Meera Gupta,299,1,1770.18,3,4,4,11,Loyal
CUST-6725,Diya Singh,542,1,1086.67,4,4,4,12,Champions
CUST-6725,Diya Verma,139,1,397.12,1,4,2,7,Developing
CUST-6725,Isha Gupta,70,1,549.1,1,4,3,8,Developing
CUST-6725,Vivaan Das,240,1,494.34,2,4,2,8,Developing
CUST-6726,Vivaan Singh,489,1,2316.17,4,4,5,13,Champions
CUST-6728,Aarav Gupta,327,1,1692.4,3,4,4,11,Loyal
CUST-6728,Aditya Patel,112,1,3215.43,1,4,5,10,Loyal
CUST-6729,Arjun Gupta,112,1,118.91,1,4,1,6,Developing
CUST-6730,Riya Patel,683,1,3401.04,5,4,5,14,Champions
CUST-6731,Aditya Kumar,621,1,317.18,5,4,2,11,Loyal
CUST-6735,Anaya Patel,638,1,1323.95,5,4,4,13,Champions
CUST-6735,Riya Roy,576,1,1173.06,4,4,4,12,Champions
CUST-6736,Anaya Kumar,362,1,920.35,3,4,3,10,Loyal
CUST-6736,Anaya Singh,683,1,385.61,5,4,2,11,Loyal
CUST-6736,Diya Jha,624,1,1192.1,5,4,4,13,Champions
CUST-6736,Kabir Sinha,522,1,2540.77,4,4,5,13,Champions
CUST-6739,Aarav Jha,466,1,544.08,4,4,3,11,Loyal
CUST-6742,Aarav Verma,161,1,3972.57,2,4,5,11,Loyal
CUST-6742,Diya Verma,576,1,3199.64,4,4,5,13,Champions
CUST-6742,Isha Patel,520,1,898.19,4,4,3,11,Loyal
CUST-6744,Aditya Sharma,411,1,1318.88,3,4,4,11,Loyal
CUST-6747,Arjun Roy,311,1,183.3,3,4,1,8,Developing
CUST-6749,Anaya Das,715,1,3378.54,5,4,5,14,Champions
CUST-6749,Vivaan Singh,674,1,2368.36,5,4,5,14,Champions
CUST-6751,Arjun Gupta,23,1,102.42,1,4,1,6,Developing
CUST-6753,Diya Gupta,488,1,965.65,4,4,4,12,Champions
CUST-6755,Diya Patel,253,1,419.96,2,4,2,8,Developing
CUST-6755,Meera Gupta,680,1,334.73,5,4,2,11,Loyal
CUST-6756,Arjun Sharma,287,1,4301.37,2,4,5,11,Loyal
CUST-6758,Meera Sharma,191,1,700.56,2,4,3,9,Loyal
CUST-6759,Aditya Singh,308,1,1306.57,3,4,4,11,Loyal
CUST-6759,Anaya Singh,18,1,2528.13,1,4,5,10,Loyal
CUST-6759,Vivaan Jha,117,1,1918.99,1,4,4,9,Loyal
CUST-6760,Diya Sharma,323,1,503.55,3,4,2,9,Loyal
CUST-6760,Isha Verma,323,1,41.68,3,4,1,8,Developing
CUST-6761,Riya Patel,714,1,2045.96,5,4,5,14,Champions
CUST-6762,Diya Jha,16,1,185.04,1,4,1,6,Developing
CUST-6762,Kabir Jha,39,1,1002.54,1,4,4,9,Loyal
CUST-6762,Meera Jha,451,1,2075.63,4,4,5,13,Champions
CUST-6762,Meera Roy,277,1,730.63,2,4,3,9,Loyal
CUST-6763,Aarav Roy,424,1,87.08,3,4,1,8,Developing
CUST-6763,Diya Sharma,276,1,973.3,2,4,4,10,Loyal
CUST-6764,Isha Das,143,1,2041.77,1,4,5,10,Loyal
CUST-6766,Diya Singh,462,1,102.13,4,4,1,9,Loyal
CUST-6766,Meera Gupta,459,1,848.98,4,4,3,11,Loyal
CUST-6768,Aditya Roy,490,1,1952.31,4,4,5,13,Champions
CUST-6768,Meera Kumar,514,1,429.4,4,4,2,10,Loyal
CUST-6769,Riya Jha,258,1,2898.49,2,4,5,11,Loyal
CUST-6770,Aarav Sinha,512,1,478.26,4,4,2,10,Loyal
CUST-6771,Arjun Jha,276,1,455.7,2,4,2,8,Developing
CUST-6771,Kabir Sinha,68,1,836.82,1,4,3,8,Developing
CUST-6772,Vivaan Jha,227,1,130.64,2,4,1,7,Developing
CUST-6773,Meera Gupta,264,1,207.92,2,4,1,7,Developing
CUST-6774,Diya Kumar,550,1,560.24,4,4,3,11,Loyal
CUST-6774,Riya Gupta,348,1,298.95,3,4,2,9,Loyal
CUST-6775,Meera Verma,566,1,279.77,4,4,2,10,Loyal
CUST-6776,Riya Gupta,131,1,1235.59,1,4,4,9,Loyal
CUST-6777,Anaya Jha,153,1,999.34,2,4,4,10,Loyal
CUST-6778,Kabir Patel,343,1,458.02,3,4,2,9,Loyal
CUST-6781,Aarav Jha,331,1,4139.95,3,4,5,12,Champions
CUST-6781,Isha Sinha,430,1,4742.13,3,4,5,12,Champions
CUST-6783,Isha Sharma,188,1,639.36,2,4,3,9,Loyal
CUST-6784,Arjun Kumar,718,1,2145.05,5,4,5,14,Champions
CUST-6785,Anaya Gupta,618,1,489.61,5,4,2,11,Loyal
CUST-6785,Isha Singh,568,1,526.9,4,4,3,11,Loyal
CUST-6785,Riya Gupta,577,1,119.02,4,4,1,9,Loyal
CUST-6785,Vivaan Kumar,162,1,176.28,2,4,1,7,Developing
CUST-6787,Anaya Das,717,1,154.88,5,4,1,10,Loyal
CUST-6787,Diya Jha,295,1,89.22,3,4,1,8,Developing
CUST-6788,Diya Sharma,519,1,669.48,4,4,3,11,Loyal
CUST-6789,Aditya Das,297,1,1628.59,3,4,4,11,Loyal
CUST-6789,Riya Roy,183,1,3187.97,2,4,5,11,Loyal
CUST-6790,Kabir Gupta,40,1,757.63,1,4,3,8,Developing
CUST-6790,Riya Kumar,204,1,3939.04,2,4,5,11,Loyal
CUST-6792,Vivaan Gupta,177,1,635.65,2,4,3,9,Loyal
CUST-6793,Diya Roy,564,1,2571.53,4,4,5,13,Champions
CUST-6794,Meera Verma,391,1,2879.67,3,4,5,12,Champions
CUST-6796,Isha Jha,477,1,2152.08,4,4,5,13,Champions
CUST-6796,Meera Jha,10,1,64.88,1,4,1,6,Developing
CUST-6797,Aditya Verma,259,1,846.62,2,4,3,9,Loyal
CUST-6797,Meera Gupta,231,1,155.77,2,4,1,7,Developing
CUST-6798,Vivaan Singh,391,1,1468.05,3,4,4,11,Loyal
CUST-6799,Aditya Roy,87,1,584.81,1,4,3,8,Developing
CUST-6801,Aarav Kumar,107,1,916.4,1,4,3,8,Developing
CUST-6801,Diya Jha,469,1,3135.52,4,4,5,13,Champions
CUST-6801,Meera Sinha,78,1,84.68,1,4,1,6,Developing
CUST-6801,Vivaan Gupta,387,1,495.05,3,4,2,9,Loyal
CUST-6803,Aditya Sinha,274,1,1970.91,2,4,5,11,Loyal
CUST-6804,Vivaan Patel,502,1,1071.54,4,4,4,12,Champions
CUST-6807,Isha Kumar,81,1,452.22,1,4,2,7,Developing
CUST-6808,Aditya Kumar,142,1,3008.16,1,4,5,10,Loyal
CUST-6808,Diya Singh,425,1,96.41,3,4,1,8,Developing
CUST-6809,Arjun Gupta,459,1,367.78,4,4,2,10,Loyal
CUST-6812,Diya Singh,231,1,422.09,2,4,2,8,Developing
CUST-6812,Vivaan Patel,578,1,2134.6,4,4,5,13,Champions
CUST-6813,Anaya Das,226,1,366.6,2,4,2,8,Developing
CUST-6817,Isha Das,359,1,266.03,3,4,2,9,Loyal
CUST-6817,Vivaan Kumar,529,1,266.73,4,4,2,10,Loyal
CUST-6818,Aarav Sinha,204,1,713.45,2,4,3,9,Loyal
CUST-6818,Anaya Jha,72,1,582.33,1,4,3,8,Developing
CUST-6821,Kabir Sharma,3,1,588.88,1,4,3,8,Developing
CUST-6822,Aditya Jha,454,1,2967.24,4,4,5,13,Champions
CUST-6822,Meera Roy,80,1,33.71,1,4,1,6,Developing
CUST-6823,Arjun Kumar,547,1,1268.77,4,4,4,12,Champions
CUST-6823,Isha Patel,666,1,223.28,5,4,1,10,Loyal
CUST-6824,Arjun Singh,457,1,217.23,4,4,1,9,Loyal
CUST-6825,Aarav Sharma,677,1,1020.05,5,4,4,13,Champions
CUST-6825,Meera Jha,400,1,15.29,3,4,1,8,Developing
CUST-6826,Aarav Sharma,221,1,220.02,2,4,1,7,Developing
CUST-6826,Arjun Singh,154,1,391.36,2,4,2,8,Developing
CUST-6826,Diya Jha,207,1,3791.45,2,4,5,11,Loyal
CUST-6827,Arjun Das,641,1,675.32,5,4,3,12,Champions
CUST-6827,Vivaan Gupta,209,1,2325.82,2,4,5,11,Loyal
CUST-6828,Aditya Das,79,1,151.37,1,4,1,6,Developing
CUST-6828,Meera Patel,476,1,896.93,4,4,3,11,Loyal
CUST-6829,Diya Sharma,646,1,735.52,5,4,3,12,Champions
CUST-6829,Riya Singh,269,1,209.5,2,4,1,7,Developing
CUST-6830,Aditya Sharma,123,1,453.0,1,4,2,7,Developing
CUST-6830,Arjun Kumar,455,1,357.29,4,4,2,10,Loyal
CUST-6831,Aarav Sinha,727,1,142.42,5,4,1,10,Loyal
CUST-6831,Kabir Sharma,59,1,2355.68,1,4,5,10,Loyal
CUST-6832,Anaya Verma,318,1,910.38,3,4,3,10,Loyal
CUST-6832,Meera Roy,174,1,351.96,2,4,2,8,Developing
CUST-6833,Isha Roy,262,1,241.05,2,4,1,7,Developing
CUST-6834,Anaya Sinha,677,1,1093.48,5,4,4,13,Champions
CUST-6834,Diya Sharma,170,1,806.96,2,4,3,9,Loyal
CUST-6834,Vivaan Roy,190,1,1245.12,2,4,4,10,Loyal
CUST-6835,Aditya Gupta,463,1,390.61,4,4,2,10,Loyal
CUST-6837,Aarav Jha,161,1,2006.75,2,4,5,11,Loyal
CUST-6838,Diya Singh,450,1,484.28,4,4,2,10,Loyal
CUST-6839,Aarav Jha,469,1,2932.4,4,4,5,13,Champions
CUST-6839,Meera Jha,682,1,524.68,5,4,2,11,Loyal
CUST-6840,Aditya Das,173,1,263.01,2,4,2,8,Developing
CUST-6840,Anaya Verma,478,1,1382.04,4,4,4,12,Champions
CUST-6840,Diya Roy,693,1,377.27,5,4,2,11,Loyal
CUST-6842,Arjun Patel,511,1,833.42,4,4,3,11,Loyal
CUST-6844,Meera Das,213,1,561.88,2,4,3,9,Loyal
CUST-6846,Arjun Sinha,84,1,632.11,1,4,3,8,Developing
CUST-6846,Meera Gupta,15,1,413.22,1,4,2,7,Developing
CUST-6846,Meera Patel,730,1,167.99,5,4,1,10,Loyal
CUST-6847,Arjun Das,290,1,1797.27,2,4,4,10,Loyal
CUST-6848,Aditya Sharma,110,1,2563.86,1,4,5,10,Loyal
CUST-6848,Diya Roy,578,1,722.56,4,4,3,11,Loyal
CUST-6849,Aditya Verma,287,1,1693.33,2,4,4,10,Loyal
CUST-6851,Aditya Gupta,297,1,332.06,3,4,2,9,Loyal
CUST-6851,Isha Das,364,1,2567.73,3,4,5,12,Champions
CUST-6851,Meera Das,368,1,833.18,3,4,3,10,Loyal
CUST-6851,Meera Jha,302,1,3035.7,3,4,5,12,Champions
CUST-6852,Anaya Patel,274,1,381.34,2,4,2,8,Developing
CUST-6852,Anaya Verma,649,1,140.9,5,4,1,10,Loyal
CUST-6854,Aarav Roy,410,1,1618.72,3,4,4,11,Loyal
CUST-6854,Aditya Roy,274,1,155.06,2,4,1,7,Developing
CUST-6854,Arjun Singh,724,1,174.08,5,4,1,10,Loyal
CUST-6854,Meera Patel,385,1,72.11,3,4,1,8,Developing
CUST-6854,Riya Sinha,245,1,360.28,2,4,2,8,Developing
CUST-6854,Vivaan Sharma,442,1,2956.81,4,4,5,13,Champions
CUST-6855,Aarav Sharma,73,1,193.86,1,4,1,6,Developing
CUST-6856,Aditya Patel,598,1,123.13,5,4,1,10,Loyal
CUST-6856,Isha Patel,446,1,2115.48,4,4,5,13,Champions
CUST-6856,Vivaan Sinha,90,1,270.18,1,4,2,7,Developing
CUST-6857,Meera Gupta,707,1,3704.58,5,4,5,14,Champions
CUST-6859,Aditya Kumar,250,1,556.08,2,4,3,9,Loyal
CUST-6859,Riya Patel,295,1,848.91,3,4,3,10,Loyal
CUST-6860,Kabir Sharma,316,1,1429.21,3,4,4,11,Loyal
CUST-6861,Isha Sharma,232,1,4337.98,2,4,5,11,Loyal
CUST-6864,Aditya Gupta,27,1,1622.05,1,4,4,9,Loyal
CUST-6867,Arjun Roy,247,2,899.79,2,5,3,10,Loyal
CUST-6869,Aditya Patel,594,1,2297.39,5,4,5,14,Champions
CUST-6869,Arjun Verma,357,1,205.58,3,4,1,8,Developing
CUST-6869,Diya Verma,539,1,738.16,4,4,3,11,Loyal
CUST-6869,Riya Jha,523,1,1299.59,4,4,4,12,Champions
CUST-6870,Aarav Sinha,58,1,1096.1,1,4,4,9,Loyal
CUST-6870,Meera Roy,62,1,2100.95,1,4,5,10,Loyal
CUST-6870,Riya Jha,474,1,1059.25,4,4,4,12,Champions
CUST-6872,Isha Roy,163,1,79.54,2,4,1,7,Developing
CUST-6872,Riya Jha,636,1,1062.03,5,4,4,13,Champions
CUST-6873,Aarav Jha,645,1,305.75,5,4,2,11,Loyal
CUST-6873,Anaya Roy,133,1,2450.16,1,4,5,10,Loyal
CUST-6873,Vivaan Sharma,362,1,1559.09,3,4,4,11,Loyal
CUST-6875,Aarav Roy,725,1,202.79,5,4,1,10,Loyal
CUST-6875,Aarav Singh,498,1,612.84,4,4,3,11,Loyal
CUST-6877,Aarav Patel,723,1,4015.26,5,4,5,14,Champions
CUST-6877,Vivaan Sinha,182,1,651.96,2,4,3,9,Loyal
CUST-6878,Isha Singh,290,1,1040.18,2,4,4,10,Loyal
CUST-6878,Kabir Das,333,1,700.06,3,4,3,10,Loyal
CUST-6878,Meera Roy,327,1,537.96,3,4,3,10,Loyal
CUST-6880,Anaya Das,170,1,680.22,2,4,3,9,Loyal
CUST-6881,Arjun Das,570,1,725.74,4,4,3,11,Loyal
CUST-6881,Isha Gupta,280,1,1010.72,2,4,4,10,Loyal
CUST-6882,Meera Gupta,336,1,146.82,3,4,1,8,Developing
CUST-6883,Anaya Jha,724,1,994.74,5,4,4,13,Champions
CUST-6884,Aditya Verma,177,1,968.31,2,4,4,10,Loyal
CUST-6884,Isha Sharma,142,1,352.89,1,4,2,7,Developing
CUST-6885,Arjun Kumar,350,1,3676.2,3,4,5,12,Champions
CUST-6885,Isha Sharma,215,1,1738.59,2,4,4,10,Loyal
CUST-6889,Meera Roy,329,1,552.42,3,4,3,10,Loyal
CUST-6890,Anaya Das,690,1,202.87,5,4,1,10,Loyal
CUST-6891,Aditya Jha,250,1,145.26,2,4,1,7,Developing
CUST-6891,Meera Verma,152,1,1448.5,2,4,4,10,Loyal
CUST-6891,Vivaan Das,30,1,1766.29,1,4,4,9,Loyal
CUST-6892,Aarav Roy,223,1,370.47,2,4,2,8,Developing
CUST-6892,Isha Gupta,113,1,2597.25,1,4,5,10,Loyal
CUST-6893,Aditya Roy,497,1,3150.02,4,4,5,13,Champions
CUST-6894,Isha Jha,129,1,318.79,1,4,2,7,Developing
CUST-6895,Aarav Patel,341,1,336.42,3,4,2,9,Loyal
CUST-6896,Diya Gupta,628,1,894.4,5,4,3,12,Champions
CUST-6897,Diya Patel,580,1,453.82,4,4,2,10,Loyal
CUST-6898,Aditya Kumar,376,1,165.02,3,4,1,8,Developing
CUST-6898,Riya Das,723,1,143.31,5,4,1,10,Loyal
CUST-6898,Riya Patel,562,1,223.02,4,4,1,9,Loyal
CUST-6899,Arjun Gupta,600,1,734.28,5,4,3,12,Champions
CUST-6899,Arjun Jha,59,1,632.97,1,4,3,8,Developing
CUST-6899,Arjun Singh,503,1,1961.33,4,4,5,13,Champions
CUST-6901,Arjun Singh,454,1,3359.82,4,4,5,13,Champions
CUST-6902,Aarav Roy,201,1,2053.37,2,4,5,11,Loyal
CUST-6902,Aditya Das,422,1,2713.21,3,4,5,12,Champions
CUST-6902,Anaya Sharma,101,1,1600.49,1,4,4,9,Loyal
CUST-6902,Vivaan Kumar,116,1,1928.59,1,4,5,10,Loyal
CUST-6903,Meera Jha,490,1,2234.76,4,4,5,13,Champions
CUST-6905,Aarav Sinha,580,1,197.22,4,4,1,9,Loyal
CUST-6906,Isha Das,614,1,2178.39,5,4,5,14,Champions
CUST-6907,Vivaan Sinha,277,1,1499.09,2,4,4,10,Loyal
CUST-6909,Diya Patel,194,1,206.61,2,4,1,7,Developing
CUST-6910,Diya Das,18,1,105.19,1,4,1,6,Developing
CUST-6910,Diya Verma,63,1,535.54,1,4,3,8,Developing
CUST-6911,Aditya Sharma,87,1,1583.52,1,4,4,9,Loyal
CUST-6911,Riya Verma,656,1,2068.68,5,4,5,14,Champions
CUST-6913,Aarav Patel,81,1,1981.97,1,4,5,10,Loyal
CUST-6915,Anaya Gupta,636,1,110.92,5,4,1,10,Loyal
CUST-6917,Aarav Sinha,308,1,128.31,3,4,1,8,Developing
CUST-6917,Kabir Gupta,26,1,470.53,1,4,2,7,Developing
CUST-6917,Riya Gupta,129,1,2274.72,1,4,5,10,Loyal
CUST-6917,Riya Singh,533,1,2389.25,4,4,5,13,Champions
CUST-6920,Vivaan Patel,503,1,937.29,4,4,3,11,Loyal
CUST-6920,Vivaan Sinha,335,1,165.65,3,4,1,8,Developing
CUST-6921,Kabir Sharma,509,1,158.0,4,4,1,9,Loyal
CUST-6921,Meera Sinha,532,1,1412.83,4,4,4,12,Champions
CUST-6922,Diya Roy,260,1,1172.99,2,4,4,10,Loyal
CUST-6922,Vivaan Patel,457,1,532.41,4,4,3,11,Loyal
CUST-6923,Aarav Gupta,12,1,509.5,1,4,2,7,Developing
CUST-6924,Aditya Sharma,65,1,273.48,1,4,2,7,Developing
CUST-6924,Arjun Sinha,499,1,1167.41,4,4,4,12,Champions
CUST-6924,Diya Verma,639,1,183.22,5,4,1,10,Loyal
CUST-6924,Isha Gupta,351,1,4615.12,3,4,5,12,Champions
CUST-6924,Vivaan Verma,523,1,2577.1,4,4,5,13,Champions
CUST-6925,Anaya Verma,689,1,157.68,5,4,1,10,Loyal
CUST-6926,Vivaan Sinha,671,1,33.34,5,4,1,10,Loyal
CUST-6927,Isha Kumar,142,1,724.82,1,4,3,8,Developing
CUST-6927,Vivaan Singh,433,1,999.05,3,4,4,11,Loyal
CUST-6929,Meera Sinha,663,1,315.01,5,4,2,11,Loyal
CUST-6930,Meera Verma,451,1,773.1,4,4,3,11,Loyal
CUST-6931,Arjun Das,447,1,558.74,4,4,3,11,Loyal
CUST-6932,Meera Jha,674,1,137.49,5,4,1,10,Loyal
CUST-6932,Riya Jha,113,1,1934.11,1,4,5,10,Loyal
CUST-6933,Riya Verma,77,1,1288.83,1,4,4,9,Loyal
CUST-6934,Aarav Singh,77,1,1185.93,1,4,4,9,Loyal
CUST-6934,Kabir Jha,465,1,2682.31,4,4,5,13,Champions
CUST-6934,Kabir Patel,674,1,1159.77,5,4,4,13,Champions
CUST-6936,Kabir Kumar,370,1,1570.73,3,4,4,11,Loyal
CUST-6937,Isha Verma,222,1,161.14,2,4,1,7,Developing
CUST-6937,Kabir Sharma,217,1,2796.48,2,4,5,11,Loyal
CUST-6938,Aarav Gupta,271,1,2855.69,2,4,5,11,Loyal
CUST-6938,Aarav Sharma,33,1,133.3,1,4,1,6,Developing
CUST-6938,Isha Roy,555,1,453.05,4,4,2,10,Loyal
CUST-6939,Kabir Patel,664,1,529.45,5,4,3,12,Champions
CUST-6940,Anaya Kumar,426,1,796.74,3,4,3,10,Loyal
CUST-6944,Riya Singh,726,1,427.46,5,4,2,11,Loyal
CUST-6945,Riya Kumar,419,1,167.99,3,4,1,8,Developing
CUST-6945,Vivaan Roy,448,1,341.25,4,4,2,10,Loyal
CUST-6947,Aditya Verma,125,1,171.5,1,4,1,6,Developing
CUST-6947,Diya Sharma,444,1,425.98,4,4,2,10,Loyal
CUST-6948,Arjun Verma,544,1,317.5,4,4,2,10,Loyal
CUST-6948,Meera Das,32,1,362.54,1,4,2,7,Developing
CUST-6950,Anaya Jha,532,1,5470.69,4,4,5,13,Champions
CUST-6950,Vivaan Singh,491,1,1145.99,4,4,4,12,Champions
CUST-6951,Aditya Sharma,93,1,381.37,1,4,2,7,Developing
CUST-6951,Isha Patel,684,1,52.48,5,4,1,10,Loyal
CUST-6953,Arjun Singh,134,1,1114.66,1,4,4,9,Loyal
CUST-6953,Diya Verma,338,1,467.3,3,4,2,9,Loyal
CUST-6954,Vivaan Kumar,430,1,491.43,3,4,2,9,Loyal
CUST-6956,Kabir Roy,233,1,543.01,2,4,3,9,Loyal
CUST-6956,Kabir Verma,465,1,891.69,4,4,3,11,Loyal
CUST-6957,Aditya Roy,663,1,807.32,5,4,3,12,Champions
CUST-6957,Arjun Sinha,602,1,673.65,5,4,3,12,Champions
CUST-6957,Isha Verma,558,1,1475.29,4,4,4,12,Champions
CUST-6958,Arjun Verma,294,1,820.84,3,4,3,10,Loyal
CUST-6958,Kabir Sharma,52,1,3675.14,1,4,5,10,Loyal
CUST-6958,Kabir Verma,432,1,2322.98,3,4,5,12,Champions
CUST-6958,Vivaan Verma,354,1,533.12,3,4,3,10,Loyal
CUST-6959,Aarav Verma,47,1,231.17,1,4,1,6,Developing
CUST-6959,Diya Sharma,72,1,1103.35,1,4,4,9,Loyal
CUST-6960,Anaya Das,389,1,487.71,3,4,2,9,Loyal
CUST-6960,Isha Sinha,502,1,454.3,4,4,2,10,Loyal
CUST-6960,Vivaan Patel,71,1,697.45,1,4,3,8,Developing
CUST-6962,Meera Sharma,712,1,1105.75,5,4,4,13,Champions
CUST-6964,Riya Patel,680,1,747.11,5,4,3,12,Champions
CUST-6965,Meera Jha,105,1,669.2,1,4,3,8,Developing
CUST-6965,Meera Singh,419,1,2199.96,3,4,5,12,Champions
CUST-6967,Aarav Sinha,624,1,3275.01,5,4,5,14,Champions
CUST-6968,Diya Roy,61,1,693.12,1,4,3,8,Developing
CUST-6968,Meera Das,310,1,128.69,3,4,1,8,Developing
CUST-6969,Diya Roy,719,1,720.95,5,4,3,12,Champions
CUST-6969,Kabir Singh,353,1,1782.98,3,4,4,11,Loyal
CUST-6970,Aarav Kumar,99,1,1109.96,1,4,4,9,Loyal
CUST-6971,Aarav Das,166,1,90.49,2,4,1,7,Developing
CUST-6972,Aarav Gupta,567,1,1560.64,4,4,4,12,Champions
CUST-6972,Isha Sinha,464,1,225.81,4,4,1,9,Loyal
CUST-6973,Kabir Jha,255,1,525.81,2,4,3,9,Loyal
CUST-6974,Aarav Roy,706,1,230.37,5,4,1,10,Loyal
CUST-6974,Anaya Sinha,618,1,2318.01,5,4,5,14,Champions
CUST-6976,Aarav Das,668,1,463.49,5,4,2,11,Loyal
CUST-6977,Diya Patel,297,1,79.2,3,4,1,8,Developing
CUST-6977,Diya Roy,511,1,1237.76,4,4,4,12,Champions
CUST-6978,Diya Kumar,389,1,329.86,3,4,2,9,Loyal
CUST-6978,Riya Sinha,588,1,2951.15,5,4,5,14,Champions
CUST-6979,Kabir Kumar,172,1,2286.44,2,4,5,11,Loyal
CUST-6982,Aditya Verma,207,1,325.4,2,4,2,8,Developing
CUST-6982,Anaya Singh,90,1,1360.34,1,4,4,9,Loyal
CUST-6982,Diya Patel,550,1,533.11,4,4,3,11,Loyal
CUST-6983,Riya Jha,229,1,844.17,2,4,3,9,Loyal
CUST-6984,Arjun Verma,302,1,201.41,3,4,1,8,Developing
CUST-6984,Meera Sinha,466,1,2465.69,4,4,5,13,Champions
CUST-6985,Arjun Singh,575,1,123.27,4,4,1,9,Loyal
CUST-6985,Isha Das,349,1,2510.92,3,4,5,12,Champions
CUST-6985,Kabir Kumar,557,1,246.05,4,4,2,10,Loyal
CUST-6985,Meera Gupta,76,1,982.81,1,4,4,9,Loyal
CUST-6986,Aarav Jha,206,1,976.74,2,4,4,10,Loyal
CUST-6986,Arjun Verma,332,1,589.36,3,4,3,10,Loyal
CUST-6988,Aditya Jha,216,1,69.9,2,4,1,7,Developing
CUST-6988,Aditya Patel,579,1,3122.79,4,4,5,13,Champions
CUST-6988,Riya Kumar,317,1,140.48,3,4,1,8,Developing
CUST-6989,Aditya Das,279,1,216.71,2,4,1,7,Developing
CUST-6991,Aditya Jha,58,1,697.39,1,4,3,8,Developing
CUST-6991,Diya Sharma,428,1,133.1,3,4,1,8,Developing
CUST-6992,Aarav Sharma,384,1,695.53,3,4,3,10,Loyal
CUST-6993,Isha Patel,527,1,380.16,4,4,2,10,Loyal
CUST-6994,Meera Gupta,606,1,125.51,5,4,1,10,Loyal
CUST-6994,Riya Singh,347,1,283.93,3,4,2,9,Loyal
CUST-6995,Diya Jha,125,1,5181.64,1,4,5,10,Loyal
CUST-6996,Arjun Sharma,729,1,999.72,5,4,4,13,Champions
CUST-6996,Diya Gupta,141,1,749.81,1,4,3,8,Developing
CUST-6997,Aarav Singh,24,1,4704.84,1,4,5,10,Loyal
CUST-6999,Meera Das,705,1,1141.67,5,4,4,13,Champions
CUST-6999,Meera Singh,235,1,3828.34,2,4,5,11,Loyal
CUST-6999,Vivaan Sharma,42,1,512.88,1,4,2,7,Developing
CUST-7000,Aditya Sinha,217,1,669.6,2,4,3,9,Loyal
CUST-7002,Meera Roy,17,1,2135.84,1,4,5,10,Loyal
CUST-7002,Vivaan Jha,425,1,915.19,3,4,3,10,Loyal
CUST-7003,Aarav Das,690,1,204.57,5,4,1,10,Loyal
CUST-7003,Diya Gupta,413,1,45.37,3,4,1,8,Developing
CUST-7003,Kabir Singh,468,1,1204.39,4,4,4,12,Champions
CUST-7005,Aarav Roy,693,1,3205.56,5,4,5,14,Champions
CUST-7005,Arjun Patel,167,1,1586.44,2,4,4,10,Loyal
CUST-7005,Kabir Roy,47,1,2029.76,1,4,5,10,Loyal
CUST-7006,Diya Gupta,102,1,447.06,1,4,2,7,Developing
CUST-7007,Isha Gupta,555,1,264.37,4,4,2,10,Loyal
CUST-7008,Arjun Patel,232,1,1548.45,2,4,4,10,Loyal
CUST-7008,Isha Das,368,1,544.19,3,4,3,10,Loyal
CUST-7011,Kabir Patel,69,1,21.79,1,4,1,6,Developing
CUST-7012,Kabir Kumar,249,1,1005.5,2,4,4,10,Loyal
CUST-7013,Meera Roy,442,1,1582.18,4,4,4,12,Champions
CUST-7013,Riya Das,380,1,243.14,3,4,1,8,Developing
CUST-7015,Diya Kumar,448,1,230.02,4,4,1,9,Loyal
CUST-7016,Isha Gupta,153,1,625.57,2,4,3,9,Loyal
CUST-7016,Meera Sinha,145,1,1799.14,1,4,4,9,Loyal
CUST-7017,Isha Roy,608,1,1561.58,5,4,4,13,Champions
CUST-7017,Isha Verma,640,1,466.28,5,4,2,11,Loyal
CUST-7017,Vivaan Gupta,279,1,798.19,2,4,3,9,Loyal
CUST-7018,Riya Gupta,11,1,1215.8,1,4,4,9,Loyal
CUST-7019,Diya Roy,334,1,1671.2,3,4,4,11,Loyal
CUST-7020,Aarav Jha,17,1,341.26,1,4,2,7,Developing
CUST-7021,Anaya Singh,340,1,3456.08,3,4,5,12,Champions
CUST-7022,Meera Sinha,628,1,449.06,5,4,2,11,Loyal
CUST-7023,Kabir Gupta,663,1,224.43,5,4,1,10,Loyal
CUST-7023,Vivaan Verma,694,1,813.11,5,4,3,12,Champions
CUST-7025,Diya Sinha,120,1,256.92,1,4,2,7,Developing
CUST-7025,Meera Singh,429,1,577.35,3,4,3,10,Loyal
CUST-7025,Riya Verma,319,1,944.8,3,4,3,10,Loyal
CUST-7026,Aarav Sinha,293,1,846.22,3,4,3,10,Loyal
CUST-7026,Diya Roy,315,1,53.64,3,4,1,8,Developing
CUST-7026,Meera Gupta,270,1,4965.78,2,4,5,11,Loyal
CUST-7026,Meera Kumar,728,1,449.97,5,4,2,11,Loyal
CUST-7028,Isha Singh,369,1,2920.35,3,4,5,12,Champions
CUST-7029,Meera Verma,175,1,121.68,2,4,1,7,Developing
CUST-7030,Arjun Roy,36,1,61.71,1,4,1,6,Developing
CUST-7030,Diya Gupta,480,1,144.73,4,4,1,9,Loyal
CUST-7030,Riya Jha,627,1,493.86,5,4,2,11,Loyal
CUST-7031,Aarav Verma,318,1,883.31,3,4,3,10,Loyal
CUST-7031,Aditya Sinha,584,1,360.66,5,4,2,11,Loyal
CUST-7031,Arjun Gupta,361,1,479.38,3,4,2,9,Loyal
CUST-7031,Riya Das,564,1,79.95,4,4,1,9,Loyal
CUST-7032,Aditya Das,256,1,323.05,2,4,2,8,Developing
CUST-7033,Isha Gupta,486,1,1219.12,4,4,4,12,Champions
CUST-7034,Isha Patel,594,1,154.29,5,4,1,10,Loyal
CUST-7034,Riya Gupta,346,1,1840.63,3,4,4,11,Loyal
CUST-7034,Vivaan Kumar,716,1,504.97,5,4,2,11,Loyal
CUST-7035,Aditya Jha,335,1,663.43,3,4,3,10,Loyal
CUST-7036,Isha Gupta,21,1,1044.51,1,4,4,9,Loyal
CUST-7037,Aarav Das,284,1,1301.59,2,4,4,10,Loyal
CUST-7037,Anaya Sharma,291,1,3454.93,2,4,5,11,Loyal
CUST-7037,Arjun Singh,538,1,412.76,4,4,2,10,Loyal
CUST-7037,Isha Das,139,1,2969.85,1,4,5,10,Loyal
CUST-7037,Kabir Gupta,212,1,1064.81,2,4,4,10,Loyal
CUST-7039,Diya Das,142,1,3222.38,1,4,5,10,Loyal
CUST-7039,Kabir Gupta,54,1,415.26,1,4,2,7,Developing
CUST-7040,Riya Das,313,1,201.73,3,4,1,8,Developing
CUST-7041,Diya Roy,573,1,2689.35,4,4,5,13,Champions
CUST-7041,Riya Jha,223,1,3574.75,2,4,5,11,Loyal
CUST-7041,Riya Roy,55,1,906.61,1,4,3,8,Developing
CUST-7042,Anaya Patel,349,1,344.23,3,4,2,9,Loyal
CUST-7042,Isha Jha,351,1,313.74,3,4,2,9,Loyal
CUST-7042,Riya Jha,467,1,930.86,4,4,3,11,Loyal
CUST-7044,Diya Roy,98,1,320.69,1,4,2,7,Developing
CUST-7044,Isha Kumar,392,1,18.84,3,4,1,8,Developing
CUST-7045,Kabir Sharma,376,1,2031.98,3,4,5,12,Champions
CUST-7046,Isha Jha,54,1,606.06,1,4,3,8,Developing
CUST-7046,Riya Das,367,1,184.23,3,4,1,8,Developing
CUST-7047,Isha Das,534,1,34.52,4,4,1,9,Loyal
CUST-7048,Arjun Kumar,181,1,228.67,2,4,1,7,Developing
CUST-7048,Kabir Das,23,1,2608.09,1,4,5,10,Loyal
CUST-7049,Aditya Sinha,202,1,23.46,2,4,1,7,Developing
CUST-7049,Meera Kumar,544,1,84.89,4,4,1,9,Loyal
CUST-7050,Anaya Roy,463,1,161.74,4,4,1,9,Loyal
CUST-7051,Aarav Roy,6,1,3310.33,1,4,5,10,Loyal
CUST-7051,Anaya Jha,108,1,129.64,1,4,1,6,Developing
CUST-7051,Vivaan Sharma,651,1,1945.52,5,4,5,14,Champions
CUST-7053,Isha Das,506,1,988.93,4,4,4,12,Champions
CUST-7053,Isha Jha,713,1,2959.24,5,4,5,14,Champions
CUST-7054,Isha Verma,275,1,772.99,2,4,3,9,Loyal
CUST-7056,Kabir Sinha,380,1,640.64,3,4,3,10,Loyal
CUST-7057,Arjun Das,193,1,606.78,2,4,3,9,Loyal
CUST-7057,Kabir Sinha,27,1,513.17,1,4,2,7,Developing
CUST-7058,Anaya Patel,471,1,201.13,4,4,1,9,Loyal
CUST-7060,Diya Kumar,220,1,564.23,2,4,3,9,Loyal
CUST-7061,Arjun Roy,729,1,399.6,5,4,2,11,Loyal
CUST-7061,Isha Verma,699,1,242.56,5,4,1,10,Loyal
CUST-7061,Kabir Das,645,1,261.9,5,4,2,11,Loyal
CUST-7061,Riya Roy,502,1,3126.21,4,4,5,13,Champions
CUST-7061,Vivaan Jha,623,1,1461.96,5,4,4,13,Champions
CUST-7062,Aarav Sharma,175,1,268.02,2,4,2,8,Developing
CUST-7063,Diya Verma,330,1,1030.49,3,4,4,11,Loyal
CUST-7063,Isha Kumar,154,1,421.73,2,4,2,8,Developing
CUST-7063,Meera Sharma,379,1,1754.56,3,4,4,11,Loyal
CUST-7064,Meera Sharma,12,1,1284.61,1,4,4,9,Loyal
CUST-7065,Aditya Sharma,145,1,1025.94,1,4,4,9,Loyal
CUST-7065,Anaya Das,300,1,61.77,3,4,1,8,Developing
CUST-7065,Arjun Jha,528,1,307.23,4,4,2,10,Loyal
CUST-7065,Isha Roy,22,1,4547.62,1,4,5,10,Loyal
CUST-7065,Riya Verma,248,1,3171.34,2,4,5,11,Loyal
CUST-7066,Kabir Singh,615,1,3435.44,5,4,5,14,Champions
CUST-7068,Aarav Kumar,38,1,65.22,1,4,1,6,Developing
CUST-7068,Arjun Jha,480,1,699.31,4,4,3,11,Loyal
CUST-7068,Arjun Singh,184,1,572.78,2,4,3,9,Loyal
CUST-7068,Diya Sharma,402,1,270.31,3,4,2,9,Loyal
CUST-7069,Isha Gupta,457,1,2233.73,4,4,5,13,Champions
CUST-7071,Aarav Sinha,92,1,572.48,1,4,3,8,Developing
CUST-7072,Isha Verma,185,1,1168.6,2,4,4,10,Loyal
CUST-7073,Anaya Gupta,689,1,1418.33,5,4,4,13,Champions
CUST-7074,Aditya Sinha,63,1,1147.86,1,4,4,9,Loyal
CUST-7074,Anaya Verma,135,1,2375.78,1,4,5,10,Loyal
CUST-7076,Riya Das,111,1,3559.67,1,4,5,10,Loyal
CUST-7078,Aarav Jha,523,1,2546.1,4,4,5,13,Champions
CUST-7078,Riya Jha,445,1,567.21,4,4,3,11,Loyal
CUST-7079,Aditya Sharma,674,1,1670.49,5,4,4,13,Champions
CUST-7079,Kabir Das,672,1,872.61,5,4,3,12,Champions
CUST-7081,Aditya Kumar,164,1,70.08,2,4,1,7,Developing
CUST-7081,Meera Patel,691,1,720.56,5,4,3,12,Champions
CUST-7085,Aarav Roy,180,1,1435.34,2,4,4,10,Loyal
CUST-7085,Anaya Sharma,608,1,513.7,5,4,2,11,Loyal
CUST-7087,Anaya Patel,705,1,1128.67,5,4,4,13,Champions
CUST-7088,Meera Roy,406,1,1142.12,3,4,4,11,Loyal
CUST-7089,Meera Jha,56,1,215.41,1,4,1,6,Developing
CUST-7089,Meera Roy,396,1,2710.03,3,4,5,12,Champions
CUST-7090,Diya Roy,563,1,461.42,4,4,2,10,Loyal
CUST-7090,Isha Das,360,1,326.74,3,4,2,9,Loyal
CUST-7090,Isha Sharma,350,1,834.59,3,4,3,10,Loyal
CUST-7091,Meera Gupta,481,1,458.24,4,4,2,10,Loyal
CUST-7091,Meera Sharma,134,1,2262.74,1,4,5,10,Loyal
CUST-7093,Aditya Gupta,672,1,2736.06,5,4,5,14,Champions
CUST-7095,Aditya Kumar,644,1,1241.48,5,4,4,13,Champions
CUST-7095,Aditya Sinha,85,1,1067.51,1,4,4,9,Loyal
CUST-7095,Meera Sinha,127,1,1669.64,1,4,4,9,Loyal
CUST-7096,Anaya Verma,629,1,630.22,5,4,3,12,Champions
CUST-7098,Aarav Das,514,1,1062.81,4,4,4,12,Champions
CUST-7098,Riya Roy,664,1,301.77,5,4,2,11,Loyal
CUST-7099,Riya Kumar,587,1,3080.44,5,4,5,14,Champions
CUST-7100,Aarav Singh,617,1,1275.52,5,4,4,13,Champions
CUST-7100,Arjun Roy,706,1,102.74,5,4,1,10,Loyal
CUST-7100,Riya Singh,680,1,176.43,5,4,1,10,Loyal
CUST-7101,Aarav Sinha,189,1,350.27,2,4,2,8,Developing
CUST-7103,Riya Das,441,1,2760.42,4,4,5,13,Champions
CUST-7106,Arjun Roy,669,1,3127.96,5,4,5,14,Champions
CUST-7107,Kabir Singh,473,1,129.73,4,4,1,9,Loyal
CUST-7109,Arjun Kumar,316,1,751.99,3,4,3,10,Loyal
CUST-7109,Diya Verma,22,1,20.16,1,4,1,6,Developing
CUST-7112,Aarav Kumar,572,1,2016.97,4,4,5,13,Champions
CUST-7112,Anaya Sharma,431,1,568.42,3,4,3,10,Loyal
CUST-7112,Meera Singh,594,1,389.9,5,4,2,11,Loyal
CUST-7113,Arjun Gupta,681,1,324.04,5,4,2,11,Loyal
CUST-7114,Meera Roy,96,1,296.7,1,4,2,7,Developing
CUST-7114,Riya Gupta,494,1,1926.13,4,4,5,13,Champions
CUST-7115,Anaya Gupta,666,1,105.59,5,4,1,10,Loyal
CUST-7115,Anaya Sharma,407,1,851.62,3,4,3,10,Loyal
CUST-7115,Arjun Das,5,1,182.55,1,4,1,6,Developing
CUST-7117,Riya Singh,477,1,479.64,4,4,2,10,Loyal
CUST-7119,Meera Jha,31,1,584.35,1,4,3,8,Developing
CUST-7119,Vivaan Gupta,349,1,566.33,3,4,3,10,Loyal
CUST-7120,Anaya Verma,579,1,171.3,4,4,1,9,Loyal
CUST-7122,Aditya Gupta,130,1,834.57,1,4,3,8,Developing
CUST-7124,Aditya Sinha,540,1,587.73,4,4,3,11,Loyal
CUST-7125,Aditya Gupta,60,1,135.18,1,4,1,6,Developing
CUST-7128,Diya Kumar,76,1,1631.33,1,4,4,9,Loyal
CUST-7128,Diya Sinha,312,1,2451.08,3,4,5,12,Champions
CUST-7129,Aditya Singh,150,1,1252.14,2,4,4,10,Loyal
CUST-7129,Vivaan Sharma,419,1,2257.05,3,4,5,12,Champions
CUST-7130,Diya Verma,429,1,5026.4,3,4,5,12,Champions
CUST-7130,Riya Patel,327,1,66.6,3,4,1,8,Developing
CUST-7131,Kabir Gupta,428,1,304.35,3,4,2,9,Loyal
CUST-7132,Aditya Sharma,402,1,72.75,3,4,1,8,Developing
CUST-7133,Diya Singh,711,1,319.36,5,4,2,11,Loyal
CUST-7133,Meera Jha,199,1,1252.34,2,4,4,10,Loyal
CUST-7135,Diya Sharma,419,1,2581.42,3,4,5,12,Champions
CUST-7136,Kabir Kumar,439,1,945.42,4,4,3,11,Loyal
CUST-7139,Anaya Das,473,1,3111.41,4,4,5,13,Champions
CUST-7139,Anaya Jha,588,1,408.93,5,4,2,11,Loyal
CUST-7139,Meera Singh,256,1,3226.36,2,4,5,11,Loyal
CUST-7140,Arjun Sharma,519,1,2439.35,4,4,5,13,Champions
CUST-7140,Vivaan Kumar,192,1,301.48,2,4,2,8,Developing
CUST-7142,Isha Gupta,90,1,12.52,1,4,1,6,Developing
CUST-7143,Aarav Sinha,268,1,4773.76,2,4,5,11,Loyal
CUST-7144,Aditya Sharma,502,1,230.26,4,4,1,9,Loyal
CUST-7145,Vivaan Roy,588,1,407.24,5,4,2,11,Loyal
CUST-7146,Aarav Jha,168,1,605.27,2,4,3,9,Loyal
CUST-7146,Diya Jha,221,1,582.87,2,4,3,9,Loyal
CUST-7146,Isha Roy,641,1,276.29,5,4,2,11,Loyal
CUST-7147,Arjun Roy,40,1,139.13,1,4,1,6,Developing
CUST-7148,Diya Sharma,150,1,475.06,2,4,2,8,Developing
CUST-7148,Riya Jha,126,1,162.61,1,4,1,6,Developing
CUST-7150,Meera Kumar,211,1,2899.32,2,4,5,11,Loyal
CUST-7153,Anaya Verma,208,1,170.68,2,4,1,7,Developing
CUST-7153,Isha Gupta,632,1,396.78,5,4,2,11,Loyal
CUST-7153,Kabir Patel,91,1,319.54,1,4,2,7,Developing
CUST-7154,Diya Jha,673,1,3351.17,5,4,5,14,Champions
CUST-7155,Aditya Verma,244,1,254.06,2,4,2,8,Developing
CUST-7155,Anaya Verma,157,1,427.17,2,4,2,8,Developing
CUST-7155,Diya Patel,153,1,618.93,2,4,3,9,Loyal
CUST-7161,Anaya Roy,115,1,358.14,1,4,2,7,Developing
CUST-7162,Anaya Roy,212,1,271.66,2,4,2,8,Developing
CUST-7166,Arjun Jha,85,1,911.21,1,4,3,8,Developing
CUST-7166,Diya Sinha,281,1,783.89,2,4,3,9,Loyal
CUST-7166,Meera Sinha,457,1,277.42,4,4,2,10,Loyal
CUST-7167,Diya Jha,459,1,353.86,4,4,2,10,Loyal
CUST-7168,Arjun Kumar,606,1,658.27,5,4,3,12,Champions
CUST-7168,Meera Sharma,491,1,308.58,4,4,2,10,Loyal
CUST-7168,Vivaan Roy,625,1,185.85,5,4,1,10,Loyal
CUST-7169,Aarav Jha,495,1,3064.51,4,4,5,13,Champions
CUST-7170,Isha Sinha,131,1,660.5,1,4,3,8,Developing
CUST-7171,Aditya Sinha,721,1,2918.11,5,4,5,14,Champions
CUST-7171,Meera Sharma,413,1,357.4,3,4,2,9,Loyal
CUST-7172,Aditya Singh,222,1,926.25,2,4,3,9,Loyal
CUST-7172,Diya Roy,495,1,1440.56,4,4,4,12,Champions
CUST-7172,Kabir Roy,522,1,1072.14,4,4,4,12,Champions
CUST-7172,Meera Das,496,1,1968.87,4,4,5,13,Champions
CUST-7173,Kabir Das,460,1,660.26,4,4,3,11,Loyal
CUST-7173,Meera Verma,667,1,2597.46,5,4,5,14,Champions
CUST-7174,Diya Roy,537,1,284.77,4,4,2,10,Loyal
CUST-7174,Meera Sharma,543,1,522.32,4,4,2,10,Loyal
CUST-7175,Meera Sinha,105,1,1011.99,1,4,4,9,Loyal
CUST-7176,Aditya Gupta,178,1,139.7,2,4,1,7,Developing
CUST-7176,Anaya Roy,677,1,84.47,5,4,1,10,Loyal
CUST-7176,Isha Patel,612,1,36.98,5,4,1,10,Loyal
CUST-7178,Anaya Roy,407,1,2799.45,3,4,5,12,Champions
CUST-7178,Arjun Kumar,4,1,1947.42,1,4,5,10,Loyal
CUST-7178,Isha Singh,629,1,3186.84,5,4,5,14,Champions
CUST-7179,Kabir Jha,325,1,2757.8,3,4,5,12,Champions
CUST-7179,Meera Jha,18,1,631.15,1,4,3,8,Developing
CUST-7180,Aditya Sinha,424,1,3129.65,3,4,5,12,Champions
CUST-7180,Anaya Sharma,526,1,180.36,4,4,1,9,Loyal
CUST-7183,Aarav Roy,305,1,543.18,3,4,3,10,Loyal
CUST-7183,Diya Patel,340,1,704.25,3,4,3,10,Loyal
CUST-7185,Isha Kumar,20,1,341.25,1,4,2,7,Developing
CUST-7185,Meera Roy,653,1,263.29,5,4,2,11,Loyal
CUST-7185,Meera Verma,442,1,260.37,4,4,2,10,Loyal
CUST-7186,Diya Patel,400,1,1436.68,3,4,4,11,Loyal
CUST-7188,Diya Kumar,433,1,399.09,3,4,2,9,Loyal
CUST-7189,Vivaan Roy,334,1,2929.69,3,4,5,12,Champions
CUST-7191,Anaya Sinha,662,1,600.29,5,4,3,12,Champions
CUST-7192,Aditya Verma,580,1,472.37,4,4,2,10,Loyal
CUST-7192,Anaya Gupta,631,1,2403.5,5,4,5,14,Champions
CUST-7192,Anaya Roy,38,1,15.31,1,4,1,6,Developing
CUST-7192,Diya Das,44,1,1736.46,1,4,4,9,Loyal
CUST-7192,Vivaan Das,213,1,1231.85,2,4,4,10,Loyal
CUST-7193,Anaya Gupta,283,1,316.75,2,4,2,8,Developing
CUST-7193,Arjun Kumar,483,1,1790.18,4,4,4,12,Champions
CUST-7194,Vivaan Sharma,248,1,478.77,2,4,2,8,Developing
CUST-7195,Arjun Verma,442,1,167.38,4,4,1,9,Loyal
CUST-7195,Isha Verma,254,1,857.23,2,4,3,9,Loyal
CUST-7195,Vivaan Singh,91,1,199.37,1,4,1,6,Developing
CUST-7196,Isha Sinha,343,1,41.77,3,4,1,8,Developing
CUST-7196,Meera Gupta,368,1,119.47,3,4,1,8,Developing
CUST-7196,Vivaan Verma,173,1,64.71,2,4,1,7,Developing
CUST-7197,Diya Jha,500,1,2125.54,4,4,5,13,Champions
CUST-7197,Kabir Sinha,275,1,253.82,2,4,2,8,Developing
CUST-7198,Isha Verma,644,1,1911.26,5,4,4,13,Champions
CUST-7200,Vivaan Sinha,175,1,603.55,2,4,3,9,Loyal
CUST-7201,Diya Jha,584,1,203.55,5,4,1,10,Loyal
CUST-7201,Vivaan Singh,423,1,156.12,3,4,1,8,Developing
CUST-7202,Meera Kumar,433,1,1063.55,3,4,4,11,Loyal
CUST-7202,Vivaan Roy,307,1,460.17,3,4,2,9,Loyal
CUST-7203,Riya Kumar,634,1,3027.44,5,4,5,14,Champions
CUST-7204,Riya Gupta,468,1,1706.46,4,4,4,12,Champions
CUST-7206,Aarav Sharma,220,1,3482.48,2,4,5,11,Loyal
CUST-7207,Vivaan Sinha,673,1,349.58,5,4,2,11,Loyal
CUST-7208,Isha Kumar,652,1,123.44,5,4,1,10,Loyal
CUST-7209,Vivaan Roy,292,1,289.08,3,4,2,9,Loyal
CUST-7210,Riya Gupta,515,1,1751.69,4,4,4,12,Champions
CUST-7211,Arjun Patel,688,1,2616.87,5,4,5,14,Champions
CUST-7212,Aarav Patel,98,1,2977.13,1,4,5,10,Loyal
CUST-7212,Kabir Das,549,1,97.7,4,4,1,9,Loyal
CUST-7213,Arjun Sharma,156,1,1009.52,2,4,4,10,Loyal
CUST-7213,Diya Roy,317,1,369.51,3,4,2,9,Loyal
CUST-7214,Aarav Kumar,599,1,1586.84,5,4,4,13,Champions
CUST-7214,Isha Singh,273,1,91.88,2,4,1,7,Developing
CUST-7215,Meera Singh,559,1,693.98,4,4,3,11,Loyal
CUST-7216,Riya Sharma,319,1,1699.2,3,4,4,11,Loyal
CUST-7218,Arjun Jha,440,1,439.85,4,4,2,10,Loyal
CUST-7218,Diya Roy,129,1,64.44,1,4,1,6,Developing
CUST-7219,Anaya Singh,135,1,263.83,1,4,2,7,Developing
CUST-7219,Arjun Sharma,57,1,1842.37,1,4,4,9,Loyal
CUST-7221,Anaya Verma,654,1,67.12,5,4,1,10,Loyal
CUST-7222,Isha Kumar,561,1,1529.02,4,4,4,12,Champions
CUST-7224,Vivaan Sinha,318,1,49.69,3,4,1,8,Developing
CUST-7225,Riya Roy,475,1,123.96,4,4,1,9,Loyal
CUST-7225,Vivaan Jha,216,1,1344.62,2,4,4,10,Loyal
CUST-7226,Meera Jha,340,1,433.09,3,4,2,9,Loyal
CUST-7227,Aarav Gupta,53,1,55.4,1,4,1,6,Developing
CUST-7227,Kabir Sinha,22,1,451.66,1,4,2,7,Developing
CUST-7227,Vivaan Sinha,236,1,782.47,2,4,3,9,Loyal
CUST-7228,Aarav Patel,451,1,141.18,4,4,1,9,Loyal
CUST-7228,Diya Kumar,324,1,779.18,3,4,3,10,Loyal
CUST-7229,Aditya Sinha,215,1,44.93,2,4,1,7,Developing
CUST-7229,Kabir Singh,191,1,895.42,2,4,3,9,Loyal
CUST-7230,Diya Roy,344,1,638.83,3,4,3,10,Loyal
CUST-7230,Isha Verma,342,1,1995.54,3,4,5,12,Champions
CUST-7230,Kabir Jha,649,1,5353.82,5,4,5,14,Champions
CUST-7231,Anaya Das,568,1,151.57,4,4,1,9,Loyal
CUST-7231,Vivaan Verma,180,2,2352.28,2,5,5,12,Champions
CUST-7232,Anaya Patel,604,1,594.51,5,4,3,12,Champions
CUST-7233,Arjun Sinha,534,1,2786.76,4,4,5,13,Champions
CUST-7235,Meera Patel,330,1,1116.06,3,4,4,11,Loyal
CUST-7237,Kabir Sinha,260,1,295.24,2,4,2,8,Developing
CUST-7239,Vivaan Sharma,508,1,786.66,4,4,3,11,Loyal
CUST-7240,Arjun Patel,617,1,230.3,5,4,1,10,Loyal
CUST-7240,Riya Gupta,341,1,2968.04,3,4,5,12,Champions
CUST-7241,Riya Jha,127,1,1839.45,1,4,4,9,Loyal
CUST-7242,Vivaan Sinha,136,1,1087.28,1,4,4,9,Loyal
CUST-7243,Vivaan Gupta,18,1,1901.22,1,4,4,9,Loyal
CUST-7245,Aditya Gupta,329,1,873.24,3,4,3,10,Loyal
CUST-7246,Aarav Sinha,50,1,1084.5,1,4,4,9,Loyal
CUST-7247,Anaya Roy,510,1,2167.76,4,4,5,13,Champions
CUST-7248,Vivaan Sinha,74,1,413.92,1,4,2,7,Developing
CUST-7250,Arjun Singh,412,1,1943.9,3,4,5,12,Champions
CUST-7251,Aarav Sharma,530,1,3644.86,4,4,5,13,Champions
CUST-7251,Anaya Verma,686,1,168.55,5,4,1,10,Loyal
CUST-7251,Vivaan Gupta,285,1,290.19,2,4,2,8,Developing
CUST-7252,Aditya Verma,221,1,2863.94,2,4,5,11,Loyal
CUST-7253,Anaya Kumar,372,1,4434.22,3,4,5,12,Champions
CUST-7253,Diya Das,725,1,1001.5,5,4,4,13,Champions
CUST-7254,Aarav Singh,664,1,66.26,5,4,1,10,Loyal
CUST-7254,Riya Singh,411,1,354.3,3,4,2,9,Loyal
CUST-7255,Isha Jha,383,1,140.37,3,4,1,8,Developing
CUST-7256,Diya Das,588,1,133.42,5,4,1,10,Loyal
CUST-7256,Kabir Sharma,293,1,748.26,3,4,3,10,Loyal
CUST-7257,Arjun Sinha,252,1,1096.66,2,4,4,10,Loyal
CUST-7257,Isha Jha,9,1,520.08,1,4,2,7,Developing
CUST-7259,Isha Jha,169,1,2102.62,2,4,5,11,Loyal
CUST-7259,Riya Sharma,29,1,580.16,1,4,3,8,Developing
CUST-7260,Aarav Das,687,1,99.79,5,4,1,10,Loyal
CUST-7260,Arjun Jha,449,1,1095.53,4,4,4,12,Champions
CUST-7260,Arjun Kumar,532,1,549.18,4,4,3,11,Loyal
CUST-7261,Aarav Das,670,1,1085.39,5,4,4,13,Champions
CUST-7261,Isha Jha,314,1,996.52,3,4,4,11,Loyal
CUST-7261,Kabir Sharma,341,1,62.39,3,4,1,8,Developing
CUST-7262,Aditya Verma,531,1,491.97,4,4,2,10,Loyal
CUST-7263,Aarav Roy,580,1,484.38,4,4,2,10,Loyal
CUST-7263,Diya Sinha,250,1,871.81,2,4,3,9,Loyal
CUST-7264,Riya Das,539,1,2776.17,4,4,5,13,Champions
CUST-7265,Diya Kumar,98,1,2403.77,1,4,5,10,Loyal
CUST-7266,Aarav Gupta,112,1,759.28,1,4,3,8,Developing
CUST-7266,Aditya Roy,150,1,567.65,2,4,3,9,Loyal
CUST-7266,Riya Sinha,402,1,166.73,3,4,1,8,Developing
CUST-7268,Kabir Sinha,362,1,149.47,3,4,1,8,Developing
CUST-7268,Kabir Verma,127,1,2900.71,1,4,5,10,Loyal
CUST-7269,Isha Das,539,1,503.85,4,4,2,10,Loyal
CUST-7270,Anaya Patel,618,1,1918.75,5,4,4,13,Champions
CUST-7273,Aarav Patel,72,1,198.06,1,4,1,6,Developing
CUST-7273,Arjun Verma,554,1,124.24,4,4,1,9,Loyal
CUST-7273,Vivaan Jha,211,1,432.82,2,4,2,8,Developing
CUST-7275,Aditya Sinha,586,1,1516.56,5,4,4,13,Champions
CUST-7275,Diya Sinha,264,1,43.14,2,4,1,7,Developing
CUST-7275,Vivaan Roy,485,1,243.66,4,4,1,9,Loyal
CUST-7276,Kabir Sharma,63,1,3880.76,1,4,5,10,Loyal
CUST-7276,Kabir Sinha,616,1,317.06,5,4,2,11,Loyal
CUST-7276,Vivaan Sharma,359,1,611.68,3,4,3,10,Loyal
CUST-7277,Arjun Sharma,475,1,332.46,4,4,2,10,Loyal
CUST-7278,Vivaan Kumar,64,1,342.26,1,4,2,7,Developing
CUST-7279,Aarav Das,96,1,189.23,1,4,1,6,Developing
CUST-7279,Anaya Roy,478,1,236.36,4,4,1,9,Loyal
CUST-7279,Meera Sinha,663,1,699.96,5,4,3,12,Champions
CUST-7279,Riya Kumar,327,1,1821.91,3,4,4,11,Loyal
CUST-7281,Aarav Sinha,403,1,2368.66,3,4,5,12,Champions
CUST-7281,Diya Sinha,402,1,86.2,3,4,1,8,Developing
CUST-7281,Kabir Singh,86,1,1600.36,1,4,4,9,Loyal
CUST-7281,Riya Verma,180,1,1859.67,2,4,4,10,Loyal
CUST-7282,Diya Sharma,397,1,647.36,3,4,3,10,Loyal
CUST-7282,Diya Verma,260,1,21.81,2,4,1,7,Developing
CUST-7283,Aditya Sharma,718,1,4809.02,5,4,5,14,Champions
CUST-7283,Isha Kumar,446,1,3659.88,4,4,5,13,Champions
CUST-7283,Kabir Das,212,1,51.71,2,4,1,7,Developing
CUST-7284,Aarav Singh,296,1,332.22,3,4,2,9,Loyal
CUST-7285,Kabir Patel,261,1,901.07,2,4,3,9,Loyal
CUST-7286,Diya Sinha,148,1,2251.77,2,4,5,11,Loyal
CUST-7286,Isha Kumar,467,1,475.63,4,4,2,10,Loyal
CUST-7287,Aarav Patel,323,1,4644.48,3,4,5,12,Champions
CUST-7287,Meera Sinha,280,1,98.01,2,4,1,7,Developing
CUST-7288,Arjun Patel,141,1,381.82,1,4,2,7,Developing
CUST-7288,Isha Das,259,1,3467.16,2,4,5,11,Loyal
CUST-7288,Isha Jha,485,1,2277.67,4,4,5,13,Champions
CUST-7289,Anaya Das,545,1,1588.04,4,4,4,12,Champions
CUST-7290,Kabir Sinha,112,1,392.69,1,4,2,7,Developing
CUST-7290,Meera Patel,465,1,283.9,4,4,2,10,Loyal
CUST-7291,Diya Gupta,158,1,574.97,2,4,3,9,Loyal
CUST-7292,Isha Das,331,1,1417.58,3,4,4,11,Loyal
CUST-7294,Arjun Gupta,65,1,838.27,1,4,3,8,Developing
CUST-7295,Anaya Jha,488,1,433.17,4,4,2,10,Loyal
CUST-7297,Isha Das,357,1,2269.82,3,4,5,12,Champions
CUST-7300,Diya Verma,361,1,98.51,3,4,1,8,Developing
CUST-7300,Kabir Das,643,1,1265.42,5,4,4,13,Champions
CUST-7302,Kabir Verma,318,1,2260.69,3,4,5,12,Champions
CUST-7303,Vivaan Kumar,119,1,2087.67,1,4,5,10,Loyal
CUST-7304,Aarav Sinha,99,1,2447.51,1,4,5,10,Loyal
CUST-7304,Anaya Sharma,295,1,605.05,3,4,3,10,Loyal
CUST-7304,Kabir Verma,134,1,4609.67,1,4,5,10,Loyal
CUST-7305,Aarav Gupta,515,1,100.77,4,4,1,9,Loyal
CUST-7305,Aditya Gupta,438,1,618.88,4,4,3,11,Loyal
CUST-7305,Anaya Kumar,651,1,1988.78,5,4,5,14,Champions
CUST-7306,Diya Gupta,646,1,1012.94,5,4,4,13,Champions
CUST-7307,Anaya Sharma,562,1,835.52,4,4,3,11,Loyal
CUST-7308,Arjun Kumar,106,1,18.14,1,4,1,6,Developing
CUST-7309,Riya Sinha,378,1,1474.8,3,4,4,11,Loyal
CUST-7311,Diya Verma,336,1,195.14,3,4,1,8,Developing
CUST-7311,Isha Sinha,464,1,1067.21,4,4,4,12,Champions
CUST-7311,Kabir Patel,635,1,617.01,5,4,3,12,Champions
CUST-7312,Anaya Gupta,439,1,560.19,4,4,3,11,Loyal
CUST-7312,Vivaan Jha,331,1,613.12,3,4,3,10,Loyal
CUST-7313,Anaya Roy,113,1,37.83,1,4,1,6,Developing
CUST-7313,Isha Sinha,698,1,694.09,5,4,3,12,Champions
CUST-7315,Meera Gupta,211,1,4184.12,2,4,5,11,Loyal
CUST-7315,Meera Jha,286,1,1150.66,2,4,4,10,Loyal
CUST-7315,Meera Verma,21,1,206.32,1,4,1,6,Developing
CUST-7315,Vivaan Patel,724,1,16.91,5,4,1,10,Loyal
CUST-7317,Meera Sinha,713,1,361.17,5,4,2,11,Loyal
CUST-7319,Aarav Gupta,517,1,317.92,4,4,2,10,Loyal
CUST-7319,Aarav Kumar,597,1,175.06,5,4,1,10,Loyal
CUST-7319,Anaya Das,234,1,1002.83,2,4,4,10,Loyal
CUST-7319,Diya Gupta,247,1,416.78,2,4,2,8,Developing
CUST-7319,Riya Gupta,261,1,1844.68,2,4,4,10,Loyal
CUST-7320,Arjun Sinha,634,1,3072.47,5,4,5,14,Champions
CUST-7320,Isha Jha,386,1,3736.46,3,4,5,12,Champions
CUST-7320,Riya Singh,508,1,725.62,4,4,3,11,Loyal
CUST-7322,Kabir Patel,478,1,1360.36,4,4,4,12,Champions
CUST-7323,Aditya Roy,232,1,121.09,2,4,1,7,Developing
CUST-7324,Aditya Roy,462,1,1116.07,4,4,4,12,Champions
CUST-7324,Arjun Patel,660,1,1856.02,5,4,4,13,Champions
CUST-7325,Anaya Sharma,727,1,2927.13,5,4,5,14,Champions
CUST-7327,Anaya Kumar,17,1,196.35,1,4,1,6,Developing
CUST-7327,Riya Sinha,115,1,1324.22,1,4,4,9,Loyal
CUST-7330,Riya Das,372,1,1791.54,3,4,4,11,Loyal
CUST-7331,Riya Roy,522,1,2017.92,4,4,5,13,Champions
CUST-7332,Diya Jha,127,1,1769.98,1,4,4,9,Loyal
CUST-7332,Vivaan Sinha,333,1,33.2,3,4,1,8,Developing
CUST-7333,Isha Roy,116,1,4973.78,1,4,5,10,Loyal
CUST-7335,Aarav Verma,41,1,941.23,1,4,3,8,Developing
CUST-7335,Isha Singh,397,1,651.37,3,4,3,10,Loyal
CUST-7336,Arjun Roy,554,1,430.66,4,4,2,10,Loyal
CUST-7336,Riya Sharma,83,1,795.36,1,4,3,8,Developing
CUST-7337,Aditya Verma,301,1,321.97,3,4,2,9,Loyal
CUST-7337,Anaya Kumar,48,1,17.46,1,4,1,6,Developing
CUST-7340,Kabir Sinha,30,1,890.32,1,4,3,8,Developing
CUST-7341,Anaya Sharma,668,1,2077.95,5,4,5,14,Champions
CUST-7341,Vivaan Sinha,15,1,1125.07,1,4,4,9,Loyal
CUST-7342,Aditya Verma,349,1,157.98,3,4,1,8,Developing
CUST-7343,Arjun Kumar,430,1,304.45,3,4,2,9,Loyal
CUST-7343,Isha Kumar,251,1,1457.34,2,4,4,10,Loyal
CUST-7343,Kabir Das,25,1,446.15,1,4,2,7,Developing
CUST-7344,Aditya Gupta,279,1,181.26,2,4,1,7,Developing
CUST-7344,Meera Jha,509,1,119.92,4,4,1,9,Loyal
CUST-7345,Isha Patel,225,1,264.91,2,4,2,8,Developing
CUST-7346,Kabir Roy,286,1,1330.25,2,4,4,10,Loyal
CUST-7346,Vivaan Roy,24,1,477.86,1,4,2,7,Developing
CUST-7347,Diya Sharma,709,1,230.17,5,4,1,10,Loyal
CUST-7348,Anaya Roy,303,1,1120.72,3,4,4,11,Loyal
CUST-7350,Meera Verma,439,1,2585.05,4,4,5,13,Champions
CUST-7351,Arjun Das,361,1,1582.46,3,4,4,11,Loyal
CUST-7352,Aditya Jha,439,1,1055.43,4,4,4,12,Champions
CUST-7352,Kabir Verma,521,1,2829.26,4,4,5,13,Champions
CUST-7352,Riya Patel,650,1,626.55,5,4,3,12,Champions
CUST-7354,Aarav Verma,291,1,765.72,2,4,3,9,Loyal
CUST-7354,Kabir Singh,551,1,124.15,4,4,1,9,Loyal
CUST-7355,Meera Singh,274,1,580.89,2,4,3,9,Loyal
CUST-7356,Diya Das,551,1,261.59,4,4,2,10,Loyal
CUST-7356,Kabir Roy,449,1,250.25,4,4,2,10,Loyal
CUST-7356,Riya Kumar,354,1,695.19,3,4,3,10,Loyal
CUST-7357,Diya Singh,410,1,3811.25,3,4,5,12,Champions
CUST-7358,Isha Roy,540,1,189.64,4,4,1,9,Loyal
CUST-7359,Aarav Das,181,1,291.49,2,4,2,8,Developing
CUST-7359,Anaya Das,561,1,1416.82,4,4,4,12,Champions
CUST-7359,Anaya Verma,627,1,3531.22,5,4,5,14,Champions
CUST-7359,Diya Sinha,558,1,1092.6,4,4,4,12,Champions
CUST-7359,Riya Roy,463,1,14.52,4,4,1,9,Loyal
CUST-7360,Aarav Gupta,540,1,335.52,4,4,2,10,Loyal
CUST-7360,Kabir Kumar,195,1,494.33,2,4,2,8,Developing
CUST-7360,Vivaan Singh,544,1,1334.56,4,4,4,12,Champions
CUST-7362,Kabir Sharma,245,1,883.1,2,4,3,9,Loyal
CUST-7363,Riya Patel,251,1,433.67,2,4,2,8,Developing
CUST-7363,Vivaan Sharma,665,1,2478.97,5,4,5,14,Champions
CUST-7368,Diya Patel,193,1,448.07,2,4,2,8,Developing
CUST-7368,Kabir Singh,152,1,1588.63,2,4,4,10,Loyal
CUST-7369,Aarav Singh,258,1,693.43,2,4,3,9,Loyal
CUST-7370,Aditya Sinha,390,1,1060.58,3,4,4,11,Loyal
CUST-7370,Anaya Verma,457,1,703.9,4,4,3,11,Loyal
CUST-7371,Anaya Sinha,620,1,298.72,5,4,2,11,Loyal
CUST-7371,Isha Verma,275,1,1960.5,2,4,5,11,Loyal
CUST-7371,Vivaan Sinha,58,1,1038.99,1,4,4,9,Loyal
CUST-7373,Aarav Patel,390,1,1642.67,3,4,4,11,Loyal
CUST-7373,Aditya Singh,535,1,2767.23,4,4,5,13,Champions
CUST-7373,Diya Kumar,452,1,588.23,4,4,3,11,Loyal
CUST-7374,Meera Sharma,697,1,1646.76,5,4,4,13,Champions
CUST-7376,Aarav Sinha,356,1,438.52,3,4,2,9,Loyal
CUST-7376,Vivaan Singh,369,1,640.14,3,4,3,10,Loyal
CUST-7377,Aarav Jha,91,1,617.45,1,4,3,8,Developing
CUST-7377,Aarav Singh,368,1,3163.44,3,4,5,12,Champions
CUST-7377,Diya Singh,58,1,475.25,1,4,2,7,Developing
CUST-7377,Isha Gupta,386,1,269.98,3,4,2,9,Loyal
CUST-7377,Riya Roy,543,1,3502.8,4,4,5,13,Champions
CUST-7377,Vivaan Jha,700,1,19.5,5,4,1,10,Loyal
CUST-7378,Kabir Singh,227,1,403.01,2,4,2,8,Developing
CUST-7378,Riya Gupta,235,1,993.28,2,4,4,10,Loyal
CUST-7379,Aditya Sharma,134,1,95.2,1,4,1,6,Developing
CUST-7379,Kabir Kumar,570,1,666.19,4,4,3,11,Loyal
CUST-7381,Aditya Jha,659,1,87.33,5,4,1,10,Loyal
CUST-7381,Anaya Das,270,1,1315.48,2,4,4,10,Loyal
CUST-7381,Diya Kumar,479,1,2086.81,4,4,5,13,Champions
CUST-7382,Anaya Das,496,1,127.23,4,4,1,9,Loyal
CUST-7382,Anaya Verma,370,1,916.04,3,4,3,10,Loyal
CUST-7382,Isha Sinha,52,1,2042.04,1,4,5,10,Loyal
CUST-7382,Kabir Patel,85,1,1269.88,1,4,4,9,Loyal
CUST-7386,Aarav Kumar,571,1,578.21,4,4,3,11,Loyal
CUST-7387,Diya Gupta,28,1,3326.15,1,4,5,10,Loyal
CUST-7387,Vivaan Sharma,402,1,582.21,3,4,3,10,Loyal
CUST-7388,Vivaan Gupta,643,1,679.97,5,4,3,12,Champions
CUST-7389,Aditya Sinha,503,1,49.3,4,4,1,9,Loyal
CUST-7390,Diya Gupta,274,1,29.23,2,4,1,7,Developing
CUST-7393,Vivaan Sharma,722,1,632.88,5,4,3,12,Champions
CUST-7394,Arjun Singh,588,1,2515.47,5,4,5,14,Champions
CUST-7394,Kabir Sinha,62,1,2627.25,1,4,5,10,Loyal
CUST-7396,Anaya Jha,102,1,3862.36,1,4,5,10,Loyal
CUST-7396,Kabir Verma,274,1,163.14,2,4,1,7,Developing
CUST-7397,Aarav Verma,603,1,557.93,5,4,3,12,Champions
CUST-7397,Isha Kumar,38,1,1249.13,1,4,4,9,Loyal
CUST-7397,Riya Roy,615,1,1065.16,5,4,4,13,Champions
CUST-7401,Vivaan Sharma,587,1,120.61,5,4,1,10,Loyal
CUST-7402,Diya Das,496,1,126.42,4,4,1,9,Loyal
CUST-7402,Meera Roy,607,1,170.18,5,4,1,10,Loyal
CUST-7403,Aarav Kumar,314,1,1642.31,3,4,4,11,Loyal
CUST-7403,Aarav Sharma,301,1,57.32,3,4,1,8,Developing
CUST-7405,Aarav Sinha,578,1,93.63,4,4,1,9,Loyal
CUST-7405,Aditya Sinha,669,1,713.04,5,4,3,12,Champions
CUST-7407,Aditya Singh,563,1,405.96,4,4,2,10,Loyal
CUST-7407,Anaya Verma,118,1,1484.11,1,4,4,9,Loyal
CUST-7407,Diya Sharma,22,1,3395.79,1,4,5,10,Loyal
CUST-7407,Meera Gupta,338,1,130.16,3,4,1,8,Developing
CUST-7407,Meera Jha,669,1,418.45,5,4,2,11,Loyal
CUST-7407,Meera Sinha,531,1,2894.22,4,4,5,13,Champions
CUST-7408,Anaya Singh,692,1,2647.07,5,4,5,14,Champions
CUST-7409,Aditya Verma,465,1,146.95,4,4,1,9,Loyal
CUST-7409,Kabir Roy,19,1,1636.79,1,4,4,9,Loyal
CUST-7410,Kabir Jha,689,1,1628.77,5,4,4,13,Champions
CUST-7410,Kabir Verma,364,1,41.61,3,4,1,8,Developing
CUST-7411,Kabir Jha,362,1,996.98,3,4,4,11,Loyal
CUST-7412,Meera Das,76,1,164.91,1,4,1,6,Developing
CUST-7413,Meera Sinha,113,1,3539.76,1,4,5,10,Loyal
CUST-7414,Vivaan Verma,652,1,641.83,5,4,3,12,Champions
CUST-7416,Isha Patel,255,1,999.28,2,4,4,10,Loyal
CUST-7416,Kabir Singh,645,1,511.16,5,4,2,11,Loyal
CUST-7417,Riya Verma,389,1,53.42,3,4,1,8,Developing
CUST-7418,Isha Jha,361,1,203.13,3,4,1,8,Developing
CUST-7419,Aarav Das,153,1,499.41,2,4,2,8,Developing
CUST-7420,Meera Sharma,697,1,260.3,5,4,2,11,Loyal
CUST-7420,Vivaan Singh,602,1,142.2,5,4,1,10,Loyal
CUST-7421,Kabir Sinha,128,1,119.07,1,4,1,6,Developing
CUST-7422,Anaya Sharma,185,1,255.63,2,4,2,8,Developing
CUST-7424,Arjun Gupta,127,1,2884.32,1,4,5,10,Loyal
CUST-7427,Riya Das,409,1,738.74,3,4,3,10,Loyal
CUST-7428,Aditya Sinha,501,1,1738.55,4,4,4,12,Champions
CUST-7428,Riya Das,596,1,921.93,5,4,3,12,Champions
CUST-7428,Vivaan Verma,525,1,1049.47,4,4,4,12,Champions
CUST-7429,Aditya Patel,163,1,352.22,2,4,2,8,Developing
CUST-7436,Aarav Singh,641,1,2828.11,5,4,5,14,Champions
CUST-7436,Kabir Sharma,173,1,864.63,2,4,3,9,Loyal
CUST-7438,Isha Sinha,665,1,845.66,5,4,3,12,Champions
CUST-7439,Diya Kumar,270,1,2125.06,2,4,5,11,Loyal
CUST-7439,Riya Sinha,221,1,95.51,2,4,1,7,Developing
CUST-7440,Anaya Das,375,1,1171.25,3,4,4,11,Loyal
CUST-7441,Vivaan Singh,24,1,198.77,1,4,1,6,Developing
CUST-7442,Isha Kumar,130,1,600.18,1,4,3,8,Developing
CUST-7444,Arjun Das,163,1,3291.26,2,4,5,11,Loyal
CUST-7444,Meera Gupta,64,1,1916.37,1,4,4,9,Loyal
CUST-7446,Diya Patel,550,1,1091.35,4,4,4,12,Champions
CUST-7446,Meera Verma,683,1,879.51,5,4,3,12,Champions
CUST-7447,Vivaan Singh,715,1,1139.26,5,4,4,13,Champions
CUST-7448,Arjun Jha,498,1,4534.73,4,4,5,13,Champions
CUST-7449,Diya Kumar,257,1,147.66,2,4,1,7,Developing
CUST-7451,Aditya Das,562,1,1355.19,4,4,4,12,Champions
CUST-7453,Aarav Roy,260,1,4597.06,2,4,5,11,Loyal
CUST-7453,Arjun Gupta,527,1,314.1,4,4,2,10,Loyal
CUST-7456,Meera Singh,318,1,2492.63,3,4,5,12,Champions
CUST-7456,Riya Singh,488,1,282.44,4,4,2,10,Loyal
CUST-7456,Vivaan Verma,690,1,508.59,5,4,2,11,Loyal
CUST-7457,Aditya Kumar,25,1,270.9,1,4,2,7,Developing
CUST-7457,Meera Singh,632,1,626.99,5,4,3,12,Champions
CUST-7460,Kabir Das,412,1,78.0,3,4,1,8,Developing
CUST-7460,Meera Jha,496,1,1233.86,4,4,4,12,Champions
CUST-7461,Arjun Das,506,1,458.83,4,4,2,10,Loyal
CUST-7461,Diya Gupta,722,1,965.5,5,4,4,13,Champions
CUST-7461,Vivaan Singh,637,1,103.26,5,4,1,10,Loyal
CUST-7462,Vivaan Patel,394,1,47.64,3,4,1,8,Developing
CUST-7463,Anaya Singh,293,1,4927.12,3,4,5,12,Champions
CUST-7463,Isha Jha,687,1,2202.79,5,4,5,14,Champions
CUST-7463,Kabir Roy,686,1,138.76,5,4,1,10,Loyal
CUST-7465,Arjun Singh,282,1,815.64,2,4,3,9,Loyal
CUST-7466,Aarav Roy,602,1,327.64,5,4,2,11,Loyal
CUST-7466,Aditya Sinha,355,1,163.41,3,4,1,8,Developing
CUST-7466,Anaya Sharma,290,1,197.41,2,4,1,7,Developing
CUST-7466,Arjun Jha,336,1,2542.3,3,4,5,12,Champions
CUST-7466,Riya Jha,222,1,156.38,2,4,1,7,Developing
CUST-7467,Aditya Singh,256,1,100.56,2,4,1,7,Developing
CUST-7467,Aditya Verma,198,1,261.7,2,4,2,8,Developing
CUST-7467,Isha Patel,566,1,295.36,4,4,2,10,Loyal
CUST-7467,Kabir Patel,602,1,128.74,5,4,1,10,Loyal
CUST-7467,Vivaan Das,515,1,947.27,4,4,3,11,Loyal
CUST-7468,Anaya Gupta,625,1,170.43,5,4,1,10,Loyal
CUST-7471,Arjun Gupta,24,1,11.7,1,4,1,6,Developing
CUST-7471,Arjun Sinha,343,1,383.47,3,4,2,9,Loyal
CUST-7473,Aditya Das,11,1,31.0,1,4,1,6,Developing
CUST-7473,Kabir Roy,406,1,159.19,3,4,1,8,Developing
CUST-7473,Meera Sharma,336,1,1333.37,3,4,4,11,Loyal
CUST-7474,Arjun Jha,651,1,2540.54,5,4,5,14,Champions
CUST-7474,Arjun Kumar,511,1,417.12,4,4,2,10,Loyal
CUST-7475,Diya Singh,540,1,496.82,4,4,2,10,Loyal
CUST-7475,Meera Gupta,469,1,1060.3,4,4,4,12,Champions
CUST-7477,Vivaan Gupta,391,1,64.31,3,4,1,8,Developing
CUST-7479,Isha Jha,486,1,216.13,4,4,1,9,Loyal
CUST-7481,Riya Kumar,276,1,216.58,2,4,1,7,Developing
CUST-7483,Aarav Sinha,611,1,1229.73,5,4,4,13,Champions
CUST-7483,Diya Kumar,227,1,651.3,2,4,3,9,Loyal
CUST-7483,Meera Singh,269,1,716.53,2,4,3,9,Loyal
CUST-7484,Vivaan Sharma,246,1,1018.55,2,4,4,10,Loyal
CUST-7485,Aarav Sharma,32,1,702.99,1,4,3,8,Developing
CUST-7485,Diya Jha,288,1,702.72,2,4,3,9,Loyal
CUST-7485,Kabir Kumar,94,1,133.53,1,4,1,6,Developing
CUST-7485,Meera Sharma,676,1,274.53,5,4,2,11,Loyal
CUST-7485,Riya Gupta,718,1,2472.35,5,4,5,14,Champions
CUST-7486,Anaya Kumar,653,1,722.55,5,4,3,12,Champions
CUST-7487,Kabir Gupta,482,1,4451.89,4,4,5,13,Champions
CUST-7487,Kabir Sharma,583,1,847.18,5,4,3,12,Champions
CUST-7488,Vivaan Patel,406,1,1016.83,3,4,4,11,Loyal
CUST-7489,Aarav Kumar,675,1,1878.84,5,4,4,13,Champions
CUST-7489,Aarav Patel,435,1,64.62,4,4,1,9,Loyal
CUST-7489,Isha Kumar,686,1,342.34,5,4,2,11,Loyal
CUST-7492,Aditya Kumar,56,1,99.41,1,4,1,6,Developing
CUST-7492,Arjun Singh,481,1,252.87,4,4,2,10,Loyal
CUST-7492,Riya Roy,330,1,60.48,3,4,1,8,Developing
CUST-7492,Riya Verma,704,1,61.22,5,4,1,10,Loyal
CUST-7493,Diya Singh,729,1,730.0,5,4,3,12,Champions
CUST-7493,Riya Patel,288,1,1919.09,2,4,5,11,Loyal
CUST-7494,Aditya Gupta,703,1,147.16,5,4,1,10,Loyal
CUST-7495,Aditya Sinha,287,1,469.69,2,4,2,8,Developing
CUST-7495,Arjun Sharma,426,1,2353.36,3,4,5,12,Champions
CUST-7496,Arjun Sinha,353,1,390.22,3,4,2,9,Loyal
CUST-7497,Aditya Sinha,521,1,501.46,4,4,2,10,Loyal
CUST-7498,Arjun Patel,134,1,29.95,1,4,1,6,Developing
CUST-7498,Vivaan Verma,583,1,1450.42,5,4,4,13,Champions
CUST-7499,Diya Roy,370,1,766.49,3,4,3,10,Loyal
CUST-7499,Isha Verma,113,1,798.48,1,4,3,8,Developing
CUST-7499,Meera Kumar,527,1,712.52,4,4,3,11,Loyal
CUST-7502,Kabir Sharma,215,1,527.38,2,4,3,9,Loyal
CUST-7503,Kabir Kumar,210,1,2207.64,2,4,5,11,Loyal
CUST-7504,Anaya Singh,528,1,466.87,4,4,2,10,Loyal
CUST-7504,Isha Roy,395,1,371.26,3,4,2,9,Loyal
CUST-7505,Arjun Sharma,85,1,140.8,1,4,1,6,Developing
CUST-7506,Vivaan Jha,511,1,1935.23,4,4,5,13,Champions
CUST-7507,Riya Gupta,228,1,2242.18,2,4,5,11,Loyal
CUST-7510,Aarav Jha,294,1,137.18,3,4,1,8,Developing
CUST-7510,Aarav Sinha,288,1,1961.82,2,4,5,11,Loyal
CUST-7511,Riya Patel,506,1,724.44,4,4,3,11,Loyal
CUST-7513,Kabir Roy,647,1,446.95,5,4,2,11,Loyal
CUST-7514,Vivaan Sharma,395,1,3274.86,3,4,5,12,Champions
CUST-7515,Aditya Gupta,275,1,1097.74,2,4,4,10,Loyal
CUST-7515,Kabir Sinha,551,1,359.25,4,4,2,10,Loyal
CUST-7518,Meera Roy,278,1,237.66,2,4,1,7,Developing
CUST-7519,Diya Singh,224,1,4407.94,2,4,5,11,Loyal
CUST-7520,Anaya Sinha,224,1,284.55,2,4,2,8,Developing
CUST-7520,Anaya Verma,223,1,909.0,2,4,3,9,Loyal
CUST-7520,Diya Patel,203,1,517.47,2,4,2,8,Developing
CUST-7520,Isha Sharma,403,1,1113.08,3,4,4,11,Loyal
CUST-7520,Riya Das,443,1,1917.42,4,4,4,12,Champions
CUST-7521,Anaya Sinha,62,1,265.99,1,4,2,7,Developing
CUST-7522,Riya Singh,104,1,475.16,1,4,2,7,Developing
CUST-7522,Vivaan Jha,110,1,3712.47,1,4,5,10,Loyal
CUST-7523,Anaya Jha,489,1,269.73,4,4,2,10,Loyal
CUST-7524,Aarav Gupta,560,1,157.25,4,4,1,9,Loyal
CUST-7526,Vivaan Gupta,188,1,1787.29,2,4,4,10,Loyal
CUST-7527,Arjun Patel,182,1,185.85,2,4,1,7,Developing
CUST-7527,Diya Singh,360,1,1481.54,3,4,4,11,Loyal
CUST-7528,Aarav Gupta,119,1,1659.6,1,4,4,9,Loyal
CUST-7528,Kabir Roy,685,1,1646.75,5,4,4,13,Champions
CUST-7528,Kabir Verma,456,1,96.86,4,4,1,9,Loyal
CUST-7528,Vivaan Jha,547,1,354.63,4,4,2,10,Loyal
CUST-7529,Meera Das,345,1,194.05,3,4,1,8,Developing
CUST-7530,Arjun Sinha,388,1,590.99,3,4,3,10,Loyal
CUST-7534,Aarav Kumar,690,1,2747.02,5,4,5,14,Champions
CUST-7534,Arjun Kumar,540,1,317.61,4,4,2,10,Loyal
CUST-7535,Kabir Sharma,506,1,693.59,4,4,3,11,Loyal
CUST-7535,Meera Sinha,339,1,497.23,3,4,2,9,Loyal
CUST-7536,Aarav Gupta,251,1,106.48,2,4,1,7,Developing
CUST-7536,Riya Roy,556,1,701.96,4,4,3,11,Loyal
CUST-7538,Anaya Patel,404,1,570.3,3,4,3,10,Loyal
CUST-7538,Kabir Patel,571,1,195.58,4,4,1,9,Loyal
CUST-7538,Meera Jha,590,1,1039.9,5,4,4,13,Champions
CUST-7539,Isha Roy,374,1,1756.76,3,4,4,11,Loyal
CUST-7540,Kabir Das,700,1,381.72,5,4,2,11,Loyal
CUST-7543,Aditya Verma,695,1,2439.71,5,4,5,14,Champions
CUST-7543,Anaya Patel,449,1,1981.94,4,4,5,13,Champions
CUST-7544,Arjun Patel,81,1,235.91,1,4,1,6,Developing
CUST-7545,Aarav Das,498,1,581.35,4,4,3,11,Loyal
CUST-7545,Diya Patel,110,1,516.26,1,4,2,7,Developing
CUST-7545,Vivaan Roy,557,1,1603.02,4,4,4,12,Champions
CUST-7546,Isha Verma,655,1,606.25,5,4,3,12,Champions
CUST-7548,Aarav Jha,29,1,107.27,1,4,1,6,Developing
CUST-7548,Aditya Verma,64,1,139.67,1,4,1,6,Developing
CUST-7548,Riya Sharma,646,1,46.83,5,4,1,10,Loyal
CUST-7548,Vivaan Gupta,349,1,1190.6,3,4,4,11,Loyal
CUST-7549,Aditya Patel,681,1,391.6,5,4,2,11,Loyal
CUST-7549,Anaya Jha,33,1,1093.89,1,4,4,9,Loyal
CUST-7549,Meera Kumar,502,1,794.95,4,4,3,11,Loyal
CUST-7550,Anaya Kumar,290,1,273.98,2,4,2,8,Developing
CUST-7550,Arjun Patel,545,1,746.46,4,4,3,11,Loyal
CUST-7550,Kabir Das,3,1,323.0,1,4,2,7,Developing
CUST-7550,Riya Sinha,277,1,554.83,2,4,3,9,Loyal
CUST-7552,Meera Singh,475,1,642.7,4,4,3,11,Loyal
CUST-7553,Aditya Roy,608,1,2254.79,5,4,5,14,Champions
CUST-7553,Isha Kumar,58,1,2278.29,1,4,5,10,Loyal
CUST-7553,Meera Patel,659,1,628.01,5,4,3,12,Champions
CUST-7554,Isha Verma,680,1,129.98,5,4,1,10,Loyal
CUST-7558,Aditya Roy,205,1,796.32,2,4,3,9,Loyal
CUST-7560,Meera Gupta,661,1,496.04,5,4,2,11,Loyal
CUST-7561,Isha Sharma,579,1,876.06,4,4,3,11,Loyal
CUST-7562,Anaya Singh,710,1,661.48,5,4,3,12,Champions
CUST-7563,Aditya Gupta,469,1,715.16,4,4,3,11,Loyal
CUST-7563,Diya Das,264,1,2455.63,2,4,5,11,Loyal
CUST-7563,Isha Sinha,604,1,39.26,5,4,1,10,Loyal
CUST-7564,Riya Das,350,1,622.48,3,4,3,10,Loyal
CUST-7565,Arjun Das,70,1,332.34,1,4,2,7,Developing
CUST-7565,Vivaan Das,322,1,496.37,3,4,2,9,Loyal
CUST-7568,Meera Verma,662,1,372.82,5,4,2,11,Loyal
CUST-7569,Meera Sharma,502,1,729.18,4,4,3,11,Loyal
CUST-7570,Aarav Patel,118,1,57.96,1,4,1,6,Developing
CUST-7570,Isha Gupta,194,1,282.1,2,4,2,8,Developing
CUST-7570,Kabir Gupta,425,1,1507.72,3,4,4,11,Loyal
CUST-7571,Meera Sinha,592,1,2329.25,5,4,5,14,Champions
CUST-7572,Arjun Roy,572,1,259.87,4,4,2,10,Loyal
CUST-7572,Riya Verma,445,1,2243.76,4,4,5,13,Champions
CUST-7573,Kabir Kumar,297,1,357.18,3,4,2,9,Loyal
CUST-7573,Riya Sinha,143,1,354.21,1,4,2,7,Developing
CUST-7574,Aditya Sinha,244,1,701.81,2,4,3,9,Loyal
CUST-7575,Riya Kumar,449,1,1137.18,4,4,4,12,Champions
CUST-7576,Anaya Gupta,26,1,62.77,1,4,1,6,Developing
CUST-7577,Meera Patel,729,1,188.95,5,4,1,10,Loyal
CUST-7578,Aarav Kumar,73,1,283.33,1,4,2,7,Developing
CUST-7579,Aarav Verma,451,1,1719.19,4,4,4,12,Champions
CUST-7579,Aditya Sharma,444,1,5593.5,4,4,5,13,Champions
CUST-7579,Riya Das,83,1,664.87,1,4,3,8,Developing
CUST-7580,Arjun Sinha,660,1,125.55,5,4,1,10,Loyal
CUST-7582,Aditya Das,727,1,638.64,5,4,3,12,Champions
CUST-7582,Aditya Gupta,596,1,273.89,5,4,2,11,Loyal
CUST-7582,Meera Sharma,640,1,2064.3,5,4,5,14,Champions
CUST-7583,Isha Gupta,294,1,282.61,3,4,2,9,Loyal
CUST-7583,Riya Kumar,336,1,1859.67,3,4,4,11,Loyal
CUST-7583,Vivaan Verma,715,1,3412.12,5,4,5,14,Champions
CUST-7584,Aarav Das,600,1,50.47,5,4,1,10,Loyal
CUST-7585,Aditya Sinha,165,1,469.27,2,4,2,8,Developing
CUST-7585,Kabir Jha,178,2,480.48,2,5,2,9,Loyal
CUST-7585,Kabir Singh,601,1,492.37,5,4,2,11,Loyal
CUST-7585,Riya Das,3,1,2440.0,1,4,5,10,Loyal
CUST-7586,Aarav Sinha,30,1,523.55,1,4,2,7,Developing
CUST-7586,Isha Jha,208,1,124.04,2,4,1,7,Developing
CUST-7587,Arjun Sinha,260,1,296.53,2,4,2,8,Developing
CUST-7587,Meera Sharma,625,1,616.19,5,4,3,12,Champions
CUST-7587,Vivaan Patel,39,1,312.93,1,4,2,7,Developing
CUST-7588,Arjun Gupta,675,1,1651.05,5,4,4,13,Champions
CUST-7588,Diya Das,231,1,539.81,2,4,3,9,Loyal
CUST-7588,Kabir Roy,389,1,98.73,3,4,1,8,Developing
CUST-7588,Meera Sharma,317,1,383.25,3,4,2,9,Loyal
CUST-7588,Riya Verma,221,1,624.22,2,4,3,9,Loyal
CUST-7589,Isha Roy,310,1,310.2,3,4,2,9,Loyal
CUST-7589,Riya Verma,253,1,1341.67,2,4,4,10,Loyal
CUST-7590,Anaya Jha,142,1,748.57,1,4,3,8,Developing
CUST-7591,Aditya Verma,56,1,3235.37,1,4,5,10,Loyal
CUST-7591,Meera Gupta,630,1,698.87,5,4,3,12,Champions
CUST-7592,Vivaan Sharma,163,1,211.21,2,4,1,7,Developing
CUST-7592,Vivaan Singh,720,1,1716.02,5,4,4,13,Champions
CUST-7593,Anaya Verma,192,1,2154.58,2,4,5,11,Loyal
CUST-7594,Kabir Patel,221,1,737.08,2,4,3,9,Loyal
CUST-7595,Diya Jha,34,1,2405.42,1,4,5,10,Loyal
CUST-7595,Kabir Kumar,260,1,1284.96,2,4,4,10,Loyal
CUST-7595,Vivaan Kumar,684,1,109.54,5,4,1,10,Loyal
CUST-7596,Aditya Verma,530,1,884.74,4,4,3,11,Loyal
CUST-7596,Arjun Verma,519,1,293.82,4,4,2,10,Loyal
CUST-7596,Diya Jha,52,1,2540.25,1,4,5,10,Loyal
CUST-7599,Anaya Gupta,551,1,975.06,4,4,4,12,Champions
CUST-7600,Riya Sinha,343,1,146.04,3,4,1,8,Developing
CUST-7600,Vivaan Verma,78,1,3526.55,1,4,5,10,Loyal
CUST-7601,Kabir Patel,691,1,787.62,5,4,3,12,Champions
CUST-7601,Vivaan Roy,34,1,914.1,1,4,3,8,Developing
CUST-7602,Aarav Gupta,85,1,506.12,1,4,2,7,Developing
CUST-7602,Aarav Singh,117,1,857.44,1,4,3,8,Developing
CUST-7602,Anaya Sinha,466,1,1460.27,4,4,4,12,Champions
CUST-7603,Meera Singh,671,1,789.53,5,4,3,12,Champions
CUST-7605,Aditya Das,391,1,2135.51,3,4,5,12,Champions
CUST-7605,Vivaan Patel,449,1,301.35,4,4,2,10,Loyal
CUST-7608,Aditya Sinha,584,1,3253.32,5,4,5,14,Champions
CUST-7608,Anaya Gupta,307,1,29.56,3,4,1,8,Developing
CUST-7609,Aditya Verma,419,1,3696.18,3,4,5,12,Champions
CUST-7609,Anaya Sinha,312,1,45.6,3,4,1,8,Developing
CUST-7609,Meera Das,54,1,2081.72,1,4,5,10,Loyal
CUST-7609,Meera Kumar,728,1,529.7,5,4,3,12,Champions
CUST-7609,Vivaan Roy,253,1,749.21,2,4,3,9,Loyal
CUST-7610,Aditya Das,77,1,1039.56,1,4,4,9,Loyal
CUST-7610,Aditya Roy,3,1,2380.84,1,4,5,10,Loyal
CUST-7610,Riya Singh,178,1,107.8,2,4,1,7,Developing
CUST-7611,Arjun Kumar,699,1,312.86,5,4,2,11,Loyal
CUST-7612,Anaya Sinha,510,1,959.49,4,4,4,12,Champions
CUST-7613,Anaya Sinha,524,1,580.39,4,4,3,11,Loyal
CUST-7613,Diya Sinha,27,1,3744.57,1,4,5,10,Loyal
CUST-7617,Kabir Gupta,676,1,1223.08,5,4,4,13,Champions
CUST-7617,Meera Patel,375,1,76.7,3,4,1,8,Developing
CUST-7618,Vivaan Kumar,62,1,1051.59,1,4,4,9,Loyal
CUST-7619,Anaya Das,143,1,567.34,1,4,3,8,Developing
CUST-7619,Kabir Sharma,329,1,1823.08,3,4,4,11,Loyal
CUST-7619,Riya Jha,600,1,102.39,5,4,1,10,Loyal
CUST-7625,Anaya Patel,431,1,2849.79,3,4,5,12,Champions
CUST-7625,Diya Sinha,3,1,4138.6,1,4,5,10,Loyal
CUST-7627,Vivaan Verma,499,1,1169.83,4,4,4,12,Champions
CUST-7628,Arjun Singh,241,1,620.81,2,4,3,9,Loyal
CUST-7628,Diya Sinha,562,1,330.97,4,4,2,10,Loyal
CUST-7628,Meera Jha,578,1,171.09,4,4,1,9,Loyal
CUST-7628,Riya Singh,334,1,548.14,3,4,3,10,Loyal
CUST-7630,Aditya Jha,530,1,25.28,4,4,1,9,Loyal
CUST-7630,Aditya Verma,417,1,888.33,3,4,3,10,Loyal
CUST-7631,Arjun Roy,379,1,2304.27,3,4,5,12,Champions
CUST-7631,Vivaan Sinha,583,1,1098.1,5,4,4,13,Champions
CUST-7632,Anaya Roy,337,1,484.41,3,4,2,9,Loyal
CUST-7632,Meera Kumar,129,1,312.42,1,4,2,7,Developing
CUST-7633,Riya Sharma,723,1,1819.89,5,4,4,13,Champions
CUST-7634,Aarav Das,635,1,407.95,5,4,2,11,Loyal
CUST-7634,Aditya Gupta,371,1,175.36,3,4,1,8,Developing
CUST-7635,Riya Kumar,509,1,1108.98,4,4,4,12,Champions
CUST-7635,Vivaan Singh,397,1,1943.3,3,4,5,12,Champions
CUST-7639,Arjun Gupta,715,1,717.82,5,4,3,12,Champions
CUST-7640,Isha Das,594,1,2576.3,5,4,5,14,Champions
CUST-7640,Riya Das,578,1,557.12,4,4,3,11,Loyal
CUST-7641,Isha Singh,437,1,605.44,4,4,3,11,Loyal
CUST-7643,Aditya Sinha,198,1,2219.84,2,4,5,11,Loyal
CUST-7643,Anaya Singh,546,1,495.16,4,4,2,10,Loyal
CUST-7643,Arjun Jha,188,1,319.73,2,4,2,8,Developing
CUST-7643,Kabir Kumar,155,1,80.46,2,4,1,7,Developing
CUST-7645,Diya Das,111,1,148.8,1,4,1,6,Developing
CUST-7646,Arjun Roy,629,1,3333.66,5,4,5,14,Champions
CUST-7648,Aarav Singh,113,1,197.96,1,4,1,6,Developing
CUST-7648,Anaya Verma,698,1,243.27,5,4,1,10,Loyal
CUST-7648,Kabir Sharma,371,1,135.86,3,4,1,8,Developing
CUST-7650,Diya Verma,102,1,235.46,1,4,1,6,Developing
CUST-7650,Meera Kumar,503,1,596.33,4,4,3,11,Loyal
CUST-7652,Aarav Jha,343,1,1554.86,3,4,4,11,Loyal
CUST-7652,Arjun Kumar,573,1,3948.4,4,4,5,13,Champions
CUST-7652,Vivaan Sharma,424,1,4171.23,3,4,5,12,Champions
CUST-7653,Arjun Kumar,468,1,443.21,4,4,2,10,Loyal
CUST-7654,Isha Sinha,3,1,253.13,1,4,2,7,Developing
CUST-7655,Arjun Verma,214,1,308.12,2,4,2,8,Developing
CUST-7655,Isha Patel,710,1,220.13,5,4,1,10,Loyal
CUST-7655,Riya Gupta,11,1,213.3,1,4,1,6,Developing
CUST-7657,Meera Sharma,215,1,625.1,2,4,3,9,Loyal
CUST-7657,Vivaan Verma,683,1,252.9,5,4,2,11,Loyal
CUST-7658,Riya Roy,256,1,2191.49,2,4,5,11,Loyal
CUST-7659,Anaya Kumar,280,1,41.29,2,4,1,7,Developing
CUST-7661,Aarav Sharma,511,1,5288.51,4,4,5,13,Champions
CUST-7661,Diya Das,295,1,2321.93,3,4,5,12,Champions
CUST-7661,Isha Singh,142,1,1496.38,1,4,4,9,Loyal
CUST-7661,Riya Verma,252,1,483.37,2,4,2,8,Developing
CUST-7662,Arjun Kumar,30,1,1279.94,1,4,4,9,Loyal
CUST-7662,Kabir Sinha,580,1,425.4,4,4,2,10,Loyal
CUST-7663,Kabir Sharma,707,1,383.87,5,4,2,11,Loyal
CUST-7665,Meera Sharma,654,1,285.53,5,4,2,11,Loyal
CUST-7666,Aditya Verma,563,1,607.6,4,4,3,11,Loyal
CUST-7667,Aarav Kumar,27,1,290.85,1,4,2,7,Developing
CUST-7667,Aditya Das,270,1,47.05,2,4,1,7,Developing
CUST-7668,Kabir Kumar,523,1,343.37,4,4,2,10,Loyal
CUST-7669,Aarav Das,96,1,1232.35,1,4,4,9,Loyal
CUST-7669,Isha Patel,706,1,99.74,5,4,1,10,Loyal
CUST-7670,Aarav Patel,158,1,235.64,2,4,1,7,Developing
CUST-7670,Anaya Das,580,1,501.1,4,4,2,10,Loyal
CUST-7671,Riya Sharma,168,1,1135.75,2,4,4,10,Loyal
CUST-7674,Isha Kumar,80,1,90.23,1,4,1,6,Developing
CUST-7675,Aditya Sinha,10,1,373.3,1,4,2,7,Developing
CUST-7676,Meera Das,383,1,290.23,3,4,2,9,Loyal
CUST-7677,Aditya Singh,425,1,302.39,3,4,2,9,Loyal
CUST-7677,Meera Gupta,31,1,1603.68,1,4,4,9,Loyal
CUST-7678,Diya Jha,26,1,856.9,1,4,3,8,Developing
CUST-7679,Riya Roy,680,1,594.86,5,4,3,12,Champions
CUST-7679,Vivaan Das,15,1,314.61,1,4,2,7,Developing
CUST-7680,Aditya Singh,399,1,939.66,3,4,3,10,Loyal
CUST-7680,Arjun Das,34,1,1129.55,1,4,4,9,Loyal
CUST-7682,Riya Jha,215,1,3584.09,2,4,5,11,Loyal
CUST-7683,Arjun Das,265,1,1178.27,2,4,4,10,Loyal
CUST-7683,Kabir Verma,541,1,150.77,4,4,1,9,Loyal
CUST-7684,Aarav Sinha,364,1,558.18,3,4,3,10,Loyal
CUST-7684,Kabir Singh,13,1,573.04,1,4,3,8,Developing
CUST-7686,Anaya Roy,137,1,483.83,1,4,2,7,Developing
CUST-7686,Arjun Roy,174,1,4590.17,2,4,5,11,Loyal
CUST-7686,Meera Jha,669,1,139.1,5,4,1,10,Loyal
CUST-7686,Riya Sinha,598,1,248.69,5,4,2,11,Loyal
CUST-7690,Aarav Verma,281,1,3486.7,2,4,5,11,Loyal
CUST-7690,Aditya Singh,139,1,573.19,1,4,3,8,Developing
CUST-7690,Arjun Sharma,42,1,860.22,1,4,3,8,Developing
CUST-7691,Anaya Gupta,622,1,497.07,5,4,2,11,Loyal
CUST-7691,Vivaan Singh,369,1,697.95,3,4,3,10,Loyal
CUST-7692,Diya Singh,692,1,440.7,5,4,2,11,Loyal
CUST-7693,Arjun Das,10,1,122.95,1,4,1,6,Developing
CUST-7693,Isha Jha,30,1,923.85,1,4,3,8,Developing
CUST-7694,Vivaan Singh,387,1,3754.49,3,4,5,12,Champions
CUST-7695,Anaya Jha,38,1,856.41,1,4,3,8,Developing
CUST-7695,Anaya Singh,575,1,2782.5,4,4,5,13,Champions
CUST-7695,Vivaan Patel,488,1,394.14,4,4,2,10,Loyal
CUST-7696,Aditya Gupta,148,1,764.22,2,4,3,9,Loyal
CUST-7697,Diya Sharma,287,1,3270.67,2,4,5,11,Loyal
CUST-7697,Isha Sinha,150,1,1076.4,2,4,4,10,Loyal
CUST-7697,Vivaan Jha,665,1,74.57,5,4,1,10,Loyal
CUST-7698,Arjun Sinha,603,1,675.03,5,4,3,12,Champions
CUST-7699,Kabir Gupta,675,1,5557.96,5,4,5,14,Champions
CUST-7699,Riya Roy,270,1,83.34,2,4,1,7,Developing
CUST-7699,Vivaan Sharma,528,1,259.69,4,4,2,10,Loyal
CUST-7701,Isha Gupta,217,1,973.83,2,4,4,10,Loyal
CUST-7702,Diya Gupta,381,1,207.07,3,4,1,8,Developing
CUST-7702,Kabir Kumar,50,1,1320.35,1,4,4,9,Loyal
CUST-7703,Anaya Das,583,1,138.42,5,4,1,10,Loyal
CUST-7703,Riya Sinha,240,1,326.85,2,4,2,8,Developing
CUST-7703,Vivaan Patel,218,1,1112.17,2,4,4,10,Loyal
CUST-7704,Anaya Sharma,562,1,79.32,4,4,1,9,Loyal
CUST-7704,Meera Sinha,455,1,2348.44,4,4,5,13,Champions
CUST-7705,Anaya Das,483,1,812.48,4,4,3,11,Loyal
CUST-7705,Vivaan Verma,377,1,149.08,3,4,1,8,Developing
CUST-7706,Isha Singh,358,1,178.23,3,4,1,8,Developing
CUST-7707,Meera Singh,476,1,1751.83,4,4,4,12,Champions
CUST-7708,Isha Kumar,516,1,4328.48,4,4,5,13,Champions
CUST-7709,Isha Roy,634,1,73.42,5,4,1,10,Loyal
CUST-7709,Riya Kumar,362,1,313.18,3,4,2,9,Loyal
CUST-7710,Arjun Gupta,477,1,884.24,4,4,3,11,Loyal
CUST-7713,Aarav Das,139,1,1450.15,1,4,4,9,Loyal
CUST-7713,Diya Patel,568,1,227.49,4,4,1,9,Loyal
CUST-7713,Meera Patel,473,1,916.22,4,4,3,11,Loyal
CUST-7714,Diya Sharma,653,1,538.73,5,4,3,12,Champions
CUST-7714,Meera Sharma,271,1,294.09,2,4,2,8,Developing
CUST-7716,Kabir Jha,426,1,892.48,3,4,3,10,Loyal
CUST-7716,Kabir Patel,118,1,69.19,1,4,1,6,Developing
CUST-7718,Meera Kumar,525,1,3470.72,4,4,5,13,Champions
CUST-7719,Diya Kumar,81,1,2845.08,1,4,5,10,Loyal
CUST-7719,Riya Verma,11,1,887.79,1,4,3,8,Developing
CUST-7720,Kabir Verma,591,1,4471.68,5,4,5,14,Champions
CUST-7720,Riya Das,132,1,49.06,1,4,1,6,Developing
CUST-7721,Arjun Das,386,1,2366.66,3,4,5,12,Champions
CUST-7721,Arjun Kumar,320,1,127.93,3,4,1,8,Developing
CUST-7721,Kabir Verma,293,1,133.22,3,4,1,8,Developing
CUST-7722,Anaya Patel,188,1,891.49,2,4,3,9,Loyal
CUST-7723,Vivaan Sinha,575,1,1208.37,4,4,4,12,Champions
CUST-7724,Aditya Jha,514,1,3819.25,4,4,5,13,Champions
CUST-7725,Riya Gupta,647,1,804.24,5,4,3,12,Champions
CUST-7726,Kabir Roy,350,1,87.22,3,4,1,8,Developing
CUST-7727,Aditya Sinha,46,1,2934.35,1,4,5,10,Loyal
CUST-7727,Isha Das,397,1,3384.94,3,4,5,12,Champions
CUST-7728,Arjun Jha,299,1,245.68,3,4,2,9,Loyal
CUST-7729,Diya Jha,640,1,676.05,5,4,3,12,Champions
CUST-7730,Anaya Roy,411,1,2915.79,3,4,5,12,Champions
CUST-7731,Arjun Kumar,324,1,341.01,3,4,2,9,Loyal
CUST-7731,Arjun Roy,33,1,1155.15,1,4,4,9,Loyal
CUST-7732,Aditya Gupta,546,1,297.14,4,4,2,10,Loyal
CUST-7732,Arjun Patel,623,1,478.05,5,4,2,11,Loyal
CUST-7732,Vivaan Gupta,653,1,385.19,5,4,2,11,Loyal
CUST-7734,Riya Verma,596,1,4117.51,5,4,5,14,Champions
CUST-7736,Aditya Kumar,254,1,1407.58,2,4,4,10,Loyal
CUST-7737,Kabir Das,585,1,1782.94,5,4,4,13,Champions
CUST-7739,Diya Sharma,565,1,820.76,4,4,3,11,Loyal
CUST-7740,Aarav Singh,154,1,797.23,2,4,3,9,Loyal
CUST-7740,Riya Verma,447,1,2482.22,4,4,5,13,Champions
CUST-7741,Anaya Kumar,577,1,1901.38,4,4,4,12,Champions
CUST-7741,Diya Kumar,576,1,429.75,4,4,2,10,Loyal
CUST-7744,Aarav Jha,674,1,3250.64,5,4,5,14,Champions
CUST-7744,Aditya Jha,41,1,1032.03,1,4,4,9,Loyal
CUST-7745,Vivaan Sinha,284,1,4581.02,2,4,5,11,Loyal
CUST-7747,Isha Jha,426,1,541.49,3,4,3,10,Loyal
CUST-7747,Isha Roy,449,1,4888.89,4,4,5,13,Champions
CUST-7747,Vivaan Patel,641,1,586.61,5,4,3,12,Champions
CUST-7748,Isha Roy,235,1,2636.56,2,4,5,11,Loyal
CUST-7749,Aditya Patel,10,1,3278.96,1,4,5,10,Loyal
CUST-7749,Arjun Sinha,557,1,1541.08,4,4,4,12,Champions
CUST-7749,Diya Sinha,705,1,585.26,5,4,3,12,Champions
CUST-7752,Arjun Jha,124,1,1630.07,1,4,4,9,Loyal
CUST-7753,Vivaan Verma,400,1,828.58,3,4,3,10,Loyal
CUST-7754,Isha Jha,327,1,986.59,3,4,4,11,Loyal
CUST-7755,Aditya Singh,443,1,736.5,4,4,3,11,Loyal
CUST-7755,Vivaan Gupta,289,1,3774.83,2,4,5,11,Loyal
CUST-7758,Anaya Gupta,157,1,1401.6,2,4,4,10,Loyal
CUST-7759,Aarav Das,728,1,290.93,5,4,2,11,Loyal
CUST-7759,Anaya Gupta,618,1,1478.08,5,4,4,13,Champions
CUST-7760,Aditya Singh,250,1,199.3,2,4,1,7,Developing
CUST-7762,Anaya Gupta,481,1,2255.03,4,4,5,13,Champions
CUST-7764,Aarav Jha,101,1,517.13,1,4,2,7,Developing
CUST-7764,Arjun Jha,385,1,82.96,3,4,1,8,Developing
CUST-7764,Vivaan Kumar,465,1,387.14,4,4,2,10,Loyal
CUST-7765,Anaya Sharma,99,1,3626.88,1,4,5,10,Loyal
CUST-7766,Isha Roy,288,1,1277.61,2,4,4,10,Loyal
CUST-7767,Isha Jha,423,1,2097.16,3,4,5,12,Champions
CUST-7769,Arjun Das,378,1,1679.22,3,4,4,11,Loyal
CUST-7770,Aarav Patel,528,1,12.49,4,4,1,9,Loyal
CUST-7770,Aditya Sinha,542,1,693.76,4,4,3,11,Loyal
CUST-7770,Meera Gupta,396,1,1615.22,3,4,4,11,Loyal
CUST-7771,Arjun Sinha,465,1,888.05,4,4,3,11,Loyal
CUST-7771,Diya Roy,527,1,1162.81,4,4,4,12,Champions
CUST-7772,Anaya Verma,663,1,2085.69,5,4,5,14,Champions
CUST-7772,Arjun Verma,179,1,132.71,2,4,1,7,Developing
CUST-7772,Diya Sinha,443,1,4145.15,4,4,5,13,Champions
CUST-7773,Meera Verma,60,1,1640.37,1,4,4,9,Loyal
CUST-7774,Riya Patel,443,1,860.64,4,4,3,11,Loyal
CUST-7777,Arjun Singh,314,1,1042.34,3,4,4,11,Loyal
CUST-7777,Vivaan Verma,700,1,49.28,5,4,1,10,Loyal
CUST-7779,Diya Jha,515,1,1287.73,4,4,4,12,Champions
CUST-7780,Anaya Patel,218,1,1124.56,2,4,4,10,Loyal
CUST-7780,Anaya Verma,231,1,31.21,2,4,1,7,Developing
CUST-7781,Meera Roy,83,1,232.63,1,4,1,6,Developing
CUST-7782,Aarav Singh,409,1,1542.29,3,4,4,11,Loyal
CUST-7782,Riya Sharma,441,1,522.33,4,4,2,10,Loyal
CUST-7785,Anaya Jha,555,1,424.38,4,4,2,10,Loyal
CUST-7785,Kabir Singh,300,1,149.67,3,4,1,8,Developing
CUST-7785,Vivaan Das,668,1,1116.76,5,4,4,13,Champions
CUST-7788,Kabir Jha,187,1,658.25,2,4,3,9,Loyal
CUST-7790,Arjun Gupta,713,1,2117.75,5,4,5,14,Champions
CUST-7790,Riya Sinha,428,1,554.58,3,4,3,10,Loyal
CUST-7791,Diya Patel,564,1,4125.19,4,4,5,13,Champions
CUST-7792,Arjun Kumar,380,1,560.66,3,4,3,10,Loyal
CUST-7794,Arjun Roy,144,1,1437.66,1,4,4,9,Loyal
CUST-7794,Isha Roy,313,1,2329.94,3,4,5,12,Champions
CUST-7795,Diya Jha,74,1,219.43,1,4,1,6,Developing
CUST-7795,Meera Gupta,51,1,1969.0,1,4,5,10,Loyal
CUST-7796,Aarav Kumar,18,1,827.02,1,4,3,8,Developing
CUST-7796,Riya Jha,70,1,1054.36,1,4,4,9,Loyal
CUST-7797,Meera Kumar,324,1,727.28,3,4,3,10,Loyal
CUST-7797,Meera Roy,492,1,505.48,4,4,2,10,Loyal
CUST-7797,Meera Sinha,202,1,815.19,2,4,3,9,Loyal
CUST-7798,Aarav Jha,335,1,530.56,3,4,3,10,Loyal
CUST-7798,Arjun Sinha,446,1,2174.06,4,4,5,13,Champions
CUST-7798,Riya Patel,185,1,321.82,2,4,2,8,Developing
CUST-7798,Riya Verma,587,1,2874.0,5,4,5,14,Champions
CUST-7799,Vivaan Sinha,659,1,283.51,5,4,2,11,Loyal
CUST-7800,Arjun Kumar,713,1,140.47,5,4,1,10,Loyal
CUST-7800,Arjun Patel,486,1,577.09,4,4,3,11,Loyal
CUST-7801,Aditya Kumar,209,1,610.94,2,4,3,9,Loyal
CUST-7801,Arjun Singh,42,1,1445.14,1,4,4,9,Loyal
CUST-7801,Isha Sinha,481,1,1678.0,4,4,4,12,Champions
CUST-7803,Diya Roy,652,1,431.3,5,4,2,11,Loyal
CUST-7803,Vivaan Gupta,686,1,996.71,5,4,4,13,Champions
CUST-7804,Diya Jha,554,1,2246.1,4,4,5,13,Champions
CUST-7804,Diya Sharma,286,1,2282.32,2,4,5,11,Loyal
CUST-7806,Vivaan Verma,557,1,336.6,4,4,2,10,Loyal
CUST-7807,Riya Sharma,306,1,750.7,3,4,3,10,Loyal
CUST-7808,Diya Sinha,59,1,792.41,1,4,3,8,Developing
CUST-7809,Diya Das,12,1,2798.22,1,4,5,10,Loyal
CUST-7809,Meera Jha,182,1,783.42,2,4,3,9,Loyal
CUST-7810,Diya Singh,155,1,3905.15,2,4,5,11,Loyal
CUST-7810,Meera Das,713,1,1600.05,5,4,4,13,Champions
CUST-7811,Arjun Sinha,413,1,709.6,3,4,3,10,Loyal
CUST-7813,Meera Jha,710,1,818.61,5,4,3,12,Champions
CUST-7813,Meera Sharma,552,1,414.06,4,4,2,10,Loyal
CUST-7814,Arjun Patel,658,2,3267.94,5,5,5,15,Champions
CUST-7815,Anaya Verma,22,1,3986.05,1,4,5,10,Loyal
CUST-7815,Meera Sinha,512,1,429.82,4,4,2,10,Loyal
CUST-7816,Diya Patel,542,1,201.09,4,4,1,9,Loyal
CUST-7816,Isha Kumar,618,1,279.11,5,4,2,11,Loyal
CUST-7817,Aarav Patel,379,1,190.67,3,4,1,8,Developing
CUST-7817,Riya Verma,674,1,3316.53,5,4,5,14,Champions
CUST-7818,Aditya Verma,6,1,3115.69,1,4,5,10,Loyal
CUST-7819,Aarav Sharma,245,1,239.27,2,4,1,7,Developing
CUST-7819,Meera Gupta,331,1,1946.88,3,4,5,12,Champions
CUST-7820,Aditya Gupta,603,1,1380.36,5,4,4,13,Champions
CUST-7820,Kabir Jha,74,1,69.94,1,4,1,6,Developing
CUST-7823,Meera Das,341,1,2065.51,3,4,5,12,Champions
CUST-7823,Meera Kumar,422,1,89.97,3,4,1,8,Developing
CUST-7824,Arjun Sinha,702,1,33.01,5,4,1,10,Loyal
CUST-7825,Kabir Sinha,587,1,1497.27,5,4,4,13,Champions
CUST-7826,Arjun Das,483,1,928.55,4,4,3,11,Loyal
CUST-7827,Meera Gupta,694,1,203.41,5,4,1,10,Loyal
CUST-7828,Diya Jha,664,1,2336.97,5,4,5,14,Champions
CUST-7833,Arjun Patel,568,1,2504.43,4,4,5,13,Champions
CUST-7834,Diya Verma,316,1,167.65,3,4,1,8,Developing
CUST-7834,Kabir Sharma,178,1,3792.79,2,4,5,11,Loyal
CUST-7836,Aarav Sinha,389,1,2904.3,3,4,5,12,Champions
CUST-7837,Aditya Das,34,1,1415.78,1,4,4,9,Loyal
CUST-7837,Meera Singh,106,1,1458.52,1,4,4,9,Loyal
CUST-7838,Aditya Sinha,425,1,115.72,3,4,1,8,Developing
CUST-7838,Kabir Das,161,1,180.12,2,4,1,7,Developing
CUST-7838,Kabir Gupta,102,1,198.32,1,4,1,6,Developing
CUST-7839,Kabir Patel,362,1,1451.87,3,4,4,11,Loyal
CUST-7841,Aarav Singh,483,1,347.78,4,4,2,10,Loyal
CUST-7841,Aarav Sinha,223,1,467.54,2,4,2,8,Developing
CUST-7841,Meera Verma,148,1,2099.58,2,4,5,11,Loyal
CUST-7842,Aarav Kumar,376,1,598.91,3,4,3,10,Loyal
CUST-7842,Aarav Roy,381,1,2431.44,3,4,5,12,Champions
CUST-7842,Anaya Patel,568,1,1010.07,4,4,4,12,Champions
CUST-7842,Kabir Verma,514,1,1201.32,4,4,4,12,Champions
CUST-7844,Vivaan Singh,496,1,725.8,4,4,3,11,Loyal
CUST-7845,Meera Verma,156,1,402.23,2,4,2,8,Developing
CUST-7846,Diya Roy,613,1,549.16,5,4,3,12,Champions
CUST-7847,Aditya Das,427,1,2913.87,3,4,5,12,Champions
CUST-7847,Meera Gupta,688,1,1681.88,5,4,4,13,Champions
CUST-7848,Aditya Jha,399,1,609.91,3,4,3,10,Loyal
CUST-7848,Vivaan Roy,59,1,523.32,1,4,2,7,Developing
CUST-7849,Anaya Sharma,459,1,433.9,4,4,2,10,Loyal
CUST-7852,Aarav Jha,393,1,2566.22,3,4,5,12,Champions
CUST-7852,Arjun Jha,680,1,625.75,5,4,3,12,Champions
CUST-7852,Arjun Sinha,575,1,750.38,4,4,3,11,Loyal
CUST-7852,Kabir Sharma,691,1,305.99,5,4,2,11,Loyal
CUST-7853,Meera Roy,647,1,71.05,5,4,1,10,Loyal
CUST-7854,Arjun Das,727,1,541.19,5,4,3,12,Champions
CUST-7855,Aarav Roy,560,1,1585.93,4,4,4,12,Champions
CUST-7856,Aarav Roy,522,1,177.5,4,4,1,9,Loyal
CUST-7856,Aditya Gupta,644,1,2676.31,5,4,5,14,Champions
CUST-7856,Anaya Patel,633,1,219.99,5,4,1,10,Loyal
CUST-7856,Arjun Gupta,283,1,73.0,2,4,1,7,Developing
CUST-7856,Diya Jha,715,1,78.74,5,4,1,10,Loyal
CUST-7857,Riya Sharma,37,1,1146.77,1,4,4,9,Loyal
CUST-7858,Arjun Gupta,296,1,1572.89,3,4,4,11,Loyal
CUST-7858,Arjun Kumar,700,1,823.81,5,4,3,12,Champions
CUST-7858,Diya Gupta,503,1,110.55,4,4,1,9,Loyal
CUST-7862,Anaya Jha,427,1,86.7,3,4,1,8,Developing
CUST-7862,Isha Das,351,1,2178.16,3,4,5,12,Champions
CUST-7862,Vivaan Roy,148,1,75.46,2,4,1,7,Developing
CUST-7866,Diya Roy,583,1,123.09,5,4,1,10,Loyal
CUST-7867,Aditya Singh,108,1,415.83,1,4,2,7,Developing
CUST-7867,Kabir Kumar,229,1,965.07,2,4,4,10,Loyal
CUST-7868,Diya Roy,272,1,646.59,2,4,3,9,Loyal
CUST-7869,Isha Sharma,29,1,157.27,1,4,1,6,Developing
CUST-7872,Aarav Das,190,1,1168.4,2,4,4,10,Loyal
CUST-7872,Aarav Kumar,23,1,2242.01,1,4,5,10,Loyal
CUST-7873,Aditya Gupta,681,1,1416.46,5,4,4,13,Champions
CUST-7873,Vivaan Sinha,447,1,1871.58,4,4,4,12,Champions
CUST-7874,Diya Roy,2,1,1933.13,1,4,5,10,Loyal
CUST-7875,Diya Sharma,134,1,746.16,1,4,3,8,Developing
CUST-7875,Kabir Singh,517,1,37.77,4,4,1,9,Loyal
CUST-7876,Riya Sinha,407,1,3675.2,3,4,5,12,Champions
CUST-7877,Isha Das,525,1,511.71,4,4,2,10,Loyal
CUST-7879,Aditya Roy,313,1,1998.61,3,4,5,12,Champions
CUST-7879,Anaya Jha,591,1,60.56,5,4,1,10,Loyal
CUST-7879,Kabir Sharma,111,1,860.86,1,4,3,8,Developing
CUST-7880,Vivaan Roy,596,1,750.75,5,4,3,12,Champions
CUST-7881,Riya Kumar,626,1,2946.98,5,4,5,14,Champions
CUST-7882,Arjun Gupta,282,1,2890.16,2,4,5,11,Loyal
CUST-7884,Aditya Singh,515,1,2494.61,4,4,5,13,Champions
CUST-7884,Arjun Singh,83,1,210.58,1,4,1,6,Developing
CUST-7884,Isha Roy,153,1,206.12,2,4,1,7,Developing
CUST-7884,Vivaan Gupta,412,1,713.96,3,4,3,10,Loyal
CUST-7885,Anaya Singh,458,1,320.97,4,4,2,10,Loyal
CUST-7886,Diya Sinha,281,1,763.94,2,4,3,9,Loyal
CUST-7887,Isha Roy,224,1,77.07,2,4,1,7,Developing
CUST-7887,Meera Gupta,224,1,1528.91,2,4,4,10,Loyal
CUST-7888,Aditya Sharma,208,1,1066.19,2,4,4,10,Loyal
CUST-7888,Anaya Sinha,680,1,737.8,5,4,3,12,Champions
CUST-7888,Vivaan Kumar,669,1,110.95,5,4,1,10,Loyal
CUST-7890,Riya Singh,475,1,704.62,4,4,3,11,Loyal
CUST-7891,Diya Patel,580,1,92.16,4,4,1,9,Loyal
CUST-7891,Isha Roy,612,1,1084.51,5,4,4,13,Champions
CUST-7891,Vivaan Jha,467,1,4739.01,4,4,5,13,Champions
CUST-7892,Anaya Sinha,44,1,2988.33,1,4,5,10,Loyal
CUST-7892,Riya Patel,227,1,1136.23,2,4,4,10,Loyal
CUST-7893,Arjun Das,83,1,751.21,1,4,3,8,Developing
CUST-7893,Arjun Kumar,706,1,324.12,5,4,2,11,Loyal
CUST-7894,Arjun Sharma,687,1,371.9,5,4,2,11,Loyal
CUST-7895,Aarav Das,534,1,553.98,4,4,3,11,Loyal
CUST-7896,Meera Das,488,1,3076.62,4,4,5,13,Champions
CUST-7896,Vivaan Das,138,1,2981.49,1,4,5,10,Loyal
CUST-7897,Anaya Roy,438,1,1864.99,4,4,4,12,Champions
CUST-7897,Arjun Sharma,520,1,251.8,4,4,2,10,Loyal
CUST-7898,Diya Verma,678,1,111.87,5,4,1,10,Loyal
CUST-7899,Riya Patel,636,1,3181.68,5,4,5,14,Champions
CUST-7900,Riya Kumar,332,1,2127.75,3,4,5,12,Champions
CUST-7900,Vivaan Singh,661,1,3705.84,5,4,5,14,Champions
CUST-7901,Arjun Singh,486,1,2779.79,4,4,5,13,Champions
CUST-7901,Kabir Das,402,1,3118.87,3,4,5,12,Champions
CUST-7901,Riya Kumar,342,1,764.38,3,4,3,10,Loyal
CUST-7902,Aarav Kumar,482,1,64.96,4,4,1,9,Loyal
CUST-7902,Aarav Singh,667,1,903.12,5,4,3,12,Champions
CUST-7902,Arjun Roy,301,1,646.86,3,4,3,10,Loyal
CUST-7902,Isha Das,302,1,907.43,3,4,3,10,Loyal
CUST-7905,Meera Patel,283,1,348.4,2,4,2,8,Developing
CUST-7906,Kabir Das,139,1,1148.56,1,4,4,9,Loyal
CUST-7907,Aarav Verma,510,1,189.53,4,4,1,9,Loyal
CUST-7908,Aditya Das,726,1,302.3,5,4,2,11,Loyal
CUST-7908,Kabir Gupta,337,1,1105.67,3,4,4,11,Loyal
CUST-7910,Aditya Verma,46,1,277.6,1,4,2,7,Developing
CUST-7911,Aarav Das,233,1,369.51,2,4,2,8,Developing
CUST-7912,Aditya Kumar,78,1,179.98,1,4,1,6,Developing
CUST-7912,Anaya Sinha,247,1,153.12,2,4,1,7,Developing
CUST-7912,Kabir Das,650,1,264.66,5,4,2,11,Loyal
CUST-7914,Anaya Kumar,681,1,2476.41,5,4,5,14,Champions
CUST-7914,Riya Roy,689,1,577.43,5,4,3,12,Champions
CUST-7915,Anaya Roy,242,1,1220.1,2,4,4,10,Loyal
CUST-7915,Arjun Das,286,1,1459.6,2,4,4,10,Loyal
CUST-7915,Diya Verma,432,1,3196.37,3,4,5,12,Champions
CUST-7917,Anaya Kumar,69,1,1170.4,1,4,4,9,Loyal
CUST-7918,Aarav Patel,516,1,505.77,4,4,2,10,Loyal
CUST-7918,Arjun Sharma,355,1,3524.04,3,4,5,12,Champions
CUST-7918,Meera Sinha,104,1,1735.82,1,4,4,9,Loyal
CUST-7919,Riya Sinha,448,1,448.05,4,4,2,10,Loyal
CUST-7921,Diya Verma,344,1,3668.15,3,4,5,12,Champions
CUST-7921,Isha Jha,317,1,1765.41,3,4,4,11,Loyal
CUST-7921,Riya Singh,209,1,1541.18,2,4,4,10,Loyal
CUST-7922,Isha Jha,433,1,1200.93,3,4,4,11,Loyal
CUST-7923,Arjun Jha,254,1,1194.17,2,4,4,10,Loyal
CUST-7924,Vivaan Patel,601,1,2176.17,5,4,5,14,Champions
CUST-7925,Aditya Patel,432,1,893.25,3,4,3,10,Loyal
CUST-7925,Meera Jha,421,1,328.51,3,4,2,9,Loyal
CUST-7926,Aditya Sinha,528,1,2624.82,4,4,5,13,Champions
CUST-7926,Anaya Singh,539,1,747.51,4,4,3,11,Loyal
CUST-7927,Anaya Verma,413,1,139.0,3,4,1,8,Developing
CUST-7927,Isha Roy,79,1,714.45,1,4,3,8,Developing
CUST-7928,Arjun Roy,93,1,1490.81,1,4,4,9,Loyal
CUST-7929,Anaya Patel,646,1,2526.82,5,4,5,14,Champions
CUST-7929,Kabir Patel,53,1,101.59,1,4,1,6,Developing
CUST-7929,Kabir Singh,308,1,3106.23,3,4,5,12,Champions
CUST-7932,Meera Jha,413,1,2098.3,3,4,5,12,Champions
CUST-7933,Diya Roy,552,1,973.65,4,4,4,12,Champions
CUST-7934,Riya Sinha,126,1,1350.54,1,4,4,9,Loyal
CUST-7935,Aarav Das,462,1,183.51,4,4,1,9,Loyal
CUST-7937,Aarav Jha,277,1,3010.31,2,4,5,11,Loyal
CUST-7937,Anaya Kumar,292,1,464.33,3,4,2,9,Loyal
CUST-7938,Isha Das,138,1,209.72,1,4,1,6,Developing
CUST-7939,Riya Roy,518,1,481.77,4,4,2,10,Loyal
CUST-7940,Aditya Verma,209,1,1220.32,2,4,4,10,Loyal
CUST-7941,Anaya Sharma,86,1,1219.85,1,4,4,9,Loyal
CUST-7941,Arjun Verma,398,1,91.66,3,4,1,8,Developing
CUST-7941,Riya Das,458,1,61.09,4,4,1,9,Loyal
CUST-7941,Riya Sharma,416,1,1817.11,3,4,4,11,Loyal
CUST-7943,Aditya Verma,548,1,474.81,4,4,2,10,Loyal
CUST-7943,Kabir Sharma,364,1,88.25,3,4,1,8,Developing
CUST-7943,Meera Roy,147,1,570.05,2,4,3,9,Loyal
CUST-7944,Anaya Patel,369,1,388.75,3,4,2,9,Loyal
CUST-7945,Diya Patel,692,1,2056.17,5,4,5,14,Champions
CUST-7945,Diya Verma,320,1,418.37,3,4,2,9,Loyal
CUST-7946,Arjun Gupta,34,1,589.28,1,4,3,8,Developing
CUST-7947,Aditya Singh,109,1,568.71,1,4,3,8,Developing
CUST-7948,Aarav Roy,119,1,2356.72,1,4,5,10,Loyal
CUST-7948,Arjun Patel,33,1,492.67,1,4,2,7,Developing
CUST-7950,Anaya Verma,11,1,254.77,1,4,2,7,Developing
CUST-7951,Kabir Patel,175,1,539.21,2,4,3,9,Loyal
CUST-7951,Riya Jha,129,1,679.99,1,4,3,8,Developing
CUST-7952,Riya Jha,312,1,992.19,3,4,4,11,Loyal
CUST-7952,Riya Sinha,38,1,1167.67,1,4,4,9,Loyal
CUST-7953,Kabir Das,283,1,4581.31,2,4,5,11,Loyal
CUST-7955,Riya Verma,63,1,285.37,1,4,2,7,Developing
CUST-7956,Aarav Verma,615,1,544.48,5,4,3,12,Champions
CUST-7957,Isha Kumar,633,1,300.23,5,4,2,11,Loyal
CUST-7957,Isha Sharma,625,1,434.41,5,4,2,11,Loyal
CUST-7958,Diya Sharma,250,1,453.22,2,4,2,8,Developing
CUST-7959,Diya Verma,57,1,1356.09,1,4,4,9,Loyal
CUST-7959,Vivaan Sinha,490,1,41.55,4,4,1,9,Loyal
CUST-7960,Aditya Jha,33,1,341.69,1,4,2,7,Developing
CUST-7960,Anaya Verma,237,1,1539.7,2,4,4,10,Loyal
CUST-7961,Anaya Patel,220,1,539.52,2,4,3,9,Loyal
CUST-7961,Kabir Jha,616,1,2527.94,5,4,5,14,Champions
CUST-7962,Riya Sinha,513,2,5544.47,4,5,5,14,Champions
CUST-7963,Anaya Kumar,283,1,1552.93,2,4,4,10,Loyal
CUST-7963,Kabir Kumar,469,1,667.85,4,4,3,11,Loyal
CUST-7964,Aarav Gupta,542,1,2295.95,4,4,5,13,Champions
CUST-7964,Diya Patel,103,1,856.77,1,4,3,8,Developing
CUST-7965,Kabir Kumar,615,1,91.64,5,4,1,10,Loyal
CUST-7965,Meera Sinha,725,1,693.94,5,4,3,12,Champions
CUST-7966,Isha Roy,287,1,77.83,2,4,1,7,Developing
CUST-7966,Vivaan Roy,210,1,175.71,2,4,1,7,Developing
CUST-7967,Meera Patel,593,1,2379.74,5,4,5,14,Champions
CUST-7968,Kabir Singh,330,1,80.41,3,4,1,8,Developing
CUST-7969,Aditya Roy,619,1,193.96,5,4,1,10,Loyal
CUST-7970,Riya Singh,223,1,1745.33,2,4,4,10,Loyal
CUST-7970,Vivaan Sinha,215,1,328.93,2,4,2,8,Developing
CUST-7971,Arjun Roy,224,1,1271.06,2,4,4,10,Loyal
CUST-7971,Isha Singh,210,1,812.43,2,4,3,9,Loyal
CUST-7971,Vivaan Kumar,335,1,102.45,3,4,1,8,Developing
CUST-7972,Aarav Das,102,1,570.51,1,4,3,8,Developing
CUST-7972,Anaya Roy,453,1,978.2,4,4,4,12,Champions
CUST-7972,Meera Roy,339,1,1046.8,3,4,4,11,Loyal
CUST-7972,Vivaan Singh,665,1,1346.22,5,4,4,13,Champions
CUST-7973,Aarav Kumar,570,1,198.25,4,4,1,9,Loyal
CUST-7974,Anaya Gupta,467,1,249.42,4,4,2,10,Loyal
CUST-7975,Riya Das,196,1,819.87,2,4,3,9,Loyal
CUST-7976,Diya Singh,625,1,657.42,5,4,3,12,Champions
CUST-7977,Diya Gupta,331,1,310.09,3,4,2,9,Loyal
CUST-7977,Kabir Singh,586,1,1514.44,5,4,4,13,Champions
CUST-7977,Meera Roy,142,1,2499.82,1,4,5,10,Loyal
CUST-7977,Vivaan Kumar,535,1,188.26,4,4,1,9,Loyal
CUST-7979,Arjun Jha,20,1,2412.08,1,4,5,10,Loyal
CUST-7980,Arjun Roy,46,1,3064.92,1,4,5,10,Loyal
CUST-7981,Arjun Roy,117,1,275.9,1,4,2,7,Developing
CUST-7982,Meera Gupta,92,1,669.46,1,4,3,8,Developing
CUST-7982,Meera Singh,139,1,262.61,1,4,2,7,Developing
CUST-7984,Anaya Sinha,579,1,1652.35,4,4,4,12,Champions
CUST-7984,Vivaan Sinha,99,1,497.16,1,4,2,7,Developing
CUST-7986,Isha Gupta,415,1,114.96,3,4,1,8,Developing
CUST-7988,Aditya Singh,208,1,2951.97,2,4,5,11,Loyal
CUST-7988,Anaya Sharma,155,1,192.93,2,4,1,7,Developing
CUST-7988,Isha Roy,699,1,216.16,5,4,1,10,Loyal
CUST-7988,Vivaan Roy,451,1,3720.35,4,4,5,13,Champions
CUST-7989,Isha Das,262,1,2225.67,2,4,5,11,Loyal
CUST-7990,Anaya Gupta,409,1,144.98,3,4,1,8,Developing
CUST-7991,Aarav Sinha,335,1,3964.02,3,4,5,12,Champions
CUST-7991,Isha Sharma,260,1,1400.34,2,4,4,10,Loyal
CUST-7992,Diya Gupta,152,1,34.08,2,4,1,7,Developing
CUST-7993,Anaya Gupta,150,1,203.9,2,4,1,7,Developing
CUST-7993,Riya Jha,435,1,81.09,4,4,1,9,Loyal
CUST-7993,Vivaan Kumar,374,1,570.03,3,4,3,10,Loyal
CUST-7994,Diya Singh,510,1,82.93,4,4,1,9,Loyal
CUST-7994,Meera Roy,668,1,816.45,5,4,3,12,Champions
CUST-7995,Kabir Sharma,221,1,288.02,2,4,2,8,Developing
CUST-7996,Isha Sinha,654,1,513.52,5,4,2,11,Loyal
CUST-7997,Meera Kumar,67,1,2721.65,1,4,5,10,Loyal
CUST-7998,Vivaan Singh,330,1,303.6,3,4,2,9,Loyal
CUST-7999,Diya Roy,648,1,3348.59,5,4,5,14,Champions
CUST-7999,Kabir Gupta,662,1,1672.22,5,4,4,13,Champions
CUST-8000,Isha Roy,528,1,26.89,4,4,1,9,Loyal
CUST-8000,Meera Singh,134,1,2258.73,1,4,5,10,Loyal
CUST-8000,Vivaan Roy,389,1,796.5,3,4,3,10,Loyal
CUST-8001,Vivaan Patel,127,1,384.89,1,4,2,7,Developing
CUST-8002,Meera Gupta,534,1,883.99,4,4,3,11,Loyal
CUST-8002,Vivaan Verma,424,1,705.49,3,4,3,10,Loyal
CUST-8003,Aarav Kumar,234,1,735.7,2,4,3,9,Loyal
CUST-8003,Kabir Singh,72,1,3032.79,1,4,5,10,Loyal
CUST-8003,Meera Gupta,701,1,97.37,5,4,1,10,Loyal
CUST-8003,Meera Sharma,426,1,1429.98,3,4,4,11,Loyal
CUST-8004,Aarav Sinha,16,1,783.31,1,4,3,8,Developing
CUST-8004,Anaya Das,290,1,3450.1,2,4,5,11,Loyal
CUST-8004,Riya Gupta,500,1,685.34,4,4,3,11,Loyal
CUST-8005,Meera Singh,647,1,1583.3,5,4,4,13,Champions
CUST-8006,Arjun Jha,442,1,820.66,4,4,3,11,Loyal
CUST-8006,Arjun Kumar,283,1,483.57,2,4,2,8,Developing
CUST-8007,Vivaan Patel,609,1,593.37,5,4,3,12,Champions
CUST-8008,Isha Roy,464,1,2331.3,4,4,5,13,Champions
CUST-8008,Vivaan Kumar,398,1,771.45,3,4,3,10,Loyal
CUST-8008,Vivaan Sharma,44,1,166.21,1,4,1,6,Developing
CUST-8009,Aditya Gupta,53,1,1741.91,1,4,4,9,Loyal
CUST-8009,Aditya Kumar,304,1,382.79,3,4,2,9,Loyal
CUST-8009,Diya Sinha,139,1,994.4,1,4,4,9,Loyal
CUST-8011,Diya Singh,217,1,26.57,2,4,1,7,Developing
CUST-8012,Isha Sinha,311,1,435.77,3,4,2,9,Loyal
CUST-8013,Aarav Jha,344,1,89.53,3,4,1,8,Developing
CUST-8013,Aditya Sharma,182,1,1401.35,2,4,4,10,Loyal
CUST-8013,Diya Kumar,409,1,1770.24,3,4,4,11,Loyal
CUST-8013,Meera Verma,199,1,1026.77,2,4,4,10,Loyal
CUST-8014,Meera Jha,415,1,2529.63,3,4,5,12,Champions
CUST-8014,Vivaan Patel,295,1,1165.5,3,4,4,11,Loyal
CUST-8015,Aarav Roy,94,1,918.99,1,4,3,8,Developing
CUST-8015,Arjun Jha,374,1,404.62,3,4,2,9,Loyal
CUST-8017,Aarav Singh,350,1,1420.86,3,4,4,11,Loyal
CUST-8017,Aditya Roy,399,1,3251.96,3,4,5,12,Champions
CUST-8017,Diya Kumar,145,1,222.97,1,4,1,6,Developing
CUST-8019,Arjun Verma,695,1,1746.67,5,4,4,13,Champions
CUST-8019,Diya Gupta,71,1,3343.27,1,4,5,10,Loyal
CUST-8019,Meera Das,175,1,2198.7,2,4,5,11,Loyal
CUST-8020,Anaya Roy,327,1,2264.76,3,4,5,12,Champions
CUST-8021,Anaya Verma,162,1,203.03,2,4,1,7,Developing
CUST-8022,Aditya Gupta,7,1,1480.08,1,4,4,9,Loyal
CUST-8024,Aarav Jha,655,1,41.29,5,4,1,10,Loyal
CUST-8025,Diya Jha,422,1,2910.04,3,4,5,12,Champions
CUST-8025,Meera Verma,415,1,779.78,3,4,3,10,Loyal
CUST-8026,Vivaan Verma,367,1,583.97,3,4,3,10,Loyal
CUST-8027,Diya Verma,546,1,924.92,4,4,3,11,Loyal
CUST-8027,Riya Verma,709,1,954.11,5,4,4,13,Champions
CUST-8028,Vivaan Das,158,1,391.91,2,4,2,8,Developing
CUST-8029,Isha Verma,35,1,691.34,1,4,3,8,Developing
CUST-8029,Riya Jha,263,1,492.89,2,4,2,8,Developing
CUST-8030,Vivaan Singh,289,1,621.53,2,4,3,9,Loyal
CUST-8034,Aarav Sinha,479,1,1034.24,4,4,4,12,Champions
CUST-8034,Anaya Sharma,252,1,2568.51,2,4,5,11,Loyal
CUST-8035,Kabir Sharma,540,1,1408.65,4,4,4,12,Champions
CUST-8036,Isha Das,51,1,1265.82,1,4,4,9,Loyal
CUST-8036,Isha Singh,220,1,578.6,2,4,3,9,Loyal
CUST-8036,Vivaan Kumar,423,1,420.5,3,4,2,9,Loyal
CUST-8037,Vivaan Singh,2,1,1557.99,1,4,4,9,Loyal
CUST-8039,Anaya Sharma,161,1,163.62,2,4,1,7,Developing
CUST-8039,Diya Verma,482,1,911.11,4,4,3,11,Loyal
CUST-8039,Isha Gupta,255,1,1245.8,2,4,4,10,Loyal
CUST-8042,Anaya Jha,528,1,34.82,4,4,1,9,Loyal
CUST-8042,Arjun Roy,233,1,277.07,2,4,2,8,Developing
CUST-8042,Meera Sinha,278,1,1456.85,2,4,4,10,Loyal
CUST-8042,Riya Gupta,273,1,2363.84,2,4,5,11,Loyal
CUST-8044,Meera Sinha,578,1,1372.96,4,4,4,12,Champions
CUST-8045,Aarav Sinha,111,1,688.97,1,4,3,8,Developing
CUST-8045,Isha Patel,268,1,66.93,2,4,1,7,Developing
CUST-8046,Riya Das,397,1,484.61,3,4,2,9,Loyal
CUST-8047,Meera Roy,443,1,3344.55,4,4,5,13,Champions
CUST-8048,Diya Sharma,669,1,407.2,5,4,2,11,Loyal
CUST-8049,Aarav Sharma,607,1,660.95,5,4,3,12,Champions
CUST-8049,Isha Kumar,54,1,668.44,1,4,3,8,Developing
CUST-8050,Aarav Kumar,587,1,1647.35,5,4,4,13,Champions
CUST-8050,Anaya Sharma,345,1,119.38,3,4,1,8,Developing
CUST-8051,Aditya Roy,341,1,541.51,3,4,3,10,Loyal
CUST-8051,Vivaan Das,187,1,137.24,2,4,1,7,Developing
CUST-8052,Anaya Jha,57,1,3788.62,1,4,5,10,Loyal
CUST-8052,Riya Jha,552,1,303.28,4,4,2,10,Loyal
CUST-8053,Aditya Sinha,501,1,697.84,4,4,3,11,Loyal
CUST-8054,Isha Jha,605,1,732.99,5,4,3,12,Champions
CUST-8055,Aditya Patel,466,1,407.16,4,4,2,10,Loyal
CUST-8055,Aditya Verma,99,1,319.93,1,4,2,7,Developing
CUST-8057,Anaya Patel,123,1,1215.57,1,4,4,9,Loyal
CUST-8057,Riya Kumar,388,1,1130.91,3,4,4,11,Loyal
CUST-8058,Aarav Singh,424,1,413.9,3,4,2,9,Loyal
CUST-8058,Anaya Das,164,1,2377.87,2,4,5,11,Loyal
CUST-8059,Vivaan Roy,507,1,2684.53,4,4,5,13,Champions
CUST-8062,Vivaan Das,450,1,2741.82,4,4,5,13,Champions
CUST-8063,Vivaan Das,435,1,2590.95,4,4,5,13,Champions
CUST-8064,Aditya Kumar,432,1,2715.04,3,4,5,12,Champions
CUST-8066,Isha Kumar,435,1,409.88,4,4,2,10,Loyal
CUST-8066,Riya Jha,37,1,1037.56,1,4,4,9,Loyal
CUST-8067,Arjun Jha,185,1,411.65,2,4,2,8,Developing
CUST-8067,Meera Singh,100,1,100.03,1,4,1,6,Developing
CUST-8067,Riya Sharma,98,1,59.15,1,4,1,6,Developing
CUST-8068,Aditya Gupta,259,1,42.23,2,4,1,7,Developing
CUST-8068,Diya Kumar,233,1,100.47,2,4,1,7,Developing
CUST-8069,Aarav Patel,458,1,1572.42,4,4,4,12,Champions
CUST-8069,Anaya Das,138,1,2240.05,1,4,5,10,Loyal
CUST-8070,Anaya Kumar,16,1,2260.84,1,4,5,10,Loyal
CUST-8071,Anaya Patel,118,1,1261.84,1,4,4,9,Loyal
CUST-8072,Diya Roy,245,1,671.11,2,4,3,9,Loyal
CUST-8073,Arjun Sharma,458,1,2808.94,4,4,5,13,Champions
CUST-8074,Aditya Roy,728,1,185.68,5,4,1,10,Loyal
CUST-8074,Arjun Sinha,342,1,946.99,3,4,3,10,Loyal
CUST-8075,Aditya Kumar,622,1,2333.26,5,4,5,14,Champions
CUST-8075,Diya Sharma,368,1,2166.86,3,4,5,12,Champions
CUST-8075,Vivaan Sinha,291,1,806.88,2,4,3,9,Loyal
CUST-8076,Riya Roy,581,1,279.71,5,4,2,11,Loyal
CUST-8078,Diya Sinha,324,1,787.82,3,4,3,10,Loyal
CUST-8078,Isha Patel,425,1,877.35,3,4,3,10,Loyal
CUST-8080,Anaya Jha,595,1,3513.09,5,4,5,14,Champions
CUST-8080,Isha Patel,513,1,537.86,4,4,3,11,Loyal
CUST-8080,Vivaan Patel,201,1,626.61,2,4,3,9,Loyal
CUST-8081,Aarav Das,559,1,2630.58,4,4,5,13,Champions
CUST-8081,Vivaan Sinha,207,1,48.02,2,4,1,7,Developing
CUST-8082,Aarav Jha,357,1,715.48,3,4,3,10,Loyal
CUST-8083,Aditya Verma,508,1,2386.18,4,4,5,13,Champions
CUST-8083,Kabir Roy,296,1,37.0,3,4,1,8,Developing
CUST-8084,Anaya Das,723,1,2268.72,5,4,5,14,Champions
CUST-8084,Arjun Sharma,173,1,95.65,2,4,1,7,Developing
CUST-8084,Arjun Sinha,413,1,53.7,3,4,1,8,Developing
CUST-8085,Vivaan Verma,617,1,1435.91,5,4,4,13,Champions
CUST-8086,Aarav Kumar,543,1,963.51,4,4,4,12,Champions
CUST-8086,Anaya Kumar,193,1,387.57,2,4,2,8,Developing
CUST-8086,Vivaan Sinha,80,1,231.7,1,4,1,6,Developing
CUST-8087,Anaya Sinha,223,1,3690.32,2,4,5,11,Loyal
CUST-8087,Riya Sinha,647,1,223.07,5,4,1,10,Loyal
CUST-8089,Diya Patel,690,1,244.58,5,4,2,11,Loyal
CUST-8089,Riya Jha,263,1,1507.46,2,4,4,10,Loyal
CUST-8090,Riya Roy,352,1,179.42,3,4,1,8,Developing
CUST-8091,Aditya Sharma,233,1,1348.27,2,4,4,10,Loyal
CUST-8091,Kabir Jha,611,1,547.83,5,4,3,12,Champions
CUST-8092,Isha Sharma,601,1,1208.43,5,4,4,13,Champions
CUST-8094,Diya Gupta,593,1,2279.46,5,4,5,14,Champions
CUST-8097,Aditya Kumar,183,1,304.04,2,4,2,8,Developing
CUST-8098,Vivaan Das,2,1,509.67,1,4,2,7,Developing
CUST-8099,Meera Sharma,334,1,421.15,3,4,2,9,Loyal
CUST-8099,Riya Kumar,353,1,4116.35,3,4,5,12,Champions
CUST-8099,Vivaan Sharma,343,1,439.48,3,4,2,9,Loyal
CUST-8101,Vivaan Patel,551,1,80.18,4,4,1,9,Loyal
CUST-8102,Arjun Kumar,269,1,87.48,2,4,1,7,Developing
CUST-8102,Isha Jha,68,1,605.14,1,4,3,8,Developing
CUST-8104,Riya Roy,18,1,870.26,1,4,3,8,Developing
CUST-8105,Vivaan Patel,332,1,1149.71,3,4,4,11,Loyal
CUST-8106,Aarav Kumar,318,1,457.51,3,4,2,9,Loyal
CUST-8106,Aarav Sharma,173,1,157.96,2,4,1,7,Developing
CUST-8106,Arjun Patel,500,1,230.95,4,4,1,9,Loyal
CUST-8106,Diya Verma,198,1,329.93,2,4,2,8,Developing
CUST-8106,Kabir Sharma,106,1,458.38,1,4,2,7,Developing
CUST-8107,Diya Sharma,58,1,959.02,1,4,4,9,Loyal
CUST-8108,Aditya Kumar,256,1,586.48,2,4,3,9,Loyal
CUST-8108,Riya Kumar,573,1,359.73,4,4,2,10,Loyal
CUST-8109,Arjun Roy,636,1,511.48,5,4,2,11,Loyal
CUST-8109,Meera Jha,201,1,1079.9,2,4,4,10,Loyal
CUST-8110,Aarav Verma,361,1,2569.89,3,4,5,12,Champions
CUST-8111,Aditya Sharma,176,1,3821.67,2,4,5,11,Loyal
CUST-8111,Meera Jha,537,1,738.7,4,4,3,11,Loyal
CUST-8114,Riya Sharma,71,1,133.33,1,4,1,6,Developing
CUST-8114,Vivaan Roy,133,1,208.68,1,4,1,6,Developing
CUST-8115,Aarav Kumar,38,1,159.9,1,4,1,6,Developing
CUST-8115,Isha Gupta,67,1,275.38,1,4,2,7,Developing
CUST-8116,Aarav Kumar,213,1,2325.91,2,4,5,11,Loyal
CUST-8116,Arjun Verma,698,1,2059.61,5,4,5,14,Champions
CUST-8117,Isha Singh,119,1,916.69,1,4,3,8,Developing
CUST-8119,Diya Verma,72,1,273.14,1,4,2,7,Developing
CUST-8120,Anaya Roy,414,1,302.79,3,4,2,9,Loyal
CUST-8120,Kabir Roy,601,1,1664.53,5,4,4,13,Champions
CUST-8121,Anaya Das,255,1,477.96,2,4,2,8,Developing
CUST-8123,Isha Roy,180,1,1015.39,2,4,4,10,Loyal
CUST-8125,Riya Singh,684,1,436.43,5,4,2,11,Loyal
CUST-8127,Aditya Singh,132,1,463.65,1,4,2,7,Developing
CUST-8127,Vivaan Das,693,1,1192.98,5,4,4,13,Champions
CUST-8128,Vivaan Roy,28,1,1099.39,1,4,4,9,Loyal
CUST-8129,Aarav Roy,613,1,109.64,5,4,1,10,Loyal
CUST-8129,Vivaan Sharma,6,1,2935.99,1,4,5,10,Loyal
CUST-8130,Aarav Gupta,40,1,540.68,1,4,3,8,Developing
CUST-8131,Isha Gupta,148,1,567.32,2,4,3,9,Loyal
CUST-8132,Aarav Sharma,236,1,1084.81,2,4,4,10,Loyal
CUST-8132,Meera Patel,588,1,5577.99,5,4,5,14,Champions
CUST-8133,Anaya Das,474,1,688.63,4,4,3,11,Loyal
CUST-8133,Isha Roy,559,1,164.36,4,4,1,9,Loyal
CUST-8133,Isha Singh,160,1,1940.99,2,4,5,11,Loyal
CUST-8134,Aditya Verma,468,1,55.2,4,4,1,9,Loyal
CUST-8134,Anaya Kumar,583,1,465.09,5,4,2,11,Loyal
CUST-8135,Anaya Gupta,253,1,282.15,2,4,2,8,Developing
CUST-8135,Kabir Singh,151,1,15.95,2,4,1,7,Developing
CUST-8136,Riya Gupta,672,1,3242.0,5,4,5,14,Champions
CUST-8137,Aarav Kumar,726,1,655.28,5,4,3,12,Champions
CUST-8137,Isha Singh,573,1,616.75,4,4,3,11,Loyal
CUST-8138,Isha Gupta,632,1,2825.52,5,4,5,14,Champions
CUST-8138,Isha Jha,458,1,26.73,4,4,1,9,Loyal
CUST-8138,Kabir Kumar,362,1,432.51,3,4,2,9,Loyal
CUST-8139,Diya Kumar,85,1,736.4,1,4,3,8,Developing
CUST-8140,Kabir Das,560,1,543.67,4,4,3,11,Loyal
CUST-8141,Vivaan Verma,236,1,184.83,2,4,1,7,Developing
CUST-8144,Aditya Singh,324,1,2071.32,3,4,5,12,Champions
CUST-8144,Isha Roy,643,1,482.68,5,4,2,11,Loyal
CUST-8145,Anaya Roy,125,1,114.3,1,4,1,6,Developing
CUST-8145,Anaya Verma,257,1,1644.86,2,4,4,10,Loyal
CUST-8146,Aditya Sharma,451,1,131.91,4,4,1,9,Loyal
CUST-8146,Anaya Singh,480,1,313.83,4,4,2,10,Loyal
CUST-8146,Isha Roy,379,1,1420.22,3,4,4,11,Loyal
CUST-8146,Riya Roy,111,1,2514.14,1,4,5,10,Loyal
CUST-8147,Arjun Verma,388,1,842.04,3,4,3,10,Loyal
CUST-8148,Meera Roy,503,1,229.79,4,4,1,9,Loyal
CUST-8149,Kabir Kumar,123,1,1137.24,1,4,4,9,Loyal
CUST-8151,Kabir Gupta,638,1,310.0,5,4,2,11,Loyal
CUST-8153,Diya Sharma,381,1,1473.96,3,4,4,11,Loyal
CUST-8154,Arjun Singh,29,1,28.94,1,4,1,6,Developing
CUST-8155,Riya Roy,335,1,387.47,3,4,2,9,Loyal
CUST-8156,Meera Patel,476,1,1327.65,4,4,4,12,Champions
CUST-8158,Arjun Verma,447,1,319.37,4,4,2,10,Loyal
CUST-8158,Isha Roy,684,1,628.23,5,4,3,12,Champions
CUST-8158,Isha Sharma,604,1,1074.22,5,4,4,13,Champions
CUST-8159,Diya Kumar,531,1,2543.03,4,4,5,13,Champions
CUST-8159,Diya Sharma,661,1,93.44,5,4,1,10,Loyal
CUST-8159,Meera Verma,653,1,633.14,5,4,3,12,Champions
CUST-8160,Isha Jha,68,1,1264.69,1,4,4,9,Loyal
CUST-8161,Isha Gupta,67,1,646.9,1,4,3,8,Developing
CUST-8162,Arjun Jha,168,1,2707.59,2,4,5,11,Loyal
CUST-8162,Arjun Sharma,471,1,1904.64,4,4,4,12,Champions
CUST-8162,Diya Jha,462,1,905.7,4,4,3,11,Loyal
CUST-8162,Isha Singh,388,1,698.78,3,4,3,10,Loyal
CUST-8163,Aarav Sinha,326,1,664.89,3,4,3,10,Loyal
CUST-8163,Diya Kumar,696,1,140.97,5,4,1,10,Loyal
CUST-8163,Kabir Gupta,469,1,570.34,4,4,3,11,Loyal
CUST-8164,Isha Singh,556,1,376.06,4,4,2,10,Loyal
CUST-8164,Meera Verma,460,1,2595.62,4,4,5,13,Champions
CUST-8164,Riya Jha,557,1,292.55,4,4,2,10,Loyal
CUST-8166,Anaya Gupta,350,1,3383.72,3,4,5,12,Champions
CUST-8166,Riya Singh,195,1,215.31,2,4,1,7,Developing
CUST-8167,Isha Singh,240,1,145.88,2,4,1,7,Developing
CUST-8169,Meera Sharma,528,1,1113.21,4,4,4,12,Champions
CUST-8169,Riya Sharma,356,1,61.24,3,4,1,8,Developing
CUST-8169,Riya Verma,686,1,563.2,5,4,3,12,Champions
CUST-8170,Aarav Verma,50,2,962.7,1,5,4,10,Loyal
CUST-8172,Diya Singh,467,1,65.74,4,4,1,9,Loyal
CUST-8172,Vivaan Gupta,226,1,2173.15,2,4,5,11,Loyal
CUST-8173,Aditya Das,128,1,1662.26,1,4,4,9,Loyal
CUST-8173,Kabir Sinha,114,1,2399.99,1,4,5,10,Loyal
CUST-8174,Anaya Jha,675,1,2776.17,5,4,5,14,Champions
CUST-8174,Isha Patel,201,1,1700.19,2,4,4,10,Loyal
CUST-8174,Vivaan Gupta,188,1,1789.59,2,4,4,10,Loyal
CUST-8175,Anaya Gupta,281,1,2291.77,2,4,5,11,Loyal
CUST-8177,Arjun Jha,275,1,1599.79,2,4,4,10,Loyal
CUST-8177,Meera Sinha,646,1,3873.81,5,4,5,14,Champions
CUST-8177,Vivaan Kumar,102,1,1265.44,1,4,4,9,Loyal
CUST-8178,Aarav Verma,550,1,252.64,4,4,2,10,Loyal
CUST-8178,Anaya Gupta,611,1,78.36,5,4,1,10,Loyal
CUST-8178,Arjun Sinha,400,1,331.31,3,4,2,9,Loyal
CUST-8178,Kabir Sinha,719,1,517.23,5,4,2,11,Loyal
CUST-8179,Anaya Patel,702,1,1367.1,5,4,4,13,Champions
CUST-8179,Anaya Roy,683,1,170.31,5,4,1,10,Loyal
CUST-8179,Arjun Patel,447,1,957.03,4,4,4,12,Champions
CUST-8179,Meera Sharma,593,1,2118.51,5,4,5,14,Champions
CUST-8180,Kabir Patel,420,1,465.17,3,4,2,9,Loyal
CUST-8181,Aditya Kumar,580,1,2859.94,4,4,5,13,Champions
CUST-8181,Kabir Das,614,1,1728.36,5,4,4,13,Champions
CUST-8182,Anaya Jha,378,1,589.99,3,5,3,11,Loyal
CUST-8183,Aarav Gupta,212,1,535.86,2,5,3,10,Loyal
CUST-8183,Arjun Roy,67,1,724.82,1,5,3,9,Loyal
CUST-8183,Meera Gupta,132,1,255.3,1,5,2,8,Developing
CUST-8184,Aarav Patel,650,1,2853.43,5,5,5,15,Champions
CUST-8184,Aditya Kumar,671,1,15.29,5,5,1,11,Loyal
CUST-8186,Kabir Sinha,645,1,247.99,5,5,2,12,Champions
CUST-8188,Diya Verma,286,1,1119.87,2,5,4,11,Loyal
CUST-8188,Isha Kumar,417,1,845.06,3,5,3,11,Loyal
CUST-8190,Aarav Roy,329,1,220.18,3,5,1,9,Loyal
CUST-8190,Vivaan Sinha,431,1,983.98,3,5,4,12,Champions
CUST-8191,Aarav Das,248,1,3880.28,2,5,5,12,Champions
CUST-8191,Aarav Verma,517,1,1847.28,4,5,4,13,Champions
CUST-8191,Arjun Sharma,559,1,1145.75,4,5,4,13,Champions
CUST-8192,Meera Sharma,374,1,169.71,3,5,1,9,Loyal
CUST-8192,Riya Patel,404,1,1322.58,3,5,4,12,Champions
CUST-8194,Diya Verma,173,1,3230.23,2,5,5,12,Champions
CUST-8195,Aarav Sharma,183,1,1970.18,2,5,5,12,Champions
CUST-8195,Aditya Verma,358,1,884.79,3,5,3,11,Loyal
CUST-8196,Aarav Das,100,1,1511.02,1,5,4,10,Loyal
CUST-8197,Isha Kumar,514,1,22.28,4,5,1,10,Loyal
CUST-8197,Riya Sharma,274,1,1609.66,2,5,4,11,Loyal
CUST-8199,Arjun Roy,232,1,1641.15,2,5,4,11,Loyal
CUST-8200,Diya Roy,386,1,402.6,3,5,2,10,Loyal
CUST-8202,Isha Verma,201,1,1725.53,2,5,4,11,Loyal
CUST-8203,Aarav Sinha,434,2,4987.32,3,5,5,13,Champions
CUST-8203,Anaya Kumar,272,1,23.37,2,5,1,8,Developing
CUST-8203,Arjun Gupta,320,1,452.5,3,5,2,10,Loyal
CUST-8203,Vivaan Kumar,167,1,2960.73,2,5,5,12,Champions
CUST-8204,Aarav Verma,166,1,3644.01,2,5,5,12,Champions
CUST-8204,Vivaan Singh,125,1,401.79,1,5,2,8,Developing
CUST-8207,Aarav Singh,344,1,1594.07,3,5,4,12,Champions
CUST-8207,Arjun Sinha,190,1,117.35,2,5,1,8,Developing
CUST-8208,Aarav Patel,261,1,1444.69,2,5,4,11,Loyal
CUST-8208,Anaya Patel,253,1,424.7,2,5,2,9,Loyal
CUST-8208,Riya Jha,505,1,261.98,4,5,2,11,Loyal
CUST-8210,Vivaan Singh,723,1,163.71,5,5,1,11,Loyal
CUST-8212,Aditya Verma,19,1,568.65,1,5,3,9,Loyal
CUST-8213,Aditya Patel,220,1,1596.96,2,5,4,11,Loyal
CUST-8213,Diya Roy,423,1,363.65,3,5,2,10,Loyal
CUST-8213,Riya Patel,77,1,4121.42,1,5,5,11,Loyal
CUST-8213,Riya Roy,473,1,290.3,4,5,2,11,Loyal
CUST-8213,Riya Sharma,468,1,2587.7,4,5,5,14,Champions
CUST-8214,Anaya Sharma,432,1,152.64,3,5,1,9,Loyal
CUST-8215,Isha Patel,2,1,395.09,1,5,2,8,Developing
CUST-8216,Kabir Jha,556,1,432.74,4,5,2,11,Loyal
CUST-8218,Aarav Kumar,91,1,1953.75,1,5,5,11,Loyal
CUST-8218,Aarav Patel,57,1,4056.46,1,5,5,11,Loyal
CUST-8218,Aditya Verma,568,1,1124.14,4,5,4,13,Champions
CUST-8218,Arjun Kumar,192,1,240.08,2,5,1,8,Developing
CUST-8219,Meera Sharma,538,1,250.32,4,5,2,11,Loyal
CUST-8221,Arjun Das,98,1,192.53,1,5,1,7,Developing
CUST-8222,Anaya Verma,413,1,637.35,3,5,3,11,Loyal
CUST-8222,Diya Jha,511,1,416.06,4,5,2,11,Loyal
CUST-8222,Kabir Roy,443,1,422.68,4,5,2,11,Loyal
CUST-8222,Riya Jha,311,1,301.52,3,5,2,10,Loyal
CUST-8224,Diya Patel,576,1,1149.66,4,5,4,13,Champions
CUST-8224,Kabir Singh,647,1,1273.23,5,5,4,14,Champions
CUST-8226,Arjun Singh,441,1,776.41,4,5,3,12,Champions
CUST-8226,Riya Singh,685,1,430.79,5,5,2,12,Champions
CUST-8226,Vivaan Das,561,1,97.42,4,5,1,10,Loyal
CUST-8227,Anaya Kumar,498,1,32.79,4,5,1,10,Loyal
CUST-8227,Arjun Jha,613,1,26.14,5,5,1,11,Loyal
CUST-8227,Vivaan Sharma,580,1,97.77,5,5,1,11,Loyal
CUST-8228,Aarav Jha,280,1,798.01,2,5,3,10,Loyal
CUST-8228,Vivaan Verma,550,1,3859.51,4,5,5,14,Champions
CUST-8230,Diya Verma,402,1,1535.64,3,5,4,12,Champions
CUST-8232,Aarav Gupta,658,1,168.89,5,5,1,11,Loyal
CUST-8232,Arjun Sharma,85,1,3014.98,1,5,5,11,Loyal
CUST-8232,Isha Singh,142,1,103.03,1,5,1,7,Developing
CUST-8233,Arjun Roy,490,1,4769.43,4,5,5,14,Champions
CUST-8234,Arjun Roy,464,1,1223.16,4,5,4,13,Champions
CUST-8234,Isha Roy,236,1,1619.5,2,5,4,11,Loyal
CUST-8234,Isha Verma,299,1,955.18,3,5,4,12,Champions
CUST-8235,Arjun Sharma,691,1,1027.91,5,5,4,14,Champions
CUST-8235,Meera Kumar,35,1,2181.96,1,5,5,11,Loyal
CUST-8235,Riya Sinha,123,1,129.14,1,5,1,7,Developing
CUST-8236,Kabir Gupta,221,1,755.82,2,5,3,10,Loyal
CUST-8238,Kabir Patel,145,1,714.92,1,5,3,9,Loyal
CUST-8238,Kabir Sharma,605,1,132.56,5,5,1,11,Loyal
CUST-8239,Anaya Sinha,166,1,2460.4,2,5,5,12,Champions
CUST-8239,Riya Jha,508,1,2911.57,4,5,5,14,Champions
CUST-8240,Diya Das,244,1,3018.05,2,5,5,12,Champions
CUST-8240,Diya Patel,446,1,247.89,4,5,2,11,Loyal
CUST-8240,Vivaan Gupta,78,1,1020.33,1,5,4,10,Loyal
CUST-8241,Aarav Verma,251,1,2142.9,2,5,5,12,Champions
CUST-8241,Aditya Sinha,380,1,302.34,3,5,2,10,Loyal
CUST-8242,Riya Verma,467,1,856.46,4,5,3,12,Champions
CUST-8243,Kabir Das,457,1,2048.29,4,5,5,14,Champions
CUST-8245,Isha Roy,193,1,417.42,2,5,2,9,Loyal
CUST-8245,Kabir Singh,190,1,292.25,2,5,2,9,Loyal
CUST-8245,Vivaan Singh,653,1,504.06,5,5,2,12,Champions
CUST-8246,Diya Sharma,494,1,4427.88,4,5,5,14,Champions
CUST-8246,Kabir Gupta,731,1,1755.01,5,5,4,14,Champions
CUST-8247,Anaya Gupta,644,1,1150.97,5,5,4,14,Champions
CUST-8247,Anaya Sharma,704,1,410.7,5,5,2,12,Champions
CUST-8248,Aditya Jha,286,1,100.6,2,5,1,8,Developing
CUST-8248,Vivaan Sharma,537,1,155.81,4,5,1,10,Loyal
CUST-8249,Riya Sharma,730,1,508.5,5,5,2,12,Champions
CUST-8250,Diya Gupta,577,1,337.59,4,5,2,11,Loyal
CUST-8250,Kabir Sharma,283,1,1548.16,2,5,4,11,Loyal
CUST-8251,Isha Das,193,1,150.39,2,5,1,8,Developing
CUST-8253,Isha Sharma,33,1,460.44,1,5,2,8,Developing
CUST-8254,Aarav Patel,111,1,258.15,1,5,2,8,Developing
CUST-8254,Anaya Sharma,492,1,1461.7,4,5,4,13,Champions
CUST-8255,Isha Verma,508,1,404.68,4,5,2,11,Loyal
CUST-8255,Meera Patel,708,1,319.34,5,5,2,12,Champions
CUST-8255,Vivaan Patel,323,1,1590.84,3,5,4,12,Champions
CUST-8257,Isha Verma,515,1,679.52,4,5,3,12,Champions
CUST-8258,Arjun Sharma,260,1,529.72,2,5,3,10,Loyal
CUST-8259,Anaya Verma,86,1,3985.97,1,5,5,11,Loyal
CUST-8262,Aarav Kumar,164,1,1080.55,2,5,4,11,Loyal
CUST-8262,Isha Gupta,70,1,687.16,1,5,3,9,Loyal
CUST-8263,Vivaan Roy,424,1,437.2,3,5,2,10,Loyal
CUST-8264,Diya Verma,626,1,1316.12,5,5,4,14,Champions
CUST-8265,Kabir Roy,29,1,1700.41,1,5,4,10,Loyal
CUST-8266,Meera Das,302,1,264.73,3,5,2,10,Loyal
CUST-8266,Meera Verma,661,1,5431.3,5,5,5,15,Champions
CUST-8267,Anaya Sharma,307,1,958.07,3,5,4,12,Champions
CUST-8268,Isha Singh,643,1,2695.79,5,5,5,15,Champions
CUST-8270,Aarav Sinha,57,1,629.43,1,5,3,9,Loyal
CUST-8271,Aarav Sinha,335,1,2123.61,3,5,5,13,Champions
CUST-8271,Aditya Sharma,32,1,2023.03,1,5,5,11,Loyal
CUST-8271,Meera Das,58,1,1318.22,1,5,4,10,Loyal
CUST-8271,Vivaan Singh,189,1,721.91,2,5,3,10,Loyal
CUST-8272,Aarav Singh,686,1,534.58,5,5,3,13,Champions
CUST-8272,Anaya Verma,292,1,1536.11,3,5,4,12,Champions
CUST-8274,Riya Sinha,281,1,1471.13,2,5,4,11,Loyal
CUST-8275,Anaya Singh,584,1,964.97,5,5,4,14,Champions
CUST-8276,Vivaan Kumar,520,1,718.31,4,5,3,12,Champions
CUST-8280,Anaya Roy,106,1,4219.61,1,5,5,11,Loyal
CUST-8280,Anaya Verma,114,1,115.32,1,5,1,7,Developing
CUST-8280,Meera Singh,4,1,1419.8,1,5,4,10,Loyal
CUST-8281,Anaya Sinha,168,1,90.09,2,5,1,8,Developing
CUST-8281,Meera Roy,682,1,1123.21,5,5,4,14,Champions
CUST-8282,Isha Roy,475,1,1550.57,4,5,4,13,Champions
CUST-8283,Riya Roy,602,1,218.49,5,5,1,11,Loyal
CUST-8285,Anaya Verma,448,1,3319.14,4,5,5,14,Champions
CUST-8285,Riya Verma,538,1,662.56,4,5,3,12,Champions
CUST-8285,Vivaan Gupta,417,1,491.44,3,5,2,10,Loyal
CUST-8286,Anaya Singh,254,1,779.8,2,5,3,10,Loyal
CUST-8286,Diya Patel,465,1,1157.47,4,5,4,13,Champions
CUST-8286,Vivaan Roy,331,1,60.34,3,5,1,9,Loyal
CUST-8287,Isha Das,608,1,1146.4,5,5,4,14,Champions
CUST-8287,Vivaan Gupta,228,1,1092.02,2,5,4,11,Loyal
CUST-8289,Aarav Verma,640,1,130.48,5,5,1,11,Loyal
CUST-8289,Diya Verma,699,1,278.88,5,5,2,12,Champions
CUST-8289,Isha Sinha,588,1,683.24,5,5,3,13,Champions
CUST-8290,Diya Singh,94,1,149.95,1,5,1,7,Developing
CUST-8290,Vivaan Sinha,259,1,903.19,2,5,3,10,Loyal
CUST-8291,Arjun Patel,217,1,125.06,2,5,1,8,Developing
CUST-8292,Arjun Roy,658,1,2427.88,5,5,5,15,Champions
CUST-8293,Riya Sinha,541,1,2043.99,4,5,5,14,Champions
CUST-8294,Aditya Verma,178,1,441.69,2,5,2,9,Loyal
CUST-8294,Arjun Das,177,1,164.73,2,5,1,8,Developing
CUST-8294,Isha Roy,603,1,61.25,5,5,1,11,Loyal
CUST-8294,Meera Roy,598,1,318.91,5,5,2,12,Champions
CUST-8294,Meera Verma,591,1,950.75,5,5,3,13,Champions
CUST-8295,Kabir Jha,140,1,322.55,1,5,2,8,Developing
CUST-8295,Meera Singh,42,1,1624.56,1,5,4,10,Loyal
CUST-8296,Isha Patel,216,1,2473.07,2,5,5,12,Champions
CUST-8297,Arjun Patel,401,1,287.91,3,5,2,10,Loyal
CUST-8297,Meera Sinha,643,1,2059.1,5,5,5,15,Champions
CUST-8298,Diya Patel,666,1,471.98,5,5,2,12,Champions
CUST-8300,Diya Verma,234,1,314.13,2,5,2,9,Loyal
CUST-8301,Arjun Gupta,357,1,1154.05,3,5,4,12,Champions
CUST-8302,Isha Jha,287,1,3104.2,2,5,5,12,Champions
CUST-8302,Meera Singh,516,1,586.8,4,5,3,12,Champions
CUST-8304,Anaya Sharma,633,1,3062.34,5,5,5,15,Champions
CUST-8304,Isha Das,517,1,598.08,4,5,3,12,Champions
CUST-8304,Vivaan Verma,240,1,3424.81,2,5,5,12,Champions
CUST-8305,Aarav Das,661,1,220.95,5,5,1,11,Loyal
CUST-8305,Anaya Gupta,556,1,404.72,4,5,2,11,Loyal
CUST-8305,Meera Kumar,315,1,2824.55,3,5,5,13,Champions
CUST-8305,Riya Das,529,1,183.43,4,5,1,10,Loyal
CUST-8306,Anaya Roy,124,1,68.88,1,5,1,7,Developing
CUST-8307,Aditya Patel,207,1,1300.15,2,5,4,11,Loyal
CUST-8307,Diya Jha,593,1,79.02,5,5,1,11,Loyal
CUST-8308,Riya Roy,143,1,704.53,1,5,3,9,Loyal
CUST-8309,Vivaan Das,660,1,608.92,5,5,3,13,Champions
CUST-8310,Arjun Jha,112,1,1546.08,1,5,4,10,Loyal
CUST-8310,Diya Jha,274,1,472.37,2,5,2,9,Loyal
CUST-8311,Aditya Sinha,13,1,3798.34,1,5,5,11,Loyal
CUST-8311,Diya Verma,146,1,708.07,2,5,3,10,Loyal
CUST-8312,Aarav Das,404,1,105.83,3,5,1,9,Loyal
CUST-8312,Aarav Patel,256,1,39.38,2,5,1,8,Developing
CUST-8312,Isha Roy,399,1,463.17,3,5,2,10,Loyal
CUST-8312,Isha Singh,144,1,567.39,1,5,3,9,Loyal
CUST-8312,Kabir Roy,350,1,277.28,3,5,2,10,Loyal
CUST-8313,Arjun Sinha,420,1,1341.83,3,5,4,12,Champions
CUST-8313,Kabir Sinha,378,1,136.59,3,5,1,9,Loyal
CUST-8315,Riya Das,328,1,102.86,3,5,1,9,Loyal
CUST-8315,Riya Gupta,284,1,35.23,2,5,1,8,Developing
CUST-8316,Aditya Sharma,599,1,2297.22,5,5,5,15,Champions
CUST-8316,Isha Das,423,1,138.97,3,5,1,9,Loyal
CUST-8316,Riya Singh,171,1,440.14,2,5,2,9,Loyal
CUST-8317,Kabir Kumar,195,1,216.21,2,5,1,8,Developing
CUST-8318,Aarav Gupta,584,1,5098.25,5,5,5,15,Champions
CUST-8318,Riya Roy,55,1,3127.99,1,5,5,11,Loyal
CUST-8320,Meera Gupta,213,1,130.92,2,5,1,8,Developing
CUST-8321,Riya Patel,320,1,312.7,3,5,2,10,Loyal
CUST-8321,Vivaan Jha,317,1,839.89,3,5,3,11,Loyal
CUST-8322,Isha Das,539,1,4129.69,4,5,5,14,Champions
CUST-8325,Isha Singh,61,1,2684.95,1,5,5,11,Loyal
CUST-8325,Meera Sinha,72,1,1262.62,1,5,4,10,Loyal
CUST-8326,Riya Roy,268,1,188.66,2,5,1,8,Developing
CUST-8327,Diya Gupta,646,1,719.29,5,5,3,13,Champions
CUST-8327,Diya Jha,559,1,248.39,4,5,2,11,Loyal
CUST-8327,Vivaan Jha,552,1,968.81,4,5,4,13,Champions
CUST-8328,Diya Verma,650,1,1050.2,5,5,4,14,Champions
CUST-8328,Riya Jha,392,1,450.54,3,5,2,10,Loyal
CUST-8329,Arjun Verma,557,1,1677.05,4,5,4,13,Champions
CUST-8329,Isha Kumar,299,1,1047.11,3,5,4,12,Champions
CUST-8329,Vivaan Kumar,602,1,116.83,5,5,1,11,Loyal
CUST-8332,Aarav Sinha,462,1,81.78,4,5,1,10,Loyal
CUST-8332,Arjun Singh,82,1,318.43,1,5,2,8,Developing
CUST-8334,Kabir Das,608,1,494.31,5,5,2,12,Champions
CUST-8334,Riya Roy,206,1,206.14,2,5,1,8,Developing
CUST-8335,Kabir Singh,104,1,2307.73,1,5,5,11,Loyal
CUST-8336,Vivaan Sharma,677,1,1434.22,5,5,4,14,Champions
CUST-8337,Riya Roy,686,1,817.08,5,5,3,13,Champions
CUST-8338,Aarav Jha,703,1,434.79,5,5,2,12,Champions
CUST-8338,Aditya Verma,515,1,91.98,4,5,1,10,Loyal
CUST-8341,Diya Das,622,1,159.03,5,5,1,11,Loyal
CUST-8342,Aarav Singh,91,1,147.94,1,5,1,7,Developing
CUST-8342,Isha Gupta,75,1,205.33,1,5,1,7,Developing
CUST-8342,Kabir Singh,116,1,114.98,1,5,1,7,Developing
CUST-8343,Kabir Gupta,465,1,2903.22,4,5,5,14,Champions
CUST-8344,Isha Jha,91,1,1752.27,1,5,4,10,Loyal
CUST-8346,Vivaan Singh,560,1,635.83,4,5,3,12,Champions
CUST-8347,Aarav Sinha,350,1,1450.37,3,5,4,12,Champions
CUST-8347,Kabir Gupta,228,1,2199.54,2,5,5,12,Champions
CUST-8348,Anaya Sinha,375,1,2727.42,3,5,5,13,Champions
CUST-8349,Aarav Das,404,1,739.37,3,5,3,11,Loyal
CUST-8351,Isha Kumar,194,1,472.65,2,5,2,9,Loyal
CUST-8352,Diya Patel,437,1,151.48,4,5,1,10,Loyal
CUST-8353,Aditya Das,707,1,3252.07,5,5,5,15,Champions
CUST-8353,Aditya Patel,684,1,305.94,5,5,2,12,Champions
CUST-8353,Anaya Singh,614,1,197.07,5,5,1,11,Loyal
CUST-8353,Arjun Das,285,1,1224.78,2,5,4,11,Loyal
CUST-8353,Riya Singh,657,1,1653.44,5,5,4,14,Champions
CUST-8356,Diya Kumar,446,1,997.04,4,5,4,13,Champions
CUST-8356,Isha Verma,652,1,2775.92,5,5,5,15,Champions
CUST-8356,Kabir Sinha,457,1,1227.16,4,5,4,13,Champions
CUST-8357,Diya Sinha,326,1,75.6,3,5,1,9,Loyal
CUST-8357,Kabir Roy,222,1,949.04,2,5,3,10,Loyal
CUST-8358,Aditya Gupta,549,1,572.86,4,5,3,12,Champions
CUST-8358,Anaya Sinha,539,1,1276.26,4,5,4,13,Champions
CUST-8358,Riya Sinha,241,1,372.51,2,5,2,9,Loyal
CUST-8361,Arjun Sinha,17,1,751.23,1,5,3,9,Loyal
CUST-8361,Isha Gupta,42,1,180.48,1,5,1,7,Developing
CUST-8362,Arjun Das,561,1,32.56,4,5,1,10,Loyal
CUST-8362,Vivaan Kumar,146,1,1688.5,2,5,4,11,Loyal
CUST-8364,Aditya Singh,675,1,214.82,5,5,1,11,Loyal
CUST-8364,Isha Patel,367,1,241.4,3,5,1,9,Loyal
CUST-8366,Riya Gupta,618,1,1069.33,5,5,4,14,Champions
CUST-8366,Vivaan Jha,260,1,2374.07,2,5,5,12,Champions
CUST-8366,Vivaan Roy,463,1,74.38,4,5,1,10,Loyal
CUST-8367,Aditya Sharma,149,1,892.72,2,5,3,10,Loyal
CUST-8367,Kabir Verma,230,1,368.91,2,5,2,9,Loyal
CUST-8368,Isha Das,473,1,1327.12,4,5,4,13,Champions
CUST-8368,Meera Verma,441,1,342.15,4,5,2,11,Loyal
CUST-8369,Arjun Das,519,1,83.65,4,5,1,10,Loyal
CUST-8369,Isha Roy,121,1,2149.15,1,5,5,11,Loyal
CUST-8370,Kabir Patel,602,1,4015.75,5,5,5,15,Champions
CUST-8371,Riya Kumar,347,1,2510.98,3,5,5,13,Champions
CUST-8372,Aarav Kumar,176,1,1701.76,2,5,4,11,Loyal
CUST-8372,Kabir Patel,138,1,1308.79,1,5,4,10,Loyal
CUST-8372,Vivaan Patel,311,1,411.54,3,5,2,10,Loyal
CUST-8374,Riya Kumar,607,1,549.22,5,5,3,13,Champions
CUST-8374,Vivaan Kumar,442,1,474.95,4,5,2,11,Loyal
CUST-8375,Meera Jha,261,1,196.52,2,5,1,8,Developing
CUST-8377,Aarav Das,613,1,1258.23,5,5,4,14,Champions
CUST-8377,Arjun Gupta,673,1,525.34,5,5,3,13,Champions
CUST-8377,Isha Das,188,1,3252.19,2,5,5,12,Champions
CUST-8377,Vivaan Sinha,297,1,530.05,3,5,3,11,Loyal
CUST-8379,Aarav Patel,430,1,1581.08,3,5,4,12,Champions
CUST-8379,Meera Verma,418,1,5949.05,3,5,5,13,Champions
CUST-8379,Riya Roy,257,1,4809.1,2,5,5,12,Champions
CUST-8380,Diya Verma,491,1,152.45,4,5,1,10,Loyal
CUST-8380,Isha Jha,373,1,613.15,3,5,3,11,Loyal
CUST-8380,Kabir Kumar,602,1,1299.02,5,5,4,14,Champions
CUST-8381,Aarav Jha,367,1,57.13,3,5,1,9,Loyal
CUST-8382,Aditya Sharma,671,1,610.22,5,5,3,13,Champions
CUST-8385,Arjun Roy,659,1,92.81,5,5,1,11,Loyal
CUST-8385,Riya Singh,524,1,2514.15,4,5,5,14,Champions
CUST-8386,Kabir Kumar,403,1,3118.73,3,5,5,13,Champions
CUST-8387,Aarav Das,703,1,2636.95,5,5,5,15,Champions
CUST-8387,Isha Patel,335,1,529.69,3,5,3,11,Loyal
CUST-8389,Aarav Sinha,599,1,201.14,5,5,1,11,Loyal
CUST-8389,Isha Singh,220,1,2229.88,2,5,5,12,Champions
CUST-8390,Meera Kumar,661,1,65.4,5,5,1,11,Loyal
CUST-8391,Meera Singh,76,1,1674.8,1,5,4,10,Loyal
CUST-8391,Riya Roy,576,1,1090.95,4,5,4,13,Champions
CUST-8392,Isha Das,617,1,1341.46,5,5,4,14,Champions
CUST-8396,Vivaan Verma,709,1,383.1,5,5,2,12,Champions
CUST-8399,Aarav Sharma,626,1,1847.23,5,5,4,14,Champions
CUST-8400,Aditya Patel,188,1,355.16,2,5,2,9,Loyal
CUST-8401,Kabir Das,24,1,65.53,1,5,1,7,Developing
CUST-8402,Arjun Singh,191,1,968.31,2,5,4,11,Loyal
CUST-8404,Aditya Singh,317,1,3664.16,3,5,5,13,Champions
CUST-8406,Diya Patel,135,1,466.03,1,5,2,8,Developing
CUST-8406,Isha Patel,49,1,309.48,1,5,2,8,Developing
CUST-8408,Arjun Sinha,94,1,511.42,1,5,2,8,Developing
CUST-8408,Diya Jha,703,1,3329.39,5,5,5,15,Champions
CUST-8409,Aditya Singh,33,1,2030.77,1,5,5,11,Loyal
CUST-8409,Aditya Sinha,673,1,2708.38,5,5,5,15,Champions
CUST-8409,Diya Patel,98,1,284.73,1,5,2,8,Developing
CUST-8409,Kabir Patel,53,1,1835.49,1,5,4,10,Loyal
CUST-8410,Arjun Kumar,568,1,531.33,4,5,3,12,Champions
CUST-8411,Isha Gupta,66,1,395.75,1,5,2,8,Developing
CUST-8411,Isha Verma,323,1,1148.36,3,5,4,12,Champions
CUST-8412,Isha Roy,581,1,522.14,5,5,2,12,Champions
CUST-8414,Arjun Sinha,674,1,538.96,5,5,3,13,Champions
CUST-8414,Diya Kumar,452,1,60.71,4,5,1,10,Loyal
CUST-8415,Meera Kumar,20,1,602.3,1,5,3,9,Loyal
CUST-8417,Riya Singh,163,1,148.83,2,5,1,8,Developing
CUST-8418,Kabir Gupta,231,1,801.62,2,5,3,10,Loyal
CUST-8419,Meera Sinha,535,1,453.3,4,5,2,11,Loyal
CUST-8420,Isha Singh,47,1,2690.35,1,5,5,11,Loyal
CUST-8421,Isha Verma,634,1,3549.65,5,5,5,15,Champions
CUST-8422,Aditya Jha,704,1,661.13,5,5,3,13,Champions
CUST-8422,Riya Verma,680,1,19.54,5,5,1,11,Loyal
CUST-8423,Aarav Singh,79,1,902.74,1,5,3,9,Loyal
CUST-8423,Anaya Gupta,623,1,1262.15,5,5,4,14,Champions
CUST-8423,Diya Verma,11,1,1398.1,1,5,4,10,Loyal
CUST-8423,Isha Singh,182,1,773.1,2,5,3,10,Loyal
CUST-8423,Kabir Patel,40,1,812.87,1,5,3,9,Loyal
CUST-8424,Kabir Das,99,1,2106.47,1,5,5,11,Loyal
CUST-8424,Vivaan Kumar,295,1,1490.81,3,5,4,12,Champions
CUST-8426,Kabir Gupta,535,1,827.76,4,5,3,12,Champions
CUST-8426,Kabir Singh,604,1,1355.32,5,5,4,14,Champions
CUST-8428,Aarav Das,104,1,3432.28,1,5,5,11,Loyal
CUST-8428,Riya Singh,597,1,219.22,5,5,1,11,Loyal
CUST-8430,Diya Jha,590,1,1263.73,5,5,4,14,Champions
CUST-8430,Kabir Jha,508,1,1262.63,4,5,4,13,Champions
CUST-8430,Meera Roy,392,1,570.16,3,5,3,11,Loyal
CUST-8430,Riya Verma,334,1,832.34,3,5,3,11,Loyal
CUST-8431,Anaya Patel,612,1,450.42,5,5,2,12,Champions
CUST-8431,Kabir Verma,539,1,1111.44,4,5,4,13,Champions
CUST-8432,Aditya Roy,404,1,1376.17,3,5,4,12,Champions
CUST-8432,Diya Kumar,559,1,2460.22,4,5,5,14,Champions
CUST-8432,Isha Jha,265,1,947.68,2,5,3,10,Loyal
CUST-8433,Meera Das,151,1,316.65,2,5,2,9,Loyal
CUST-8435,Diya Sinha,635,1,730.91,5,5,3,13,Champions
CUST-8435,Isha Sharma,474,1,54.88,4,5,1,10,Loyal
CUST-8437,Arjun Kumar,630,1,97.79,5,5,1,11,Loyal
CUST-8437,Kabir Sharma,26,1,2268.81,1,5,5,11,Loyal
CUST-8438,Diya Roy,731,1,1025.25,5,5,4,14,Champions
CUST-8439,Diya Singh,193,1,3268.6,2,5,5,12,Champions
CUST-8440,Aditya Kumar,340,1,4996.31,3,5,5,13,Champions
CUST-8441,Diya Gupta,655,1,899.73,5,5,3,13,Champions
CUST-8442,Aarav Singh,346,1,841.04,3,5,3,11,Loyal
CUST-8443,Diya Patel,706,1,3014.09,5,5,5,15,Champions
CUST-8446,Riya Sinha,278,1,1146.32,2,5,4,11,Loyal
CUST-8447,Isha Sharma,185,1,2175.7,2,5,5,12,Champions
CUST-8450,Isha Patel,460,1,742.6,4,5,3,12,Champions
CUST-8452,Diya Gupta,114,1,755.54,1,5,3,9,Loyal
CUST-8452,Kabir Das,635,1,862.85,5,5,3,13,Champions
CUST-8453,Isha Gupta,534,1,391.17,4,5,2,11,Loyal
CUST-8453,Kabir Das,116,1,1591.1,1,5,4,10,Loyal
CUST-8454,Aditya Roy,182,1,111.07,2,5,1,8,Developing
CUST-8454,Vivaan Jha,210,1,347.18,2,5,2,9,Loyal
CUST-8455,Aarav Das,353,1,217.84,3,5,1,9,Loyal
CUST-8456,Isha Kumar,450,1,2358.02,4,5,5,14,Champions
CUST-8457,Riya Patel,206,1,94.29,2,5,1,8,Developing
CUST-8458,Aarav Roy,354,1,3142.47,3,5,5,13,Champions
CUST-8459,Meera Roy,479,1,86.78,4,5,1,10,Loyal
CUST-8461,Anaya Das,433,1,967.86,3,5,4,12,Champions
CUST-8462,Vivaan Singh,506,1,373.58,4,5,2,11,Loyal
CUST-8464,Arjun Das,126,1,239.69,1,5,1,7,Developing
CUST-8464,Kabir Sinha,157,1,1329.38,2,5,4,11,Loyal
CUST-8465,Aditya Jha,150,1,339.87,2,5,2,9,Loyal
CUST-8466,Aarav Das,218,1,631.15,2,5,3,10,Loyal
CUST-8466,Anaya Jha,316,1,1447.15,3,5,4,12,Champions
CUST-8466,Isha Sinha,57,1,278.41,1,5,2,8,Developing
CUST-8467,Anaya Verma,228,1,200.04,2,5,1,8,Developing
CUST-8467,Arjun Gupta,659,1,1979.58,5,5,5,15,Champions
CUST-8468,Anaya Jha,212,1,388.14,2,5,2,9,Loyal
CUST-8468,Diya Das,583,1,181.77,5,5,1,11,Loyal
CUST-8468,Diya Sinha,113,1,485.6,1,5,2,8,Developing
CUST-8468,Isha Sinha,662,1,321.9,5,5,2,12,Champions
CUST-8468,Vivaan Jha,605,1,206.73,5,5,1,11,Loyal
CUST-8469,Riya Das,518,1,68.35,4,5,1,10,Loyal
CUST-8470,Vivaan Sharma,238,1,69.45,2,5,1,8,Developing
CUST-8471,Anaya Kumar,438,1,135.36,4,5,1,10,Loyal
CUST-8471,Isha Das,313,1,317.6,3,5,2,10,Loyal
CUST-8471,Meera Jha,311,1,799.76,3,5,3,11,Loyal
CUST-8472,Aditya Verma,240,1,563.18,2,5,3,10,Loyal
CUST-8473,Aditya Das,96,1,882.43,1,5,3,9,Loyal
CUST-8473,Aditya Verma,342,1,2517.05,3,5,5,13,Champions
CUST-8474,Aditya Roy,168,1,141.33,2,5,1,8,Developing
CUST-8474,Aditya Singh,229,1,1652.48,2,5,4,11,Loyal
CUST-8474,Meera Sinha,342,1,1526.87,3,5,4,12,Champions
CUST-8476,Riya Patel,554,1,1837.74,4,5,4,13,Champions
CUST-8477,Anaya Jha,515,1,1587.0,4,5,4,13,Champions
CUST-8477,Riya Kumar,402,1,1053.84,3,5,4,12,Champions
CUST-8479,Riya Singh,82,1,652.87,1,5,3,9,Loyal
CUST-8479,Riya Verma,404,1,237.27,3,5,1,9,Loyal
CUST-8480,Diya Singh,450,1,2849.57,4,5,5,14,Champions
CUST-8480,Vivaan Sinha,3,1,2858.74,1,5,5,11,Loyal
CUST-8481,Diya Verma,13,1,1157.99,1,5,4,10,Loyal
CUST-8481,Isha Gupta,230,1,1709.79,2,5,4,11,Loyal
CUST-8482,Riya Jha,645,1,647.97,5,5,3,13,Champions
CUST-8483,Kabir Verma,242,1,411.85,2,5,2,9,Loyal
CUST-8484,Isha Patel,23,1,3963.45,1,5,5,11,Loyal
CUST-8484,Riya Gupta,145,1,405.19,1,5,2,8,Developing
CUST-8486,Aarav Das,724,1,3186.74,5,5,5,15,Champions
CUST-8486,Aarav Sharma,359,1,654.7,3,5,3,11,Loyal
CUST-8486,Isha Kumar,533,1,2291.92,4,5,5,14,Champions
CUST-8487,Riya Singh,690,1,1114.91,5,5,4,14,Champions
CUST-8488,Anaya Sharma,335,1,318.05,3,5,2,10,Loyal
CUST-8488,Meera Patel,221,1,3914.38,2,5,5,12,Champions
CUST-8489,Arjun Verma,601,1,62.87,5,5,1,11,Loyal
CUST-8489,Kabir Jha,243,1,170.74,2,5,1,8,Developing
CUST-8490,Anaya Jha,128,1,1527.97,1,5,4,10,Loyal
CUST-8490,Vivaan Patel,109,1,632.96,1,5,3,9,Loyal
CUST-8491,Aarav Roy,15,1,363.47,1,5,2,8,Developing
CUST-8492,Riya Patel,156,1,294.55,2,5,2,9,Loyal
CUST-8493,Isha Singh,4,1,2184.0,1,5,5,11,Loyal
CUST-8495,Aarav Das,562,1,895.74,4,5,3,12,Champions
CUST-8495,Riya Kumar,341,1,2285.64,3,5,5,13,Champions
CUST-8495,Vivaan Jha,317,1,483.95,3,5,2,10,Loyal
CUST-8496,Aarav Kumar,507,1,82.94,4,5,1,10,Loyal
CUST-8496,Arjun Sharma,434,1,1431.84,3,5,4,12,Champions
CUST-8496,Kabir Kumar,136,1,626.01,1,5,3,9,Loyal
CUST-8499,Aarav Verma,212,1,1503.87,2,5,4,11,Loyal
CUST-8499,Riya Jha,559,1,380.1,4,5,2,11,Loyal
CUST-8500,Vivaan Singh,172,1,1442.7,2,5,4,11,Loyal
CUST-8501,Anaya Patel,544,1,477.36,4,5,2,11,Loyal
CUST-8501,Kabir Roy,62,1,1892.02,1,5,4,10,Loyal
CUST-8501,Riya Gupta,322,1,77.45,3,5,1,9,Loyal
CUST-8503,Meera Singh,619,1,932.34,5,5,3,13,Champions
CUST-8504,Isha Jha,65,1,2363.81,1,5,5,11,Loyal
CUST-8506,Meera Singh,13,1,2411.74,1,5,5,11,Loyal
CUST-8506,Riya Gupta,482,1,690.03,4,5,3,12,Champions
CUST-8507,Anaya Singh,108,1,361.4,1,5,2,8,Developing
CUST-8508,Diya Verma,13,1,4788.35,1,5,5,11,Loyal
CUST-8513,Arjun Gupta,123,1,1592.24,1,5,4,10,Loyal
CUST-8513,Diya Singh,70,1,21.42,1,5,1,7,Developing
CUST-8513,Meera Verma,627,1,140.97,5,5,1,11,Loyal
CUST-8514,Anaya Roy,492,1,44.21,4,5,1,10,Loyal
CUST-8514,Arjun Das,112,1,660.29,1,5,3,9,Loyal
CUST-8516,Diya Roy,391,1,1294.04,3,5,4,12,Champions
CUST-8518,Aarav Verma,45,1,1977.88,1,5,5,11,Loyal
CUST-8518,Isha Verma,278,1,586.76,2,5,3,10,Loyal
CUST-8519,Aditya Singh,697,1,886.73,5,5,3,13,Champions
CUST-8519,Aditya Verma,528,1,4248.41,4,5,5,14,Champions
CUST-8521,Diya Gupta,274,1,193.06,2,5,1,8,Developing
CUST-8521,Vivaan Verma,286,1,1321.94,2,5,4,11,Loyal
CUST-8522,Isha Sharma,154,1,292.01,2,5,2,9,Loyal
CUST-8522,Riya Das,5,1,67.88,1,5,1,7,Developing
CUST-8526,Riya Singh,296,1,2719.91,3,5,5,13,Champions
CUST-8528,Aarav Sinha,580,1,726.56,5,5,3,13,Champions
CUST-8528,Riya Sharma,254,1,84.49,2,5,1,8,Developing
CUST-8529,Riya Sharma,16,1,2149.06,1,5,5,11,Loyal
CUST-8530,Isha Verma,320,1,3731.3,3,5,5,13,Champions
CUST-8532,Aditya Sinha,41,1,762.6,1,5,3,9,Loyal
CUST-8532,Anaya Patel,675,1,467.32,5,5,2,12,Champions
CUST-8532,Diya Sharma,374,1,876.09,3,5,3,11,Loyal
CUST-8532,Riya Das,532,1,337.11,4,5,2,11,Loyal
CUST-8534,Aditya Kumar,269,1,407.96,2,5,2,9,Loyal
CUST-8535,Aditya Verma,392,1,275.99,3,5,2,10,Loyal
CUST-8535,Riya Gupta,177,1,861.8,2,5,3,10,Loyal
CUST-8536,Riya Gupta,279,1,620.47,2,5,3,10,Loyal
CUST-8537,Aarav Das,280,1,1203.62,2,5,4,11,Loyal
CUST-8537,Vivaan Sharma,574,1,1326.53,4,5,4,13,Champions
CUST-8538,Diya Jha,221,1,132.44,2,5,1,8,Developing
CUST-8539,Diya Patel,220,1,1913.78,2,5,4,11,Loyal
CUST-8539,Kabir Gupta,673,1,722.47,5,5,3,13,Champions
CUST-8539,Riya Sinha,97,1,1499.63,1,5,4,10,Loyal
CUST-8540,Aarav Singh,55,1,242.82,1,5,1,7,Developing
CUST-8540,Anaya Verma,683,1,3713.57,5,5,5,15,Champions
CUST-8541,Vivaan Verma,238,1,2512.07,2,5,5,12,Champions
CUST-8543,Aditya Sinha,226,1,4018.12,2,5,5,12,Champions
CUST-8543,Riya Sharma,625,1,2348.99,5,5,5,15,Champions
CUST-8544,Isha Jha,488,1,3413.03,4,5,5,14,Champions
CUST-8545,Vivaan Jha,646,1,417.39,5,5,2,12,Champions
CUST-8546,Aditya Gupta,177,1,511.99,2,5,2,9,Loyal
CUST-8546,Anaya Gupta,154,1,1392.46,2,5,4,11,Loyal
CUST-8546,Anaya Roy,700,1,344.13,5,5,2,12,Champions
CUST-8546,Isha Singh,209,1,2500.07,2,5,5,12,Champions
CUST-8548,Isha Sharma,256,1,2280.75,2,5,5,12,Champions
CUST-8549,Aditya Verma,579,1,679.95,4,5,3,12,Champions
CUST-8549,Meera Sinha,218,1,1548.07,2,5,4,11,Loyal
CUST-8551,Meera Das,648,1,1753.73,5,5,4,14,Champions
CUST-8552,Aarav Roy,330,1,752.0,3,5,3,11,Loyal
CUST-8552,Arjun Singh,40,1,152.73,1,5,1,7,Developing
CUST-8553,Aarav Patel,620,1,557.31,5,5,3,13,Champions
CUST-8553,Arjun Roy,51,1,1797.11,1,5,4,10,Loyal
CUST-8554,Aarav Das,151,1,51.67,2,5,1,8,Developing
CUST-8554,Isha Kumar,386,1,318.88,3,5,2,10,Loyal
CUST-8554,Meera Gupta,324,1,68.23,3,5,1,9,Loyal
CUST-8557,Diya Singh,188,1,940.64,2,5,3,10,Loyal
CUST-8557,Riya Roy,30,1,800.68,1,5,3,9,Loyal
CUST-8557,Vivaan Patel,157,1,276.04,2,5,2,9,Loyal
CUST-8558,Aarav Sinha,152,1,302.22,2,5,2,9,Loyal
CUST-8558,Kabir Gupta,665,1,2102.72,5,5,5,15,Champions
CUST-8559,Arjun Kumar,619,1,1386.07,5,5,4,14,Champions
CUST-8559,Isha Sharma,230,1,1908.32,2,5,4,11,Loyal
CUST-8559,Meera Sharma,178,1,273.55,2,5,2,9,Loyal
CUST-8560,Riya Sinha,696,1,720.57,5,5,3,13,Champions
CUST-8561,Aarav Das,180,1,496.8,2,5,2,9,Loyal
CUST-8561,Arjun Das,703,1,2462.66,5,5,5,15,Champions
CUST-8562,Arjun Jha,111,1,98.89,1,5,1,7,Developing
CUST-8563,Aditya Jha,454,1,1537.82,4,5,4,13,Champions
CUST-8564,Kabir Roy,693,1,232.65,5,5,1,11,Loyal
CUST-8566,Aarav Roy,487,1,2209.65,4,5,5,14,Champions
CUST-8566,Aditya Singh,456,1,1652.99,4,5,4,13,Champions
CUST-8566,Meera Das,183,1,165.34,2,5,1,8,Developing
CUST-8567,Aditya Verma,619,1,312.51,5,5,2,12,Champions
CUST-8568,Aditya Patel,242,1,462.76,2,5,2,9,Loyal
CUST-8568,Anaya Sharma,715,1,602.62,5,5,3,13,Champions
CUST-8568,Arjun Jha,369,1,1057.22,3,5,4,12,Champions
CUST-8568,Kabir Singh,258,1,2313.85,2,5,5,12,Champions
CUST-8568,Riya Sharma,687,1,711.57,5,5,3,13,Champions
CUST-8570,Aditya Patel,586,1,481.15,5,5,2,12,Champions
CUST-8570,Diya Verma,573,1,654.44,4,5,3,12,Champions
CUST-8570,Riya Jha,487,1,440.22,4,5,2,11,Loyal
CUST-8570,Vivaan Roy,57,1,663.11,1,5,3,9,Loyal
CUST-8571,Anaya Sharma,510,1,472.41,4,5,2,11,Loyal
CUST-8571,Isha Roy,74,1,576.84,1,5,3,9,Loyal
CUST-8573,Isha Das,69,1,705.26,1,5,3,9,Loyal
CUST-8573,Kabir Singh,63,1,1945.41,1,5,5,11,Loyal
CUST-8574,Aarav Das,72,1,1553.4,1,5,4,10,Loyal
CUST-8574,Meera Singh,191,1,363.09,2,5,2,9,Loyal
CUST-8574,Vivaan Das,119,1,83.97,1,5,1,7,Developing
CUST-8575,Kabir Singh,642,1,2033.66,5,5,5,15,Champions
CUST-8575,Riya Gupta,567,1,1706.13,4,5,4,13,Champions
CUST-8575,Vivaan Sharma,454,1,1830.33,4,5,4,13,Champions
CUST-8577,Aditya Das,154,1,413.91,2,5,2,9,Loyal
CUST-8577,Arjun Patel,307,1,154.08,3,5,1,9,Loyal
CUST-8577,Isha Sharma,94,1,1820.74,1,5,4,10,Loyal
CUST-8580,Diya Kumar,245,1,394.08,2,5,2,9,Loyal
CUST-8580,Kabir Kumar,635,1,1279.62,5,5,4,14,Champions
CUST-8582,Aarav Sinha,18,1,2380.58,1,5,5,11,Loyal
CUST-8585,Arjun Gupta,409,1,2010.36,3,5,5,13,Champions
CUST-8585,Riya Sharma,229,1,505.13,2,5,2,9,Loyal
CUST-8586,Arjun Sharma,203,1,1225.32,2,5,4,11,Loyal
CUST-8587,Kabir Patel,569,1,1150.84,4,5,4,13,Champions
CUST-8588,Isha Sharma,232,1,1697.51,2,5,4,11,Loyal
CUST-8589,Aditya Das,137,1,675.71,1,5,3,9,Loyal
CUST-8590,Diya Das,39,1,1067.03,1,5,4,10,Loyal
CUST-8590,Isha Roy,722,1,349.55,5,5,2,12,Champions
CUST-8591,Isha Kumar,642,1,3543.54,5,5,5,15,Champions
CUST-8591,Meera Das,728,1,2961.35,5,5,5,15,Champions
CUST-8594,Isha Verma,456,1,139.53,4,5,1,10,Loyal
CUST-8595,Vivaan Roy,451,1,171.04,4,5,1,10,Loyal
CUST-8597,Isha Das,126,1,363.42,1,5,2,8,Developing
CUST-8597,Riya Jha,123,1,502.37,1,5,2,8,Developing
CUST-8599,Diya Verma,69,1,278.44,1,5,2,8,Developing
CUST-8600,Kabir Sharma,658,1,1209.24,5,5,4,14,Champions
CUST-8601,Kabir Kumar,305,1,2152.72,3,5,5,13,Champions
CUST-8602,Meera Das,577,1,300.02,4,5,2,11,Loyal
CUST-8602,Riya Patel,517,1,797.36,4,5,3,12,Champions
CUST-8605,Kabir Verma,329,1,172.43,3,5,1,9,Loyal
CUST-8606,Diya Kumar,578,1,844.45,4,5,3,12,Champions
CUST-8606,Diya Verma,725,1,853.75,5,5,3,13,Champions
CUST-8609,Vivaan Roy,302,1,371.46,3,5,2,10,Loyal
CUST-8610,Isha Jha,276,1,1021.81,2,5,4,11,Loyal
CUST-8610,Isha Roy,706,1,520.77,5,5,2,12,Champions
CUST-8610,Meera Das,259,1,774.7,2,5,3,10,Loyal
CUST-8611,Aarav Patel,577,1,3534.81,4,5,5,14,Champions
CUST-8611,Meera Das,314,1,978.25,3,5,4,12,Champions
CUST-8611,Meera Gupta,220,1,3727.43,2,5,5,12,Champions
CUST-8611,Vivaan Singh,183,1,472.44,2,5,2,9,Loyal
CUST-8612,Vivaan Jha,262,1,3312.1,2,5,5,12,Champions
CUST-8616,Meera Sharma,487,1,69.91,4,5,1,10,Loyal
CUST-8617,Aarav Sharma,384,1,555.94,3,5,3,11,Loyal
CUST-8617,Aditya Singh,46,1,416.12,1,5,2,8,Developing
CUST-8618,Meera Roy,587,1,422.59,5,5,2,12,Champions
CUST-8618,Riya Verma,541,1,1003.37,4,5,4,13,Champions
CUST-8619,Arjun Singh,462,1,2818.12,4,5,5,14,Champions
CUST-8620,Anaya Sinha,102,1,317.38,1,5,2,8,Developing
CUST-8620,Vivaan Verma,271,1,1536.17,2,5,4,11,Loyal
CUST-8621,Aarav Roy,477,1,2722.51,4,5,5,14,Champions
CUST-8624,Anaya Das,95,1,376.2,1,5,2,8,Developing
CUST-8624,Anaya Kumar,309,1,996.78,3,5,4,12,Champions
CUST-8624,Riya Jha,356,1,36.61,3,5,1,9,Loyal
CUST-8624,Vivaan Sinha,163,1,460.43,2,5,2,9,Loyal
CUST-8625,Kabir Verma,53,1,1689.47,1,5,4,10,Loyal
CUST-8627,Kabir Singh,79,1,1505.06,1,5,4,10,Loyal
CUST-8627,Meera Jha,239,1,136.73,2,5,1,8,Developing
CUST-8629,Diya Kumar,220,1,555.54,2,5,3,10,Loyal
CUST-8629,Riya Patel,480,1,1128.17,4,5,4,13,Champions
CUST-8630,Aarav Singh,328,1,597.55,3,5,3,11,Loyal
CUST-8630,Aditya Singh,369,1,276.38,3,5,2,10,Loyal
CUST-8630,Isha Jha,22,1,3901.5,1,5,5,11,Loyal
CUST-8630,Meera Verma,583,1,1355.52,5,5,4,14,Champions
CUST-8631,Meera Jha,469,1,667.59,4,5,3,12,Champions
CUST-8632,Aarav Kumar,98,1,5229.33,1,5,5,11,Loyal
CUST-8632,Riya Das,195,1,3566.57,2,5,5,12,Champions
CUST-8633,Anaya Sharma,17,1,4962.62,1,5,5,11,Loyal
CUST-8633,Meera Singh,385,1,514.43,3,5,2,10,Loyal
CUST-8633,Vivaan Patel,199,1,869.15,2,5,3,10,Loyal
CUST-8634,Anaya Singh,454,1,3472.84,4,5,5,14,Champions
CUST-8634,Riya Verma,15,1,2706.5,1,5,5,11,Loyal
CUST-8635,Aarav Sharma,527,1,670.53,4,5,3,12,Champions
CUST-8635,Vivaan Sharma,405,1,57.95,3,5,1,9,Loyal
CUST-8637,Diya Singh,32,1,710.0,1,5,3,9,Loyal
CUST-8637,Kabir Kumar,289,1,591.78,2,5,3,10,Loyal
CUST-8640,Arjun Sinha,553,1,3626.04,4,5,5,14,Champions
CUST-8643,Kabir Roy,16,1,438.17,1,5,2,8,Developing
CUST-8643,Riya Sharma,600,1,15.72,5,5,1,11,Loyal
CUST-8644,Anaya Kumar,480,1,1165.18,4,5,4,13,Champions
CUST-8644,Anaya Singh,219,1,273.5,2,5,2,9,Loyal
CUST-8644,Kabir Gupta,315,1,250.18,3,5,2,10,Loyal
CUST-8644,Meera Singh,28,1,97.42,1,5,1,7,Developing
CUST-8644,Riya Kumar,231,1,791.53,2,5,3,10,Loyal
CUST-8645,Aditya Sinha,69,1,98.94,1,5,1,7,Developing
CUST-8645,Diya Singh,169,1,534.66,2,5,3,10,Loyal
CUST-8646,Aarav Verma,704,1,501.97,5,5,2,12,Champions
CUST-8647,Meera Jha,463,1,241.53,4,5,1,10,Loyal
CUST-8647,Vivaan Gupta,378,1,581.84,3,5,3,11,Loyal
CUST-8648,Aditya Sharma,68,1,3371.46,1,5,5,11,Loyal
CUST-8648,Isha Gupta,565,1,1026.39,4,5,4,13,Champions
CUST-8649,Arjun Roy,343,1,1015.24,3,5,4,12,Champions
CUST-8651,Aarav Sharma,33,1,120.56,1,5,1,7,Developing
CUST-8651,Meera Sinha,431,1,50.31,3,5,1,9,Loyal
CUST-8652,Aarav Patel,177,1,3326.52,2,5,5,12,Champions
CUST-8653,Diya Patel,539,1,841.59,4,5,3,12,Champions
CUST-8654,Aarav Singh,64,1,393.63,1,5,2,8,Developing
CUST-8654,Isha Das,342,1,176.94,3,5,1,9,Loyal
CUST-8655,Aarav Sinha,609,1,2459.32,5,5,5,15,Champions
CUST-8655,Aditya Das,451,1,829.48,4,5,3,12,Champions
CUST-8655,Anaya Jha,559,1,1874.55,4,5,4,13,Champions
CUST-8655,Vivaan Das,92,1,1696.0,1,5,4,10,Loyal
CUST-8656,Meera Sinha,373,1,2038.81,3,5,5,13,Champions
CUST-8658,Anaya Verma,728,1,3193.93,5,5,5,15,Champions
CUST-8660,Anaya Gupta,131,1,1017.13,1,5,4,10,Loyal
CUST-8660,Arjun Patel,307,1,2174.96,3,5,5,13,Champions
CUST-8660,Kabir Singh,678,1,76.15,5,5,1,11,Loyal
CUST-8660,Riya Sharma,670,1,277.91,5,5,2,12,Champions
CUST-8660,Vivaan Verma,608,1,817.1,5,5,3,13,Champions
CUST-8661,Anaya Kumar,411,1,58.99,3,5,1,9,Loyal
CUST-8661,Diya Singh,356,1,3764.37,3,5,5,13,Champions
CUST-8661,Vivaan Verma,241,1,588.33,2,5,3,10,Loyal
CUST-8662,Diya Gupta,531,1,555.16,4,5,3,12,Champions
CUST-8662,Riya Gupta,48,1,1455.04,1,5,4,10,Loyal
CUST-8664,Isha Sharma,226,1,1614.43,2,5,4,11,Loyal
CUST-8665,Meera Roy,592,1,195.11,5,5,1,11,Loyal
CUST-8668,Arjun Verma,558,1,3244.88,4,5,5,14,Champions
CUST-8668,Meera Sharma,476,1,942.46,4,5,3,12,Champions
CUST-8668,Vivaan Das,515,1,3137.58,4,5,5,14,Champions
CUST-8669,Isha Das,683,1,3592.97,5,5,5,15,Champions
CUST-8669,Vivaan Roy,311,1,415.75,3,5,2,10,Loyal
CUST-8670,Aarav Jha,47,1,536.41,1,5,3,9,Loyal
CUST-8670,Anaya Sinha,122,1,124.67,1,5,1,7,Developing
CUST-8670,Isha Sharma,560,1,2012.7,4,5,5,14,Champions
CUST-8671,Isha Sharma,161,1,322.27,2,5,2,9,Loyal
CUST-8672,Aditya Jha,429,1,116.21,3,5,1,9,Loyal
CUST-8673,Aditya Singh,584,1,2640.3,5,5,5,15,Champions
CUST-8674,Anaya Das,179,1,417.48,2,5,2,9,Loyal
CUST-8675,Isha Patel,182,1,443.94,2,5,2,9,Loyal
CUST-8675,Kabir Sinha,518,1,1322.8,4,5,4,13,Champions
CUST-8677,Aarav Singh,293,1,508.14,3,5,2,10,Loyal
CUST-8677,Anaya Das,613,1,895.48,5,5,3,13,Champions
CUST-8677,Riya Sinha,524,1,124.96,4,5,1,10,Loyal
CUST-8678,Aditya Patel,362,1,381.62,3,5,2,10,Loyal
CUST-8679,Aarav Das,486,1,180.85,4,5,1,10,Loyal
CUST-8679,Aditya Sharma,63,1,1671.4,1,5,4,10,Loyal
CUST-8679,Meera Patel,194,1,820.29,2,5,3,10,Loyal
CUST-8679,Vivaan Gupta,81,1,1797.71,1,5,4,10,Loyal
CUST-8680,Meera Das,279,1,767.28,2,5,3,10,Loyal
CUST-8683,Anaya Singh,399,1,353.22,3,5,2,10,Loyal
CUST-8684,Aarav Jha,689,1,39.24,5,5,1,11,Loyal
CUST-8684,Meera Singh,622,1,2162.3,5,5,5,15,Champions
CUST-8687,Diya Das,166,1,2224.56,2,5,5,12,Champions
CUST-8688,Aarav Sinha,80,1,164.09,1,5,1,7,Developing
CUST-8688,Anaya Verma,110,1,1201.37,1,5,4,10,Loyal
CUST-8688,Riya Sinha,580,1,906.21,5,5,3,13,Champions
CUST-8688,Vivaan Gupta,557,1,237.85,4,5,1,10,Loyal
CUST-8689,Aarav Sinha,86,1,415.02,1,5,2,8,Developing
CUST-8690,Aarav Gupta,325,1,746.15,3,5,3,11,Loyal
CUST-8691,Arjun Patel,191,1,585.33,2,5,3,10,Loyal
CUST-8692,Meera Roy,211,1,298.41,2,5,2,9,Loyal
CUST-8693,Aditya Sinha,427,1,405.66,3,5,2,10,Loyal
CUST-8693,Anaya Roy,256,1,2924.51,2,5,5,12,Champions
CUST-8694,Aditya Sinha,491,1,25.95,4,5,1,10,Loyal
CUST-8696,Aditya Singh,339,1,1075.2,3,5,4,12,Champions
CUST-8696,Arjun Gupta,259,1,2690.69,2,5,5,12,Champions
CUST-8696,Isha Patel,14,1,1259.16,1,5,4,10,Loyal
CUST-8697,Aditya Verma,575,1,277.44,4,5,2,11,Loyal
CUST-8697,Diya Sharma,687,1,1213.72,5,5,4,14,Champions
CUST-8699,Kabir Singh,382,1,17.49,3,5,1,9,Loyal
CUST-8699,Meera Kumar,295,1,1075.99,3,5,4,12,Champions
CUST-8701,Diya Verma,137,1,217.48,1,5,1,7,Developing
CUST-8701,Riya Gupta,9,1,3511.4,1,5,5,11,Loyal
CUST-8702,Aditya Das,77,1,1245.82,1,5,4,10,Loyal
CUST-8702,Riya Sinha,291,1,1657.29,2,5,4,11,Loyal
CUST-8705,Aditya Sinha,1,1,3993.31,1,5,5,11,Loyal
CUST-8705,Riya Verma,710,1,307.11,5,5,2,12,Champions
CUST-8707,Diya Sharma,717,1,1179.9,5,5,4,14,Champions
CUST-8708,Anaya Singh,581,1,491.93,5,5,2,12,Champions
CUST-8710,Aditya Patel,618,1,119.92,5,5,1,11,Loyal
CUST-8710,Meera Verma,393,1,1557.4,3,5,4,12,Champions
CUST-8710,Vivaan Gupta,282,1,672.62,2,5,3,10,Loyal
CUST-8711,Aarav Kumar,348,1,441.45,3,5,2,10,Loyal
CUST-8712,Riya Das,553,1,450.52,4,5,2,11,Loyal
CUST-8715,Arjun Roy,354,1,177.08,3,5,1,9,Loyal
CUST-8715,Vivaan Roy,412,1,149.23,3,5,1,9,Loyal
CUST-8716,Aditya Gupta,487,1,151.04,4,5,1,10,Loyal
CUST-8717,Riya Roy,292,1,2667.62,3,5,5,13,Champions
CUST-8719,Anaya Singh,59,1,647.35,1,5,3,9,Loyal
CUST-8719,Arjun Jha,598,1,49.44,5,5,1,11,Loyal
CUST-8719,Arjun Sinha,449,1,897.24,4,5,3,12,Champions
CUST-8719,Kabir Das,246,1,4699.33,2,5,5,12,Champions
CUST-8720,Aarav Patel,360,1,1129.1,3,5,4,12,Champions
CUST-8721,Aditya Gupta,352,1,441.43,3,5,2,10,Loyal
CUST-8721,Meera Kumar,263,1,566.53,2,5,3,10,Loyal
CUST-8722,Isha Das,708,1,1911.34,5,5,4,14,Champions
CUST-8723,Aarav Gupta,205,1,574.1,2,5,3,10,Loyal
CUST-8723,Anaya Sinha,205,1,87.94,2,5,1,8,Developing
CUST-8723,Arjun Patel,180,1,488.48,2,5,2,9,Loyal
CUST-8724,Aarav Kumar,348,1,4492.99,3,5,5,13,Champions
CUST-8727,Isha Roy,380,1,1774.94,3,5,4,12,Champions
CUST-8727,Riya Patel,209,1,440.21,2,5,2,9,Loyal
CUST-8729,Anaya Kumar,258,1,1766.85,2,5,4,11,Loyal
CUST-8729,Vivaan Sharma,731,1,2995.22,5,5,5,15,Champions
CUST-8732,Isha Jha,27,1,1540.21,1,5,4,10,Loyal
CUST-8732,Vivaan Jha,357,1,793.22,3,5,3,11,Loyal
CUST-8733,Aarav Verma,474,1,1072.17,4,5,4,13,Champions
CUST-8733,Arjun Sinha,728,1,619.29,5,5,3,13,Champions
CUST-8734,Aarav Patel,648,1,201.43,5,5,1,11,Loyal
CUST-8734,Vivaan Kumar,552,1,698.18,4,5,3,12,Champions
CUST-8735,Anaya Sharma,148,1,1789.62,2,5,4,11,Loyal
CUST-8735,Kabir Roy,17,1,799.6,1,5,3,9,Loyal
CUST-8736,Arjun Das,84,1,295.16,1,5,2,8,Developing
CUST-8736,Arjun Jha,423,1,63.8,3,5,1,9,Loyal
CUST-8737,Meera Sharma,512,1,46.99,4,5,1,10,Loyal
CUST-8737,Riya Verma,525,1,28.41,4,5,1,10,Loyal
CUST-8738,Aarav Jha,456,1,92.39,4,5,1,10,Loyal
CUST-8738,Isha Sharma,49,2,2875.82,1,5,5,11,Loyal
CUST-8738,Isha Sinha,200,1,1950.17,2,5,5,12,Champions
CUST-8740,Vivaan Jha,612,1,1221.69,5,5,4,14,Champions
CUST-8741,Anaya Das,159,1,188.76,2,5,1,8,Developing
CUST-8741,Anaya Singh,574,1,1645.04,4,5,4,13,Champions
CUST-8742,Arjun Sinha,72,1,2654.34,1,5,5,11,Loyal
CUST-8742,Riya Singh,384,1,497.03,3,5,2,10,Loyal
CUST-8742,Vivaan Jha,403,1,469.34,3,5,2,10,Loyal
CUST-8743,Aarav Gupta,113,1,250.94,1,5,2,8,Developing
CUST-8744,Riya Roy,270,1,116.04,2,5,1,8,Developing
CUST-8744,Vivaan Patel,575,1,959.99,4,5,4,13,Champions
CUST-8745,Aditya Das,54,1,149.16,1,5,1,7,Developing
CUST-8745,Arjun Jha,193,1,1144.39,2,5,4,11,Loyal
CUST-8745,Diya Kumar,436,1,227.77,4,5,1,10,Loyal
CUST-8745,Isha Das,352,1,2736.95,3,5,5,13,Champions
CUST-8747,Isha Patel,14,1,1058.39,1,5,4,10,Loyal
CUST-8750,Aditya Jha,33,1,88.76,1,5,1,7,Developing
CUST-8750,Anaya Kumar,376,1,105.83,3,5,1,9,Loyal
CUST-8751,Arjun Patel,157,1,242.27,2,5,1,8,Developing
CUST-8753,Riya Roy,293,1,2383.1,3,5,5,13,Champions
CUST-8754,Vivaan Roy,27,1,372.21,1,5,2,8,Developing
CUST-8755,Aditya Singh,373,1,1223.55,3,5,4,12,Champions
CUST-8755,Arjun Sharma,229,1,1258.59,2,5,4,11,Loyal
CUST-8756,Kabir Sharma,259,1,770.72,2,5,3,10,Loyal
CUST-8757,Diya Gupta,499,1,1413.65,4,5,4,13,Champions
CUST-8758,Kabir Sinha,129,1,3193.73,1,5,5,11,Loyal
CUST-8758,Riya Das,160,1,175.34,2,5,1,8,Developing
CUST-8759,Riya Jha,210,1,1194.2,2,5,4,11,Loyal
CUST-8760,Anaya Das,188,1,230.55,2,5,1,8,Developing
CUST-8761,Isha Verma,319,1,1067.44,3,5,4,12,Champions
CUST-8762,Kabir Verma,27,1,275.9,1,5,2,8,Developing
CUST-8764,Anaya Roy,574,1,165.53,4,5,1,10,Loyal
CUST-8764,Diya Singh,491,1,277.57,4,5,2,11,Loyal
CUST-8765,Riya Das,338,1,164.26,3,5,1,9,Loyal
CUST-8766,Aarav Sharma,396,1,429.92,3,5,2,10,Loyal
CUST-8766,Meera Kumar,469,1,902.88,4,5,3,12,Champions
CUST-8768,Arjun Jha,360,1,554.63,3,5,3,11,Loyal
CUST-8768,Kabir Singh,168,1,284.31,2,5,2,9,Loyal
CUST-8769,Meera Sinha,142,1,689.55,1,5,3,9,Loyal
CUST-8770,Aditya Jha,184,1,1910.4,2,5,4,11,Loyal
CUST-8770,Aditya Roy,440,1,257.51,4,5,2,11,Loyal
CUST-8770,Anaya Jha,430,1,222.75,3,5,1,9,Loyal
CUST-8770,Isha Gupta,304,1,3721.26,3,5,5,13,Champions
CUST-8770,Kabir Gupta,598,1,333.45,5,5,2,12,Champions
CUST-8771,Vivaan Sinha,463,1,627.15,4,5,3,12,Champions
CUST-8775,Aarav Jha,178,1,3771.28,2,5,5,12,Champions
CUST-8775,Aarav Kumar,26,1,289.99,1,5,2,8,Developing
CUST-8775,Aditya Verma,54,1,197.89,1,5,1,7,Developing
CUST-8775,Kabir Sharma,262,1,2820.03,2,5,5,12,Champions
CUST-8776,Anaya Roy,258,2,4005.54,2,5,5,12,Champions
CUST-8776,Isha Patel,60,1,1679.98,1,5,4,10,Loyal
CUST-8777,Isha Jha,635,1,3518.94,5,5,5,15,Champions
CUST-8777,Meera Sinha,601,1,908.69,5,5,3,13,Champions
CUST-8778,Kabir Patel,663,1,4107.54,5,5,5,15,Champions
CUST-8779,Kabir Das,203,1,1139.71,2,5,4,11,Loyal
CUST-8779,Kabir Singh,642,1,478.76,5,5,2,12,Champions
CUST-8780,Isha Roy,575,1,76.76,4,5,1,10,Loyal
CUST-8781,Aditya Jha,232,1,497.3,2,5,2,9,Loyal
CUST-8782,Meera Verma,408,1,1528.92,3,5,4,12,Champions
CUST-8783,Isha Kumar,214,1,652.56,2,5,3,10,Loyal
CUST-8787,Arjun Sinha,36,1,204.6,1,5,1,7,Developing
CUST-8787,Meera Sinha,308,1,891.45,3,5,3,11,Loyal
CUST-8788,Isha Kumar,192,1,280.31,2,5,2,9,Loyal
CUST-8789,Vivaan Sharma,709,1,884.09,5,5,3,13,Champions
CUST-8790,Aarav Das,93,1,566.09,1,5,3,9,Loyal
CUST-8791,Isha Singh,346,1,1390.77,3,5,4,12,Champions
CUST-8791,Riya Patel,140,1,1599.61,1,5,4,10,Loyal
CUST-8792,Aditya Sharma,258,1,404.49,2,5,2,9,Loyal
CUST-8792,Kabir Das,507,1,1028.37,4,5,4,13,Champions
CUST-8793,Aarav Sharma,547,1,1658.88,4,5,4,13,Champions
CUST-8794,Kabir Kumar,540,1,352.99,4,5,2,11,Loyal
CUST-8795,Arjun Jha,124,1,2472.09,1,5,5,11,Loyal
CUST-8796,Isha Verma,589,1,506.61,5,5,2,12,Champions
CUST-8796,Meera Verma,596,1,443.41,5,5,2,12,Champions
CUST-8797,Arjun Gupta,466,1,497.28,4,5,2,11,Loyal
CUST-8797,Kabir Patel,196,1,235.22,2,5,1,8,Developing
CUST-8797,Riya Sinha,587,1,2177.0,5,5,5,15,Champions
CUST-8800,Aarav Das,147,1,448.49,2,5,2,9,Loyal
CUST-8800,Anaya Patel,339,1,2057.92,3,5,5,13,Champions
CUST-8800,Arjun Das,114,1,1297.51,1,5,4,10,Loyal
CUST-8800,Arjun Kumar,144,1,824.65,1,5,3,9,Loyal
CUST-8801,Aditya Singh,12,1,1216.33,1,5,4,10,Loyal
CUST-8801,Diya Verma,119,1,1968.13,1,5,5,11,Loyal
CUST-8802,Aarav Verma,20,1,303.52,1,5,2,8,Developing
CUST-8803,Aarav Gupta,410,1,406.73,3,5,2,10,Loyal
CUST-8803,Arjun Patel,58,1,1805.43,1,5,4,10,Loyal
CUST-8804,Anaya Patel,618,1,599.65,5,5,3,13,Champions
CUST-8804,Riya Sharma,322,1,385.81,3,5,2,10,Loyal
CUST-8806,Aditya Verma,616,1,1047.5,5,5,4,14,Champions
CUST-8807,Meera Sinha,45,1,814.97,1,5,3,9,Loyal
CUST-8810,Aarav Sharma,135,1,173.52,1,5,1,7,Developing
CUST-8810,Arjun Jha,1,1,171.7,1,5,1,7,Developing
CUST-8810,Arjun Patel,206,1,3127.84,2,5,5,12,Champions
CUST-8811,Diya Kumar,83,1,892.8,1,5,3,9,Loyal
CUST-8813,Aarav Roy,21,1,469.03,1,5,2,8,Developing
CUST-8813,Aarav Verma,251,1,398.13,2,5,2,9,Loyal
CUST-8813,Aditya Gupta,188,1,769.99,2,5,3,10,Loyal
CUST-8813,Isha Jha,462,1,611.63,4,5,3,12,Champions
CUST-8813,Vivaan Verma,632,1,209.95,5,5,1,11,Loyal
CUST-8814,Meera Gupta,250,1,1087.67,2,5,4,11,Loyal
CUST-8815,Arjun Sharma,267,1,86.58,2,5,1,8,Developing
CUST-8815,Isha Sinha,185,1,13.83,2,5,1,8,Developing
CUST-8816,Riya Singh,699,1,129.81,5,5,1,11,Loyal
CUST-8817,Diya Roy,457,1,173.95,4,5,1,10,Loyal
CUST-8817,Meera Jha,55,1,640.45,1,5,3,9,Loyal
CUST-8818,Aditya Das,367,1,267.98,3,5,2,10,Loyal
CUST-8819,Aarav Roy,516,1,1888.8,4,5,4,13,Champions
CUST-8819,Arjun Sinha,19,1,862.29,1,5,3,9,Loyal
CUST-8819,Vivaan Das,143,1,314.11,1,5,2,8,Developing
CUST-8820,Arjun Verma,329,1,1192.53,3,5,4,12,Champions
CUST-8821,Anaya Sinha,433,1,1490.1,3,5,4,12,Champions
CUST-8821,Vivaan Roy,121,1,1089.83,1,5,4,10,Loyal
CUST-8824,Diya Das,302,1,312.65,3,5,2,10,Loyal
CUST-8824,Meera Jha,569,1,226.02,4,5,1,10,Loyal
CUST-8824,Riya Sharma,463,1,179.08,4,5,1,10,Loyal
CUST-8825,Arjun Kumar,174,1,182.13,2,5,1,8,Developing
CUST-8825,Diya Singh,295,1,346.75,3,5,2,10,Loyal
CUST-8825,Diya Sinha,18,1,16.89,1,5,1,7,Developing
CUST-8825,Isha Gupta,127,1,1481.63,1,5,4,10,Loyal
CUST-8825,Meera Verma,711,1,723.12,5,5,3,13,Champions
CUST-8826,Vivaan Roy,16,1,2859.38,1,5,5,11,Loyal
CUST-8827,Anaya Patel,487,1,2248.65,4,5,5,14,Champions
CUST-8827,Meera Gupta,294,1,51.9,3,5,1,9,Loyal
CUST-8829,Aditya Patel,157,1,393.22,2,5,2,9,Loyal
CUST-8831,Isha Singh,252,1,549.59,2,5,3,10,Loyal
CUST-8831,Vivaan Sharma,41,1,1973.93,1,5,5,11,Loyal
CUST-8832,Arjun Jha,501,1,966.43,4,5,4,13,Champions
CUST-8832,Kabir Verma,661,1,2529.0,5,5,5,15,Champions
CUST-8833,Riya Verma,102,1,2703.66,1,5,5,11,Loyal
CUST-8834,Aarav Jha,130,1,399.76,1,5,2,8,Developing
CUST-8834,Aditya Roy,487,1,4004.83,4,5,5,14,Champions
CUST-8835,Diya Gupta,246,1,153.26,2,5,1,8,Developing
CUST-8837,Anaya Gupta,250,1,1317.78,2,5,4,11,Loyal
CUST-8837,Arjun Jha,555,1,786.81,4,5,3,12,Champions
CUST-8837,Riya Kumar,654,1,654.94,5,5,3,13,Champions
CUST-8841,Meera Sharma,688,1,743.03,5,5,3,13,Champions
CUST-8843,Kabir Sharma,320,1,492.38,3,5,2,10,Loyal
CUST-8845,Meera Jha,587,1,3112.15,5,5,5,15,Champions
CUST-8845,Riya Verma,308,1,2182.18,3,5,5,13,Champions
CUST-8846,Diya Singh,38,1,28.36,1,5,1,7,Developing
CUST-8847,Aarav Gupta,192,1,961.1,2,5,4,11,Loyal
CUST-8849,Riya Gupta,127,1,81.85,1,5,1,7,Developing
CUST-8850,Aarav Sharma,649,1,502.27,5,5,2,12,Champions
CUST-8850,Aditya Sharma,606,1,2402.52,5,5,5,15,Champions
CUST-8850,Anaya Sharma,247,1,497.74,2,5,2,9,Loyal
CUST-8851,Aarav Das,500,1,2339.68,4,5,5,14,Champions
CUST-8851,Arjun Gupta,22,1,388.88,1,5,2,8,Developing
CUST-8851,Meera Singh,412,1,1030.25,3,5,4,12,Champions
CUST-8856,Arjun Jha,498,1,984.33,4,5,4,13,Champions
CUST-8856,Diya Kumar,451,1,560.5,4,5,3,12,Champions
CUST-8856,Isha Das,484,1,682.26,4,5,3,12,Champions
CUST-8856,Meera Gupta,328,1,2075.3,3,5,5,13,Champions
CUST-8857,Kabir Kumar,55,1,686.58,1,5,3,9,Loyal
CUST-8857,Riya Jha,317,1,1281.36,3,5,4,12,Champions
CUST-8859,Aditya Sinha,531,1,1118.27,4,5,4,13,Champions
CUST-8859,Kabir Das,295,1,448.2,3,5,2,10,Loyal
CUST-8860,Aditya Gupta,480,1,1667.18,4,5,4,13,Champions
CUST-8860,Vivaan Gupta,593,1,611.31,5,5,3,13,Champions
CUST-8861,Aarav Roy,64,1,143.36,1,5,1,7,Developing
CUST-8861,Meera Kumar,110,1,329.27,1,5,2,8,Developing
CUST-8863,Arjun Das,627,1,3221.28,5,5,5,15,Champions
CUST-8864,Isha Gupta,630,1,277.67,5,5,2,12,Champions
CUST-8864,Riya Kumar,87,1,1088.49,1,5,4,10,Loyal
CUST-8864,Vivaan Patel,11,1,423.58,1,5,2,8,Developing
CUST-8865,Aditya Roy,707,1,346.6,5,5,2,12,Champions
CUST-8865,Diya Patel,272,1,341.15,2,5,2,9,Loyal
CUST-8866,Aditya Gupta,380,1,438.6,3,5,2,10,Loyal
CUST-8867,Aditya Verma,332,1,2575.97,3,5,5,13,Champions
CUST-8868,Aarav Sinha,210,1,1200.44,2,5,4,11,Loyal
CUST-8868,Vivaan Gupta,384,1,283.96,3,5,2,10,Loyal
CUST-8869,Aditya Verma,108,1,1510.76,1,5,4,10,Loyal
CUST-8869,Anaya Jha,431,1,2014.03,3,5,5,13,Champions
CUST-8869,Isha Das,342,1,2580.54,3,5,5,13,Champions
CUST-8869,Vivaan Gupta,473,1,541.33,4,5,3,12,Champions
CUST-8871,Aditya Gupta,552,1,4448.97,4,5,5,14,Champions
CUST-8872,Aarav Verma,235,1,777.26,2,5,3,10,Loyal
CUST-8872,Isha Singh,308,1,213.17,3,5,1,9,Loyal
CUST-8873,Anaya Singh,671,1,1371.15,5,5,4,14,Champions
CUST-8873,Arjun Verma,537,1,819.65,4,5,3,12,Champions
CUST-8873,Kabir Sinha,264,1,3046.5,2,5,5,12,Champions
CUST-8874,Kabir Sinha,676,1,132.13,5,5,1,11,Loyal
CUST-8874,Vivaan Gupta,707,1,71.39,5,5,1,11,Loyal
CUST-8875,Diya Sinha,382,1,2500.19,3,5,5,13,Champions
CUST-8876,Arjun Das,613,1,4067.84,5,5,5,15,Champions
CUST-8876,Meera Verma,299,1,2475.62,3,5,5,13,Champions
CUST-8877,Isha Sinha,614,1,2674.66,5,5,5,15,Champions
CUST-8878,Diya Gupta,460,1,4742.52,4,5,5,14,Champions
CUST-8880,Aditya Roy,479,1,1852.69,4,5,4,13,Champions
CUST-8880,Meera Sinha,528,1,947.92,4,5,3,12,Champions
CUST-8881,Isha Singh,210,1,447.29,2,5,2,9,Loyal
CUST-8884,Riya Singh,258,1,285.84,2,5,2,9,Loyal
CUST-8885,Riya Roy,511,1,1266.17,4,5,4,13,Champions
CUST-8886,Anaya Singh,132,1,5074.07,1,5,5,11,Loyal
CUST-8886,Meera Kumar,315,1,3795.72,3,5,5,13,Champions
CUST-8886,Meera Sinha,521,1,1586.09,4,5,4,13,Champions
CUST-8888,Diya Das,135,1,144.8,1,5,1,7,Developing
CUST-8888,Isha Singh,208,1,3220.54,2,5,5,12,Champions
CUST-8888,Meera Roy,508,1,1397.73,4,5,4,13,Champions
CUST-8890,Meera Jha,196,1,1059.76,2,5,4,11,Loyal
CUST-8891,Arjun Kumar,497,1,1392.8,4,5,4,13,Champions
CUST-8891,Isha Roy,507,1,299.13,4,5,2,11,Loyal
CUST-8891,Riya Singh,163,1,2098.46,2,5,5,12,Champions
CUST-8892,Aarav Sharma,433,1,188.18,3,5,1,9,Loyal
CUST-8893,Riya Kumar,493,1,228.89,4,5,1,10,Loyal
CUST-8893,Vivaan Jha,242,1,643.36,2,5,3,10,Loyal
CUST-8894,Aarav Sharma,699,1,1601.25,5,5,4,14,Champions
CUST-8894,Diya Jha,65,1,562.94,1,5,3,9,Loyal
CUST-8894,Meera Kumar,419,1,2698.72,3,5,5,13,Champions
CUST-8895,Diya Patel,370,1,628.84,3,5,3,11,Loyal
CUST-8896,Diya Kumar,395,1,150.49,3,5,1,9,Loyal
CUST-8897,Arjun Sinha,576,1,144.11,4,5,1,10,Loyal
CUST-8898,Arjun Gupta,158,1,564.26,2,5,3,10,Loyal
CUST-8898,Meera Das,149,1,2277.96,2,5,5,12,Champions
CUST-8899,Diya Roy,64,1,549.11,1,5,3,9,Loyal
CUST-8900,Aarav Kumar,691,1,1111.47,5,5,4,14,Champions
CUST-8900,Aarav Sharma,53,1,1158.52,1,5,4,10,Loyal
CUST-8900,Aditya Singh,539,1,1502.71,4,5,4,13,Champions
CUST-8900,Anaya Gupta,147,1,38.65,2,5,1,8,Developing
CUST-8901,Isha Kumar,561,1,966.04,4,5,4,13,Champions
CUST-8902,Arjun Gupta,389,1,891.54,3,5,3,11,Loyal
CUST-8902,Vivaan Kumar,126,1,3928.39,1,5,5,11,Loyal
CUST-8904,Arjun Verma,98,1,5512.82,1,5,5,11,Loyal
CUST-8905,Diya Singh,83,1,616.32,1,5,3,9,Loyal
CUST-8906,Vivaan Kumar,464,1,46.41,4,5,1,10,Loyal
CUST-8910,Riya Kumar,335,1,1320.58,3,5,4,12,Champions
CUST-8911,Arjun Gupta,259,1,34.08,2,5,1,8,Developing
CUST-8911,Isha Verma,70,1,772.66,1,5,3,9,Loyal
CUST-8911,Riya Kumar,62,1,4195.57,1,5,5,11,Loyal
CUST-8912,Aditya Kumar,273,1,123.98,2,5,1,8,Developing
CUST-8912,Diya Kumar,171,1,1671.89,2,5,4,11,Loyal
CUST-8914,Aditya Singh,410,1,278.05,3,5,2,10,Loyal
CUST-8914,Meera Sharma,724,1,398.24,5,5,2,12,Champions
CUST-8915,Anaya Sinha,631,1,174.29,5,5,1,11,Loyal
CUST-8915,Arjun Gupta,381,1,297.6,3,5,2,10,Loyal
CUST-8915,Kabir Verma,671,1,3398.17,5,5,5,15,Champions
CUST-8915,Meera Gupta,324,1,313.48,3,5,2,10,Loyal
CUST-8916,Meera Verma,578,1,1475.25,4,5,4,13,Champions
CUST-8916,Vivaan Gupta,718,1,144.45,5,5,1,11,Loyal
CUST-8917,Aarav Gupta,404,1,1540.49,3,5,4,12,Champions
CUST-8918,Isha Verma,154,1,1722.39,2,5,4,11,Loyal
CUST-8918,Kabir Roy,453,1,1269.3,4,5,4,13,Champions
CUST-8920,Aditya Sinha,90,1,35.98,1,5,1,7,Developing
CUST-8920,Diya Sharma,245,1,280.08,2,5,2,9,Loyal
CUST-8922,Anaya Sinha,437,1,2218.99,4,5,5,14,Champions
CUST-8923,Aditya Sharma,388,1,1559.76,3,5,4,12,Champions
CUST-8923,Anaya Kumar,520,1,128.5,4,5,1,10,Loyal
CUST-8923,Meera Singh,250,1,957.17,2,5,4,11,Loyal
CUST-8924,Riya Das,156,1,2905.56,2,5,5,12,Champions
CUST-8925,Aditya Patel,591,1,2745.71,5,5,5,15,Champions
CUST-8926,Anaya Sinha,220,2,776.21,2,5,3,10,Loyal
CUST-8926,Meera Sinha,11,1,794.08,1,5,3,9,Loyal
CUST-8927,Isha Verma,711,1,2197.21,5,5,5,15,Champions
CUST-8928,Diya Sharma,69,1,236.16,1,5,1,7,Developing
CUST-8928,Isha Gupta,162,1,4789.63,2,5,5,12,Champions
CUST-8928,Vivaan Verma,85,1,350.37,1,5,2,8,Developing
CUST-8929,Isha Verma,586,1,372.63,5,5,2,12,Champions
CUST-8929,Kabir Jha,380,1,983.19,3,5,4,12,Champions
CUST-8930,Aditya Das,86,1,1695.43,1,5,4,10,Loyal
CUST-8931,Aarav Patel,72,1,2363.73,1,5,5,11,Loyal
CUST-8931,Aditya Verma,218,1,277.19,2,5,2,9,Loyal
CUST-8931,Isha Gupta,583,1,2682.64,5,5,5,15,Champions
CUST-8931,Vivaan Das,324,1,924.32,3,5,3,11,Loyal
CUST-8931,Vivaan Jha,510,1,848.93,4,5,3,12,Champions
CUST-8933,Aarav Gupta,430,1,3217.72,3,5,5,13,Champions
CUST-8933,Kabir Patel,636,1,28.37,5,5,1,11,Loyal
CUST-8934,Arjun Sharma,646,1,1750.18,5,5,4,14,Champions
CUST-8935,Aarav Patel,499,1,1740.28,4,5,4,13,Champions
CUST-8938,Anaya Sharma,504,1,1883.12,4,5,4,13,Champions
CUST-8939,Diya Gupta,260,1,1553.0,2,5,4,11,Loyal
CUST-8939,Diya Sinha,346,1,861.39,3,5,3,11,Loyal
CUST-8940,Anaya Gupta,18,1,1782.93,1,5,4,10,Loyal
CUST-8940,Anaya Singh,181,1,3601.37,2,5,5,12,Champions
CUST-8941,Arjun Sharma,93,1,347.42,1,5,2,8,Developing
CUST-8941,Diya Jha,102,1,495.81,1,5,2,8,Developing
CUST-8942,Aarav Patel,179,1,105.17,2,5,1,8,Developing
CUST-8942,Meera Sharma,558,1,578.79,4,5,3,12,Champions
CUST-8943,Isha Sharma,199,1,1559.38,2,5,4,11,Loyal
CUST-8943,Kabir Roy,560,1,560.05,4,5,3,12,Champions
CUST-8943,Meera Roy,563,1,444.97,4,5,2,11,Loyal
CUST-8945,Aditya Roy,558,1,984.52,4,5,4,13,Champions
CUST-8945,Isha Kumar,534,1,1952.66,4,5,5,14,Champions
CUST-8946,Aditya Jha,513,1,467.26,4,5,2,11,Loyal
CUST-8946,Vivaan Kumar,461,1,1967.29,4,5,5,14,Champions
CUST-8947,Riya Singh,346,1,943.59,3,5,3,11,Loyal
CUST-8948,Aditya Jha,165,1,152.35,2,5,1,8,Developing
CUST-8948,Diya Singh,97,1,463.5,1,5,2,8,Developing
CUST-8949,Diya Sharma,87,1,945.08,1,5,3,9,Loyal
CUST-8950,Kabir Sinha,645,1,956.85,5,5,4,14,Champions
CUST-8951,Isha Sharma,177,1,545.64,2,5,3,10,Loyal
CUST-8951,Vivaan Jha,469,1,83.45,4,5,1,10,Loyal
CUST-8951,Vivaan Sharma,625,1,601.99,5,5,3,13,Champions
CUST-8954,Kabir Sinha,172,1,123.55,2,5,1,8,Developing
CUST-8954,Riya Singh,258,1,774.98,2,5,3,10,Loyal
CUST-8955,Isha Jha,490,1,823.7,4,5,3,12,Champions
CUST-8955,Riya Verma,557,1,438.04,4,5,2,11,Loyal
CUST-8956,Aditya Roy,125,1,688.01,1,5,3,9,Loyal
CUST-8956,Meera Roy,638,1,109.0,5,5,1,11,Loyal
CUST-8957,Isha Sharma,44,1,260.01,1,5,2,8,Developing
CUST-8958,Isha Patel,720,1,370.84,5,5,2,12,Champions
CUST-8959,Meera Kumar,90,1,2576.99,1,5,5,11,Loyal
CUST-8959,Vivaan Verma,703,1,449.47,5,5,2,12,Champions
CUST-8962,Isha Roy,383,1,786.11,3,5,3,11,Loyal
CUST-8962,Riya Jha,601,1,123.07,5,5,1,11,Loyal
CUST-8963,Arjun Patel,321,1,490.59,3,5,2,10,Loyal
CUST-8964,Arjun Gupta,395,1,1470.22,3,5,4,12,Champions
CUST-8965,Meera Kumar,674,1,457.97,5,5,2,12,Champions
CUST-8966,Aditya Patel,61,1,1154.5,1,5,4,10,Loyal
CUST-8966,Aditya Singh,505,1,1676.9,4,5,4,13,Champions
CUST-8966,Diya Sharma,482,1,945.11,4,5,3,12,Champions
CUST-8966,Kabir Sinha,345,1,1043.06,3,5,4,12,Champions
CUST-8966,Vivaan Jha,3,1,3143.33,1,5,5,11,Loyal
CUST-8968,Riya Jha,532,1,3193.54,4,5,5,14,Champions
CUST-8969,Anaya Patel,528,1,2353.81,4,5,5,14,Champions
CUST-8969,Riya Roy,53,1,2205.3,1,5,5,11,Loyal
CUST-8970,Arjun Roy,336,1,651.84,3,5,3,11,Loyal
CUST-8970,Vivaan Sharma,254,1,4781.24,2,5,5,12,Champions
CUST-8971,Aarav Jha,226,1,421.69,2,5,2,9,Loyal
CUST-8971,Diya Verma,335,1,348.11,3,5,2,10,Loyal
CUST-8971,Riya Verma,192,1,2581.05,2,5,5,12,Champions
CUST-8972,Aditya Patel,80,1,44.18,1,5,1,7,Developing
CUST-8972,Vivaan Sinha,576,1,453.69,4,5,2,11,Loyal
CUST-8973,Aarav Kumar,137,1,280.8,1,5,2,8,Developing
CUST-8973,Arjun Jha,252,1,409.39,2,5,2,9,Loyal
CUST-8973,Kabir Sinha,149,1,1206.79,2,5,4,11,Loyal
CUST-8973,Vivaan Jha,587,1,67.94,5,5,1,11,Loyal
CUST-8975,Aditya Kumar,477,1,325.11,4,5,2,11,Loyal
CUST-8977,Aarav Das,580,1,152.55,5,5,1,11,Loyal
CUST-8977,Isha Verma,305,1,111.11,3,5,1,9,Loyal
CUST-8977,Kabir Singh,191,1,855.38,2,5,3,10,Loyal
CUST-8979,Diya Singh,717,1,2367.33,5,5,5,15,Champions
CUST-8980,Arjun Sinha,673,1,560.16,5,5,3,13,Champions
CUST-8981,Aarav Verma,149,1,110.74,2,5,1,8,Developing
CUST-8981,Meera Kumar,139,1,491.53,1,5,2,8,Developing
CUST-8981,Vivaan Gupta,24,1,2323.2,1,5,5,11,Loyal
CUST-8982,Arjun Jha,480,1,2130.06,4,5,5,14,Champions
CUST-8982,Kabir Sinha,198,2,2509.31,2,5,5,12,Champions
CUST-8984,Vivaan Roy,125,1,2096.47,1,5,5,11,Loyal
CUST-8986,Isha Roy,137,1,295.0,1,5,2,8,Developing
CUST-8987,Isha Roy,675,1,25.15,5,5,1,11,Loyal
CUST-8987,Isha Verma,585,1,17.36,5,5,1,11,Loyal
CUST-8988,Isha Gupta,200,1,41.74,2,5,1,8,Developing
CUST-8989,Anaya Kumar,358,1,1561.16,3,5,4,12,Champions
CUST-8990,Vivaan Roy,181,1,265.64,2,5,2,9,Loyal
CUST-8992,Meera Sharma,174,1,1543.28,2,5,4,11,Loyal
CUST-8992,Vivaan Gupta,313,1,502.28,3,5,2,10,Loyal
CUST-8993,Anaya Singh,119,1,499.61,1,5,2,8,Developing
CUST-8993,Meera Das,684,1,1016.92,5,5,4,14,Champions
CUST-8993,Riya Sharma,539,1,112.69,4,5,1,10,Loyal
CUST-8996,Diya Sinha,91,1,431.27,1,5,2,8,Developing
CUST-8996,Kabir Roy,600,1,518.47,5,5,2,12,Champions
CUST-8997,Anaya Roy,422,1,181.17,3,5,1,9,Loyal
CUST-8999,Kabir Verma,37,1,15.01,1,5,1,7,Developing
CUST-9000,Kabir Singh,394,1,202.96,3,5,1,9,Loyal
CUST-9000,Vivaan Singh,314,1,5230.06,3,5,5,13,Champions
CUST-9001,Isha Das,333,1,414.64,3,5,2,10,Loyal
CUST-9002,Aarav Sinha,411,1,543.54,3,5,3,11,Loyal
CUST-9002,Aditya Gupta,134,1,496.37,1,5,2,8,Developing
CUST-9002,Aditya Sharma,620,1,344.17,5,5,2,12,Champions
CUST-9002,Arjun Verma,588,1,417.59,5,5,2,12,Champions
CUST-9002,Isha Das,333,1,328.99,3,5,2,10,Loyal
CUST-9003,Diya Das,66,1,2689.73,1,5,5,11,Loyal
CUST-9004,Diya Patel,576,1,4757.38,4,5,5,14,Champions
CUST-9005,Diya Das,172,1,763.34,2,5,3,10,Loyal
CUST-9006,Isha Jha,701,1,652.6,5,5,3,13,Champions
CUST-9006,Meera Das,315,1,532.02,3,5,3,11,Loyal
CUST-9007,Isha Jha,293,1,2299.39,3,5,5,13,Champions
CUST-9009,Aarav Das,236,1,88.89,2,5,1,8,Developing
CUST-9009,Aditya Verma,516,1,60.88,4,5,1,10,Loyal
CUST-9009,Riya Das,683,1,309.1,5,5,2,12,Champions
CUST-9010,Aarav Patel,308,1,362.49,3,5,2,10,Loyal
CUST-9010,Vivaan Gupta,522,1,743.79,4,5,3,12,Champions
CUST-9011,Arjun Roy,141,1,455.82,1,5,2,8,Developing
CUST-9011,Meera Gupta,296,1,274.2,3,5,2,10,Loyal
CUST-9012,Arjun Patel,15,1,691.51,1,5,3,9,Loyal
CUST-9012,Meera Das,281,1,1359.77,2,5,4,11,Loyal
CUST-9016,Riya Jha,54,1,1563.23,1,5,4,10,Loyal
CUST-9017,Aarav Das,409,1,219.58,3,5,1,9,Loyal
CUST-9017,Aditya Sinha,555,1,143.38,4,5,1,10,Loyal
CUST-9017,Anaya Patel,453,1,1459.38,4,5,4,13,Champions
CUST-9018,Aarav Das,104,1,466.26,1,5,2,8,Developing
CUST-9018,Diya Kumar,470,1,225.49,4,5,1,10,Loyal
CUST-9018,Riya Gupta,684,1,471.24,5,5,2,12,Champions
CUST-9019,Meera Kumar,218,1,303.79,2,5,2,9,Loyal
CUST-9020,Arjun Jha,312,1,1254.4,3,5,4,12,Champions
CUST-9021,Anaya Gupta,664,1,199.27,5,5,1,11,Loyal
CUST-9021,Diya Gupta,718,1,91.96,5,5,1,11,Loyal
CUST-9021,Riya Sharma,692,1,810.03,5,5,3,13,Champions
CUST-9021,Vivaan Kumar,377,1,785.07,3,5,3,11,Loyal
CUST-9022,Meera Roy,498,1,654.69,4,5,3,12,Champions
CUST-9023,Kabir Gupta,110,1,1812.13,1,5,4,10,Loyal
CUST-9023,Meera Das,221,1,4134.6,2,5,5,12,Champions
CUST-9023,Vivaan Patel,426,1,1792.67,3,5,4,12,Champions
CUST-9024,Anaya Sharma,426,1,247.27,3,5,2,10,Loyal
CUST-9027,Kabir Verma,459,1,931.43,4,5,3,12,Champions
CUST-9027,Riya Patel,469,1,1180.49,4,5,4,13,Champions
CUST-9028,Aditya Roy,271,1,545.74,2,5,3,10,Loyal
CUST-9029,Diya Gupta,26,1,1471.79,1,5,4,10,Loyal
CUST-9030,Riya Roy,452,1,1707.18,4,5,4,13,Champions
CUST-9031,Anaya Roy,214,1,507.15,2,5,2,9,Loyal
CUST-9031,Diya Das,419,1,877.63,3,5,3,11,Loyal
CUST-9031,Diya Roy,719,1,910.96,5,5,3,13,Champions
CUST-9032,Aarav Roy,609,1,280.96,5,5,2,12,Champions
CUST-9032,Isha Sharma,195,1,316.6,2,5,2,9,Loyal
CUST-9034,Aditya Patel,460,1,574.15,4,5,3,12,Champions
CUST-9035,Aditya Jha,386,1,474.7,3,5,2,10,Loyal
CUST-9035,Meera Verma,589,1,551.9,5,5,3,13,Champions
CUST-9036,Vivaan Kumar,678,1,361.04,5,5,2,12,Champions
CUST-9037,Arjun Singh,284,1,266.59,2,5,2,9,Loyal
CUST-9038,Diya Kumar,176,1,485.67,2,5,2,9,Loyal
CUST-9039,Anaya Das,269,1,2083.7,2,5,5,12,Champions
CUST-9040,Aarav Kumar,681,1,284.46,5,5,2,12,Champions
CUST-9042,Aditya Patel,441,1,3022.93,4,5,5,14,Champions
CUST-9043,Vivaan Patel,729,1,79.42,5,5,1,11,Loyal
CUST-9043,Vivaan Sharma,206,1,1460.49,2,5,4,11,Loyal
CUST-9044,Meera Sharma,63,1,1669.63,1,5,4,10,Loyal
CUST-9046,Anaya Sinha,589,1,1656.96,5,5,4,14,Champions
CUST-9046,Vivaan Verma,208,1,380.89,2,5,2,9,Loyal
CUST-9047,Diya Verma,323,1,4537.08,3,5,5,13,Champions
CUST-9048,Aditya Singh,79,1,138.0,1,5,1,7,Developing
CUST-9049,Arjun Gupta,9,1,608.96,1,5,3,9,Loyal
CUST-9049,Arjun Kumar,90,1,1137.78,1,5,4,10,Loyal
CUST-9050,Aarav Verma,555,1,901.44,4,5,3,12,Champions
CUST-9051,Arjun Das,367,1,2674.05,3,5,5,13,Champions
CUST-9051,Riya Singh,121,1,2684.11,1,5,5,11,Loyal
CUST-9054,Aditya Kumar,686,1,1066.21,5,5,4,14,Champions
CUST-9054,Arjun Roy,396,1,340.31,3,5,2,10,Loyal
CUST-9054,Vivaan Roy,10,1,693.68,1,5,3,9,Loyal
CUST-9055,Aarav Patel,135,1,35.79,1,5,1,7,Developing
CUST-9056,Aarav Verma,490,1,3613.86,4,5,5,14,Champions
CUST-9057,Aarav Roy,459,1,1459.45,4,5,4,13,Champions
CUST-9058,Vivaan Gupta,369,1,1512.97,3,5,4,12,Champions
CUST-9061,Anaya Patel,530,1,587.78,4,5,3,12,Champions
CUST-9061,Anaya Verma,123,1,209.32,1,5,1,7,Developing
CUST-9062,Diya Jha,587,1,43.57,5,5,1,11,Loyal
CUST-9062,Kabir Kumar,325,1,939.07,3,5,3,11,Loyal
CUST-9062,Riya Kumar,69,1,3015.39,1,5,5,11,Loyal
CUST-9064,Meera Sinha,17,1,3489.29,1,5,5,11,Loyal
CUST-9065,Vivaan Patel,504,1,516.25,4,5,2,11,Loyal
CUST-9066,Diya Patel,164,1,1017.71,2,5,4,11,Loyal
CUST-9067,Anaya Roy,594,1,1257.33,5,5,4,14,Champions
CUST-9067,Meera Roy,593,1,1602.68,5,5,4,14,Champions
CUST-9068,Aditya Sharma,30,1,454.7,1,5,2,8,Developing
CUST-9069,Isha Jha,257,1,952.43,2,5,4,11,Loyal
CUST-9070,Meera Verma,705,1,276.81,5,5,2,12,Champions
CUST-9070,Vivaan Kumar,342,1,517.24,3,5,2,10,Loyal
CUST-9072,Kabir Sharma,589,1,1579.58,5,5,4,14,Champions
CUST-9072,Meera Roy,24,1,831.22,1,5,3,9,Loyal
CUST-9072,Vivaan Gupta,453,1,41.9,4,5,1,10,Loyal
CUST-9073,Riya Sharma,267,1,2194.82,2,5,5,12,Champions
CUST-9075,Aarav Kumar,214,1,4498.83,2,5,5,12,Champions
CUST-9075,Diya Roy,424,1,3153.16,3,5,5,13,Champions
CUST-9077,Anaya Singh,637,1,3601.94,5,5,5,15,Champions
CUST-9078,Kabir Singh,450,1,921.28,4,5,3,12,Champions
CUST-9079,Riya Sharma,11,1,149.09,1,5,1,7,Developing
CUST-9080,Isha Roy,560,1,727.42,4,5,3,12,Champions
CUST-9080,Vivaan Sinha,463,1,449.53,4,5,2,11,Loyal
CUST-9081,Aditya Das,617,1,1691.9,5,5,4,14,Champions
CUST-9082,Kabir Sharma,332,1,68.45,3,5,1,9,Loyal
CUST-9083,Aditya Patel,611,1,2952.38,5,5,5,15,Champions
CUST-9083,Kabir Jha,220,1,1394.48,2,5,4,11,Loyal
CUST-9084,Meera Patel,493,1,169.2,4,5,1,10,Loyal
CUST-9085,Diya Jha,557,1,1295.06,4,5,4,13,Champions
CUST-9086,Aditya Gupta,540,1,2245.0,4,5,5,14,Champions
CUST-9087,Riya Jha,659,1,2280.88,5,5,5,15,Champions
CUST-9087,Riya Sharma,334,1,1539.25,3,5,4,12,Champions
CUST-9088,Aditya Jha,683,1,293.36,5,5,2,12,Champions
CUST-9088,Aditya Kumar,493,1,2568.93,4,5,5,14,Champions
CUST-9088,Kabir Roy,212,1,415.64,2,5,2,9,Loyal
CUST-9089,Anaya Verma,345,1,2443.85,3,5,5,13,Champions
CUST-9090,Isha Jha,357,1,1619.32,3,5,4,12,Champions
CUST-9091,Meera Sinha,462,1,838.96,4,5,3,12,Champions
CUST-9092,Anaya Jha,123,1,828.45,1,5,3,9,Loyal
CUST-9093,Arjun Sharma,121,1,1825.77,1,5,4,10,Loyal
CUST-9094,Diya Sinha,126,1,261.73,1,5,2,8,Developing
CUST-9095,Riya Sharma,568,1,199.97,4,5,1,10,Loyal
CUST-9098,Aditya Sharma,112,1,113.63,1,5,1,7,Developing
CUST-9098,Diya Roy,247,1,286.39,2,5,2,9,Loyal
CUST-9098,Vivaan Sharma,59,1,481.97,1,5,2,8,Developing
CUST-9099,Diya Kumar,271,1,253.05,2,5,2,9,Loyal
CUST-9099,Kabir Sharma,461,1,3576.11,4,5,5,14,Champions
CUST-9100,Aditya Roy,166,1,318.84,2,5,2,9,Loyal
CUST-9101,Arjun Kumar,423,1,489.78,3,5,2,10,Loyal
CUST-9101,Riya Sinha,672,1,3523.1,5,5,5,15,Champions
CUST-9102,Riya Verma,343,1,393.19,3,5,2,10,Loyal
CUST-9104,Kabir Kumar,647,1,24.89,5,5,1,11,Loyal
CUST-9104,Vivaan Verma,111,1,2392.74,1,5,5,11,Loyal
CUST-9105,Aditya Roy,442,1,19.91,4,5,1,10,Loyal
CUST-9106,Arjun Das,373,1,1860.93,3,5,4,12,Champions
CUST-9107,Riya Singh,376,1,303.01,3,5,2,10,Loyal
CUST-9109,Anaya Kumar,465,1,272.6,4,5,2,11,Loyal
CUST-9109,Diya Gupta,260,1,1197.41,2,5,4,11,Loyal
CUST-9109,Kabir Kumar,689,1,608.57,5,5,3,13,Champions
CUST-9110,Aditya Sharma,342,1,600.07,3,5,3,11,Loyal
CUST-9110,Meera Patel,680,1,1515.43,5,5,4,14,Champions
CUST-9111,Aarav Kumar,507,1,1923.46,4,5,5,14,Champions
CUST-9111,Isha Jha,101,1,2795.63,1,5,5,11,Loyal
CUST-9111,Vivaan Das,721,1,591.72,5,5,3,13,Champions
CUST-9112,Aarav Sinha,688,1,3756.52,5,5,5,15,Champions
CUST-9112,Isha Das,93,1,161.52,1,5,1,7,Developing
CUST-9113,Anaya Gupta,541,1,1511.57,4,5,4,13,Champions
CUST-9113,Diya Patel,63,1,166.84,1,5,1,7,Developing
CUST-9115,Arjun Patel,254,1,1602.14,2,5,4,11,Loyal
CUST-9116,Aditya Verma,349,1,18.07,3,5,1,9,Loyal
CUST-9116,Meera Verma,620,1,320.67,5,5,2,12,Champions
CUST-9117,Kabir Kumar,316,1,2938.67,3,5,5,13,Champions
CUST-9117,Meera Sinha,714,1,65.29,5,5,1,11,Loyal
CUST-9118,Isha Sinha,519,1,111.86,4,5,1,10,Loyal
CUST-9119,Meera Verma,145,1,2274.62,1,5,5,11,Loyal
CUST-9120,Diya Gupta,520,1,1808.14,4,5,4,13,Champions
CUST-9120,Diya Patel,479,1,949.59,4,5,3,12,Champions
CUST-9120,Kabir Das,54,1,45.68,1,5,1,7,Developing
CUST-9120,Vivaan Patel,449,1,991.06,4,5,4,13,Champions
CUST-9120,Vivaan Verma,223,1,985.1,2,5,4,11,Loyal
CUST-9121,Aarav Gupta,642,1,138.85,5,5,1,11,Loyal
CUST-9121,Diya Jha,677,1,62.94,5,5,1,11,Loyal
CUST-9121,Meera Roy,416,1,263.29,3,5,2,10,Loyal
CUST-9122,Aditya Roy,164,1,657.57,2,5,3,10,Loyal
CUST-9123,Diya Kumar,22,1,568.84,1,5,3,9,Loyal
CUST-9125,Isha Roy,416,1,61.41,3,5,1,9,Loyal
CUST-9126,Meera Sharma,286,1,324.03,2,5,2,9,Loyal
CUST-9127,Aarav Gupta,621,1,699.62,5,5,3,13,Champions
CUST-9127,Kabir Patel,717,1,910.51,5,5,3,13,Champions
CUST-9128,Aarav Jha,294,1,625.09,3,5,3,11,Loyal
CUST-9128,Arjun Roy,205,1,1486.76,2,5,4,11,Loyal
CUST-9129,Aditya Verma,664,1,741.49,5,5,3,13,Champions
CUST-9130,Anaya Gupta,270,1,184.94,2,5,1,8,Developing
CUST-9130,Diya Singh,290,1,2734.23,2,5,5,12,Champions
CUST-9130,Riya Sharma,357,1,368.09,3,5,2,10,Loyal
CUST-9130,Riya Verma,285,1,2156.48,2,5,5,12,Champions
CUST-9131,Aditya Patel,286,1,462.06,2,5,2,9,Loyal
CUST-9131,Isha Das,539,1,850.49,4,5,3,12,Champions
CUST-9131,Riya Kumar,672,1,2111.58,5,5,5,15,Champions
CUST-9133,Meera Roy,138,1,1709.23,1,5,4,10,Loyal
CUST-9134,Arjun Singh,582,1,941.0,5,5,3,13,Champions
CUST-9134,Riya Jha,80,1,157.09,1,5,1,7,Developing
CUST-9135,Arjun Kumar,382,1,1659.61,3,5,4,12,Champions
CUST-9138,Arjun Verma,340,1,134.26,3,5,1,9,Loyal
CUST-9138,Vivaan Kumar,240,1,358.74,2,5,2,9,Loyal
CUST-9139,Aditya Verma,495,1,136.93,4,5,1,10,Loyal
CUST-9139,Meera Das,95,1,1404.45,1,5,4,10,Loyal
CUST-9139,Riya Das,543,1,278.21,4,5,2,11,Loyal
CUST-9140,Aarav Kumar,114,1,1236.64,1,5,4,10,Loyal
CUST-9140,Kabir Roy,363,1,871.17,3,5,3,11,Loyal
CUST-9141,Riya Verma,650,1,2378.48,5,5,5,15,Champions
CUST-9142,Riya Jha,303,1,3581.09,3,5,5,13,Champions
CUST-9143,Aarav Sharma,671,1,488.01,5,5,2,12,Champions
CUST-9143,Anaya Sharma,218,1,598.35,2,5,3,10,Loyal
CUST-9143,Kabir Kumar,151,1,297.19,2,5,2,9,Loyal
CUST-9144,Anaya Jha,358,1,557.99,3,5,3,11,Loyal
CUST-9144,Diya Patel,727,1,373.75,5,5,2,12,Champions
CUST-9147,Anaya Jha,148,1,538.79,2,5,3,10,Loyal
CUST-9148,Arjun Das,365,1,513.63,3,5,2,10,Loyal
CUST-9149,Vivaan Jha,374,1,3700.61,3,5,5,13,Champions
CUST-9151,Anaya Sinha,548,1,616.82,4,5,3,12,Champions
CUST-9151,Diya Sinha,428,1,201.79,3,5,1,9,Loyal
CUST-9151,Isha Das,33,1,379.14,1,5,2,8,Developing
CUST-9151,Riya Gupta,696,1,28.07,5,5,1,11,Loyal
CUST-9152,Anaya Das,410,1,895.82,3,5,3,11,Loyal
CUST-9153,Aditya Das,408,1,3448.07,3,5,5,13,Champions
CUST-9155,Isha Sharma,259,1,766.98,2,5,3,10,Loyal
CUST-9155,Kabir Gupta,725,1,2051.27,5,5,5,15,Champions
CUST-9155,Meera Patel,299,1,2576.98,3,5,5,13,Champions
CUST-9156,Riya Jha,497,1,191.87,4,5,1,10,Loyal
CUST-9159,Anaya Das,375,1,70.39,3,5,1,9,Loyal
CUST-9159,Arjun Jha,668,1,150.18,5,5,1,11,Loyal
CUST-9159,Diya Singh,628,1,2529.51,5,5,5,15,Champions
CUST-9159,Kabir Das,244,1,919.8,2,5,3,10,Loyal
CUST-9160,Riya Jha,488,1,3936.86,4,5,5,14,Champions
CUST-9161,Arjun Das,625,1,909.52,5,5,3,13,Champions
CUST-9163,Riya Singh,433,1,263.38,3,5,2,10,Loyal
CUST-9164,Arjun Gupta,102,1,1686.55,1,5,4,10,Loyal
CUST-9167,Arjun Patel,146,1,1512.65,2,5,4,11,Loyal
CUST-9168,Meera Roy,711,1,3089.4,5,5,5,15,Champions
CUST-9168,Riya Roy,634,1,1267.59,5,5,4,14,Champions
CUST-9168,Vivaan Patel,297,1,65.11,3,5,1,9,Loyal
CUST-9169,Isha Singh,189,1,2035.44,2,5,5,12,Champions
CUST-9172,Anaya Das,211,1,1179.66,2,5,4,11,Loyal
CUST-9172,Diya Sharma,676,1,1466.41,5,5,4,14,Champions
CUST-9173,Riya Gupta,314,1,751.01,3,5,3,11,Loyal
CUST-9174,Diya Sharma,626,1,907.89,5,5,3,13,Champions
CUST-9175,Arjun Singh,112,1,2112.92,1,5,5,11,Loyal
CUST-9176,Isha Sinha,589,1,425.27,5,5,2,12,Champions
CUST-9177,Kabir Das,338,1,43.34,3,5,1,9,Loyal
CUST-9178,Kabir Sinha,94,1,1466.5,1,5,4,10,Loyal
CUST-9179,Arjun Gupta,693,1,3453.2,5,5,5,15,Champions
CUST-9180,Isha Kumar,172,1,85.18,2,5,1,8,Developing
CUST-9181,Aditya Sinha,477,1,244.61,4,5,2,11,Loyal
CUST-9184,Aditya Roy,75,1,569.27,1,5,3,9,Loyal
CUST-9184,Diya Roy,724,1,161.52,5,5,1,11,Loyal
CUST-9185,Anaya Singh,369,1,590.83,3,5,3,11,Loyal
CUST-9185,Anaya Sinha,666,1,346.72,5,5,2,12,Champions
CUST-9186,Aarav Sinha,684,1,268.98,5,5,2,12,Champions
CUST-9189,Aarav Sharma,429,1,4795.15,3,5,5,13,Champions
CUST-9190,Arjun Das,290,1,3714.37,2,5,5,12,Champions
CUST-9191,Kabir Verma,281,1,1498.94,2,5,4,11,Loyal
CUST-9193,Riya Verma,524,1,4383.32,4,5,5,14,Champions
CUST-9194,Arjun Sinha,189,1,371.11,2,5,2,9,Loyal
CUST-9195,Isha Sharma,307,1,1394.02,3,5,4,12,Champions
CUST-9196,Vivaan Das,680,1,1442.92,5,5,4,14,Champions
CUST-9197,Isha Singh,348,1,87.16,3,5,1,9,Loyal
CUST-9197,Riya Verma,590,1,1112.11,5,5,4,14,Champions
CUST-9198,Vivaan Jha,706,1,841.92,5,5,3,13,Champions
CUST-9199,Arjun Sharma,156,1,737.37,2,5,3,10,Loyal
CUST-9199,Isha Gupta,118,2,3245.94,1,5,5,11,Loyal
CUST-9199,Isha Kumar,54,1,722.04,1,5,3,9,Loyal
CUST-9200,Aarav Jha,46,1,323.8,1,5,2,8,Developing
CUST-9203,Aditya Jha,248,1,514.3,2,5,2,9,Loyal
CUST-9204,Diya Jha,369,1,964.55,3,5,4,12,Champions
CUST-9206,Aditya Kumar,351,1,2765.28,3,5,5,13,Champions
CUST-9206,Vivaan Kumar,569,1,1998.47,4,5,5,14,Champions
CUST-9207,Aarav Sinha,501,1,3602.49,4,5,5,14,Champions
CUST-9207,Anaya Das,553,1,205.97,4,5,1,10,Loyal
CUST-9207,Diya Roy,105,1,836.11,1,5,3,9,Loyal
CUST-9210,Anaya Patel,669,1,822.9,5,5,3,13,Champions
CUST-9210,Isha Jha,203,1,2550.31,2,5,5,12,Champions
CUST-9211,Riya Das,520,1,499.59,4,5,2,11,Loyal
CUST-9212,Kabir Verma,162,1,1544.42,2,5,4,11,Loyal
CUST-9213,Vivaan Verma,167,1,2199.47,2,5,5,12,Champions
CUST-9216,Anaya Kumar,406,1,341.44,3,5,2,10,Loyal
CUST-9217,Meera Kumar,358,1,2801.84,3,5,5,13,Champions
CUST-9217,Vivaan Das,173,1,910.49,2,5,3,10,Loyal
CUST-9218,Aditya Das,653,1,1093.27,5,5,4,14,Champions
CUST-9218,Riya Singh,629,1,302.94,5,5,2,12,Champions
CUST-9219,Arjun Verma,519,1,1279.11,4,5,4,13,Champions
CUST-9219,Vivaan Sharma,44,1,1074.2,1,5,4,10,Loyal
CUST-9220,Riya Roy,592,1,417.23,5,5,2,12,Champions
CUST-9221,Aarav Das,582,1,730.59,5,5,3,13,Champions
CUST-9221,Aarav Verma,434,1,585.93,3,5,3,11,Loyal
CUST-9221,Meera Roy,487,1,18.72,4,5,1,10,Loyal
CUST-9223,Aarav Roy,670,1,1017.86,5,5,4,14,Champions
CUST-9223,Kabir Sinha,572,1,3894.63,4,5,5,14,Champions
CUST-9224,Kabir Singh,440,1,464.59,4,5,2,11,Loyal
CUST-9226,Anaya Jha,80,1,2297.45,1,5,5,11,Loyal
CUST-9226,Riya Jha,316,1,591.56,3,5,3,11,Loyal
CUST-9226,Riya Roy,422,1,283.36,3,5,2,10,Loyal
CUST-9227,Anaya Verma,25,1,185.66,1,5,1,7,Developing
CUST-9228,Kabir Jha,434,1,1630.33,3,5,4,12,Champions
CUST-9228,Meera Jha,595,1,1180.61,5,5,4,14,Champions
CUST-9229,Vivaan Roy,683,1,704.39,5,5,3,13,Champions
CUST-9233,Arjun Patel,25,1,340.85,1,5,2,8,Developing
CUST-9233,Kabir Jha,411,1,136.0,3,5,1,9,Loyal
CUST-9235,Arjun Singh,146,1,2431.33,2,5,5,12,Champions
CUST-9235,Meera Kumar,363,1,3000.14,3,5,5,13,Champions
CUST-9236,Arjun Das,301,1,1945.85,3,5,5,13,Champions
CUST-9237,Anaya Das,466,1,1197.75,4,5,4,13,Champions
CUST-9237,Anaya Jha,631,1,288.85,5,5,2,12,Champions
CUST-9237,Kabir Singh,425,1,396.53,3,5,2,10,Loyal
CUST-9237,Meera Jha,495,1,1096.81,4,5,4,13,Champions
CUST-9239,Aarav Jha,404,1,2813.62,3,5,5,13,Champions
CUST-9239,Anaya Jha,91,1,723.85,1,5,3,9,Loyal
CUST-9239,Anaya Sharma,360,1,858.57,3,5,3,11,Loyal
CUST-9240,Kabir Jha,644,1,509.59,5,5,2,12,Champions
CUST-9242,Aarav Kumar,104,1,2308.71,1,5,5,11,Loyal
CUST-9242,Aditya Gupta,617,2,1920.08,5,5,5,15,Champions
CUST-9243,Anaya Sharma,172,1,642.21,2,5,3,10,Loyal
CUST-9243,Diya Gupta,723,1,473.51,5,5,2,12,Champions
CUST-9243,Riya Das,229,1,133.09,2,5,1,8,Developing
CUST-9243,Vivaan Gupta,52,1,4279.23,1,5,5,11,Loyal
CUST-9244,Isha Roy,351,1,223.4,3,5,1,9,Loyal
CUST-9244,Kabir Verma,332,1,2821.04,3,5,5,13,Champions
CUST-9246,Aarav Singh,562,1,609.41,4,5,3,12,Champions
CUST-9246,Riya Singh,104,1,376.03,1,5,2,8,Developing
CUST-9250,Diya Roy,31,1,345.63,1,5,2,8,Developing
CUST-9251,Kabir Gupta,723,1,2348.17,5,5,5,15,Champions
CUST-9252,Anaya Patel,248,1,969.67,2,5,4,11,Loyal
CUST-9252,Diya Kumar,218,1,296.99,2,5,2,9,Loyal
CUST-9253,Riya Kumar,710,1,2608.55,5,5,5,15,Champions
CUST-9254,Vivaan Gupta,199,2,806.5,2,5,3,10,Loyal
CUST-9255,Anaya Sinha,111,1,491.07,1,5,2,8,Developing
CUST-9255,Arjun Gupta,351,1,176.99,3,5,1,9,Loyal
CUST-9255,Arjun Singh,501,1,292.69,4,5,2,11,Loyal
CUST-9255,Meera Das,414,1,769.0,3,5,3,11,Loyal
CUST-9259,Aarav Gupta,17,1,159.14,1,5,1,7,Developing
CUST-9260,Isha Sharma,431,1,2051.99,3,5,5,13,Champions
CUST-9261,Anaya Singh,34,1,175.57,1,5,1,7,Developing
CUST-9261,Vivaan Sharma,622,1,127.86,5,5,1,11,Loyal
CUST-9262,Arjun Singh,33,1,2701.91,1,5,5,11,Loyal
CUST-9262,Vivaan Kumar,726,1,2572.74,5,5,5,15,Champions
CUST-9263,Meera Roy,542,1,2829.87,4,5,5,14,Champions
CUST-9264,Kabir Das,227,1,738.06,2,5,3,10,Loyal
CUST-9265,Kabir Das,470,1,98.43,4,5,1,10,Loyal
CUST-9265,Meera Singh,74,1,2832.78,1,5,5,11,Loyal
CUST-9266,Anaya Patel,165,1,579.58,2,5,3,10,Loyal
CUST-9267,Riya Gupta,280,1,627.73,2,5,3,10,Loyal
CUST-9268,Aarav Sinha,215,1,482.21,2,5,2,9,Loyal
CUST-9268,Isha Patel,518,1,3470.48,4,5,5,14,Champions
CUST-9269,Aditya Das,614,1,1669.08,5,5,4,14,Champions
CUST-9271,Diya Das,172,1,56.27,2,5,1,8,Developing
CUST-9274,Diya Das,174,1,531.66,2,5,3,10,Loyal
CUST-9275,Aarav Sinha,632,1,651.09,5,5,3,13,Champions
CUST-9275,Riya Gupta,615,1,1379.78,5,5,4,14,Champions
CUST-9278,Aarav Gupta,328,1,1440.65,3,5,4,12,Champions
CUST-9278,Arjun Das,444,1,702.0,4,5,3,12,Champions
CUST-9278,Diya Jha,208,1,3731.45,2,5,5,12,Champions
CUST-9280,Diya Verma,34,1,807.55,1,5,3,9,Loyal
CUST-9280,Meera Das,729,1,33.67,5,5,1,11,Loyal
CUST-9282,Isha Verma,656,1,2219.62,5,5,5,15,Champions
CUST-9289,Vivaan Jha,424,1,2198.28,3,5,5,13,Champions
CUST-9290,Aarav Sinha,525,1,92.93,4,5,1,10,Loyal
CUST-9290,Vivaan Jha,652,1,560.96,5,5,3,13,Champions
CUST-9291,Isha Jha,189,1,19.47,2,5,1,8,Developing
CUST-9293,Anaya Sinha,354,1,840.13,3,5,3,11,Loyal
CUST-9294,Aditya Jha,277,1,707.48,2,5,3,10,Loyal
CUST-9295,Aditya Verma,657,1,1082.31,5,5,4,14,Champions
CUST-9295,Kabir Das,473,1,81.02,4,5,1,10,Loyal
CUST-9295,Meera Patel,356,1,1132.43,3,5,4,12,Champions
CUST-9295,Vivaan Gupta,671,1,83.87,5,5,1,11,Loyal
CUST-9297,Anaya Sinha,610,1,323.07,5,5,2,12,Champions
CUST-9298,Diya Gupta,417,1,757.93,3,5,3,11,Loyal
CUST-9298,Kabir Patel,722,1,370.98,5,5,2,12,Champions
CUST-9298,Vivaan Jha,639,1,715.16,5,5,3,13,Champions
CUST-9300,Isha Roy,624,1,2837.91,5,5,5,15,Champions
CUST-9301,Aditya Gupta,430,1,62.31,3,5,1,9,Loyal
CUST-9301,Isha Jha,486,2,3348.59,4,5,5,14,Champions
CUST-9301,Riya Patel,634,1,1308.23,5,5,4,14,Champions
CUST-9303,Arjun Verma,317,1,116.06,3,5,1,9,Loyal
CUST-9304,Aarav Jha,623,1,41.22,5,5,1,11,Loyal
CUST-9305,Aarav Sharma,60,1,327.66,1,5,2,8,Developing
CUST-9306,Aditya Das,341,1,2309.47,3,5,5,13,Champions
CUST-9306,Anaya Gupta,103,1,2509.97,1,5,5,11,Loyal
CUST-9306,Isha Gupta,131,1,3297.69,1,5,5,11,Loyal
CUST-9307,Aditya Singh,239,1,354.36,2,5,2,9,Loyal
CUST-9308,Anaya Patel,179,1,445.85,2,5,2,9,Loyal
CUST-9308,Kabir Das,537,1,399.53,4,5,2,11,Loyal
CUST-9310,Aarav Roy,220,1,505.93,2,5,2,9,Loyal
CUST-9311,Meera Roy,375,1,89.83,3,5,1,9,Loyal
CUST-9312,Aarav Das,329,1,2965.26,3,5,5,13,Champions
CUST-9312,Arjun Patel,399,1,779.22,3,5,3,11,Loyal
CUST-9313,Diya Sharma,450,1,142.84,4,5,1,10,Loyal
CUST-9313,Vivaan Sharma,109,1,291.09,1,5,2,8,Developing
CUST-9314,Aditya Das,58,1,342.5,1,5,2,8,Developing
CUST-9314,Kabir Sinha,162,1,1732.65,2,5,4,11,Loyal
CUST-9315,Riya Roy,137,1,3985.48,1,5,5,11,Loyal
CUST-9316,Isha Gupta,550,1,221.21,4,5,1,10,Loyal
CUST-9316,Meera Kumar,301,1,275.38,3,5,2,10,Loyal
CUST-9319,Kabir Sharma,249,1,940.99,2,5,3,10,Loyal
CUST-9319,Riya Jha,446,1,1935.3,4,5,5,14,Champions
CUST-9320,Riya Das,326,1,542.68,3,5,3,11,Loyal
CUST-9321,Aditya Roy,567,1,76.34,4,5,1,10,Loyal
CUST-9321,Kabir Jha,651,1,194.85,5,5,1,11,Loyal
CUST-9322,Aditya Kumar,502,1,37.05,4,5,1,10,Loyal
CUST-9322,Riya Jha,275,1,2614.6,2,5,5,12,Champions
CUST-9323,Kabir Gupta,106,1,531.21,1,5,3,9,Loyal
CUST-9323,Riya Verma,441,1,353.84,4,5,2,11,Loyal
CUST-9323,Vivaan Roy,397,1,2047.19,3,5,5,13,Champions
CUST-9324,Aditya Verma,216,1,695.36,2,5,3,10,Loyal
CUST-9324,Riya Sharma,677,1,903.23,5,5,3,13,Champions
CUST-9324,Vivaan Patel,223,1,1431.65,2,5,4,11,Loyal
CUST-9325,Anaya Roy,260,1,1573.93,2,5,4,11,Loyal
CUST-9325,Riya Singh,503,1,117.19,4,5,1,10,Loyal
CUST-9326,Kabir Roy,267,1,186.55,2,5,1,8,Developing
CUST-9327,Isha Sharma,675,1,155.89,5,5,1,11,Loyal
CUST-9328,Diya Das,72,1,440.63,1,5,2,8,Developing
CUST-9329,Isha Verma,491,1,8.9,4,5,1,10,Loyal
CUST-9330,Arjun Roy,708,1,734.66,5,5,3,13,Champions
CUST-9330,Diya Verma,181,1,125.96,2,5,1,8,Developing
CUST-9330,Isha Sharma,161,1,2896.05,2,5,5,12,Champions
CUST-9330,Meera Verma,155,1,1228.53,2,5,4,11,Loyal
CUST-9330,Riya Patel,115,1,1100.87,1,5,4,10,Loyal
CUST-9331,Aarav Verma,56,1,874.51,1,5,3,9,Loyal
CUST-9332,Anaya Verma,23,1,153.99,1,5,1,7,Developing
CUST-9332,Vivaan Roy,79,1,4073.61,1,5,5,11,Loyal
CUST-9333,Aditya Singh,234,1,2921.79,2,5,5,12,Champions
CUST-9335,Kabir Jha,533,1,3372.39,4,5,5,14,Champions
CUST-9336,Anaya Patel,420,1,4858.0,3,5,5,13,Champions
CUST-9338,Isha Singh,22,1,1649.06,1,5,4,10,Loyal
CUST-9339,Isha Roy,407,1,794.77,3,5,3,11,Loyal
CUST-9339,Kabir Kumar,647,1,609.53,5,5,3,13,Champions
CUST-9339,Riya Sharma,610,1,2252.13,5,5,5,15,Champions
CUST-9340,Diya Sinha,617,1,1395.37,5,5,4,14,Champions
CUST-9340,Isha Jha,386,1,851.35,3,5,3,11,Loyal
CUST-9340,Isha Verma,363,1,63.06,3,5,1,9,Loyal
CUST-9342,Aarav Kumar,725,1,2115.4,5,5,5,15,Champions
CUST-9342,Aarav Verma,716,1,39.06,5,5,1,11,Loyal
CUST-9342,Meera Kumar,457,1,525.33,4,5,2,11,Loyal
CUST-9343,Arjun Roy,268,1,133.82,2,5,1,8,Developing
CUST-9343,Isha Das,681,1,555.65,5,5,3,13,Champions
CUST-9344,Isha Jha,202,1,1890.16,2,5,4,11,Loyal
CUST-9345,Arjun Patel,478,1,378.73,4,5,2,11,Loyal
CUST-9345,Arjun Verma,325,1,452.71,3,5,2,10,Loyal
CUST-9346,Aarav Verma,56,1,2335.69,1,5,5,11,Loyal
CUST-9346,Aditya Sinha,218,1,87.64,2,5,1,8,Developing
CUST-9348,Diya Roy,78,1,81.6,1,5,1,7,Developing
CUST-9349,Anaya Roy,67,1,2786.57,1,5,5,11,Loyal
CUST-9350,Riya Gupta,431,1,1933.27,3,5,5,13,Champions
CUST-9350,Vivaan Sharma,348,1,3886.49,3,5,5,13,Champions
CUST-9351,Anaya Patel,678,1,120.74,5,5,1,11,Loyal
CUST-9351,Isha Kumar,423,1,559.6,3,5,3,11,Loyal
CUST-9351,Riya Patel,434,1,40.68,3,5,1,9,Loyal
CUST-9352,Arjun Sharma,549,1,132.15,4,5,1,10,Loyal
CUST-9353,Kabir Sharma,678,1,1361.94,5,5,4,14,Champions
CUST-9354,Arjun Singh,725,1,3040.84,5,5,5,15,Champions
CUST-9354,Riya Sinha,166,1,946.29,2,5,3,10,Loyal
CUST-9359,Aarav Roy,171,1,4084.24,2,5,5,12,Champions
CUST-9359,Anaya Singh,85,1,1799.64,1,5,4,10,Loyal
CUST-9359,Riya Patel,210,1,528.49,2,5,3,10,Loyal
CUST-9360,Isha Gupta,318,1,997.55,3,5,4,12,Champions
CUST-9360,Isha Sinha,143,1,208.12,1,5,1,7,Developing
CUST-9361,Aarav Roy,420,1,700.02,3,5,3,11,Loyal
CUST-9363,Aarav Roy,104,1,1651.75,1,5,4,10,Loyal
CUST-9363,Aditya Roy,606,1,11.86,5,5,1,11,Loyal
CUST-9365,Aarav Verma,71,1,1572.22,1,5,4,10,Loyal
CUST-9366,Aarav Singh,613,1,973.68,5,5,4,14,Champions
CUST-9367,Aditya Sinha,584,1,397.43,5,5,2,12,Champions
CUST-9367,Kabir Kumar,225,1,1417.84,2,5,4,11,Loyal
CUST-9368,Diya Das,44,1,152.37,1,5,1,7,Developing
CUST-9368,Kabir Sharma,454,1,4194.01,4,5,5,14,Champions
CUST-9370,Kabir Gupta,39,1,532.86,1,5,3,9,Loyal
CUST-9370,Riya Kumar,483,1,482.31,4,5,2,11,Loyal
CUST-9370,Vivaan Sinha,586,1,1261.62,5,5,4,14,Champions
CUST-9372,Kabir Patel,292,1,3294.2,3,5,5,13,Champions
CUST-9373,Vivaan Kumar,651,1,135.2,5,5,1,11,Loyal
CUST-9374,Isha Gupta,441,1,2163.61,4,5,5,14,Champions
CUST-9374,Isha Roy,269,1,164.15,2,5,1,8,Developing
CUST-9374,Riya Singh,401,1,138.61,3,5,1,9,Loyal
CUST-9376,Isha Verma,208,1,942.68,2,5,3,10,Loyal
CUST-9377,Aditya Das,229,1,1327.79,2,5,4,11,Loyal
CUST-9377,Kabir Sinha,595,1,545.22,5,5,3,13,Champions
CUST-9377,Kabir Verma,287,1,1363.75,2,5,4,11,Loyal
CUST-9378,Diya Roy,321,1,1587.45,3,5,4,12,Champions
CUST-9380,Arjun Sharma,307,1,1034.66,3,5,4,12,Champions
CUST-9381,Aarav Das,577,1,1421.65,4,5,4,13,Champions
CUST-9381,Vivaan Singh,672,1,481.34,5,5,2,12,Champions
CUST-9382,Aditya Jha,428,1,258.6,3,5,2,10,Loyal
CUST-9382,Diya Verma,112,1,378.35,1,5,2,8,Developing
CUST-9386,Anaya Singh,456,1,421.09,4,5,2,11,Loyal
CUST-9387,Anaya Gupta,132,1,194.72,1,5,1,7,Developing
CUST-9388,Meera Patel,242,1,2432.96,2,5,5,12,Champions
CUST-9390,Aarav Gupta,631,1,80.16,5,5,1,11,Loyal
CUST-9390,Meera Kumar,532,1,193.74,4,5,1,10,Loyal
CUST-9392,Anaya Verma,203,1,1403.86,2,5,4,11,Loyal
CUST-9392,Kabir Jha,385,1,670.04,3,5,3,11,Loyal
CUST-9392,Riya Jha,694,1,965.3,5,5,4,14,Champions
CUST-9392,Vivaan Verma,452,1,1258.18,4,5,4,13,Champions
CUST-9393,Arjun Patel,668,1,1215.58,5,5,4,14,Champions
CUST-9393,Diya Roy,680,1,369.06,5,5,2,12,Champions
CUST-9394,Anaya Gupta,491,1,518.35,4,5,2,11,Loyal
CUST-9395,Isha Jha,240,1,3956.98,2,5,5,12,Champions
CUST-9395,Meera Kumar,358,1,4067.98,3,5,5,13,Champions
CUST-9396,Anaya Jha,207,1,1023.4,2,5,4,11,Loyal
CUST-9396,Meera Gupta,130,1,240.46,1,5,1,7,Developing
CUST-9396,Vivaan Patel,424,1,963.56,3,5,4,12,Champions
CUST-9399,Arjun Kumar,575,1,440.11,4,5,2,11,Loyal
CUST-9399,Arjun Patel,671,1,648.29,5,5,3,13,Champions
CUST-9399,Vivaan Sharma,477,1,1093.38,4,5,4,13,Champions
CUST-9400,Meera Singh,211,1,811.39,2,5,3,10,Loyal
CUST-9402,Arjun Kumar,106,1,346.6,1,5,2,8,Developing
CUST-9403,Aarav Sharma,35,1,477.91,1,5,2,8,Developing
CUST-9403,Meera Patel,335,1,489.54,3,5,2,10,Loyal
CUST-9404,Anaya Patel,114,1,2268.0,1,5,5,11,Loyal
CUST-9405,Meera Das,386,1,449.49,3,5,2,10,Loyal
CUST-9405,Riya Das,584,1,8.58,5,5,1,11,Loyal
CUST-9408,Diya Sharma,327,1,4737.26,3,5,5,13,Champions
CUST-9408,Riya Gupta,226,1,55.1,2,5,1,8,Developing
CUST-9408,Vivaan Das,462,1,1590.68,4,5,4,13,Champions
CUST-9410,Aditya Singh,16,1,1372.48,1,5,4,10,Loyal
CUST-9411,Aditya Roy,286,1,649.07,2,5,3,10,Loyal
CUST-9411,Meera Singh,615,1,1344.8,5,5,4,14,Champions
CUST-9412,Aarav Das,711,1,157.94,5,5,1,11,Loyal
CUST-9412,Aditya Patel,490,1,162.01,4,5,1,10,Loyal
CUST-9412,Vivaan Sharma,61,1,3917.24,1,5,5,11,Loyal
CUST-9413,Arjun Verma,417,1,1220.61,3,5,4,12,Champions
CUST-9413,Riya Patel,325,1,545.47,3,5,3,11,Loyal
CUST-9414,Vivaan Kumar,22,1,346.89,1,5,2,8,Developing
CUST-9416,Vivaan Roy,258,1,447.89,2,5,2,9,Loyal
CUST-9416,Vivaan Verma,151,1,1314.35,2,5,4,11,Loyal
CUST-9418,Arjun Das,466,1,1368.13,4,5,4,13,Champions
CUST-9421,Aarav Kumar,268,1,2727.14,2,5,5,12,Champions
CUST-9421,Aarav Sharma,714,1,2020.56,5,5,5,15,Champions
CUST-9421,Vivaan Kumar,674,1,2380.21,5,5,5,15,Champions
CUST-9422,Anaya Das,467,1,235.23,4,5,1,10,Loyal
CUST-9422,Arjun Roy,173,1,77.08,2,5,1,8,Developing
CUST-9423,Aditya Das,135,1,634.2,1,5,3,9,Loyal
CUST-9423,Aditya Sharma,388,1,161.8,3,5,1,9,Loyal
CUST-9423,Aditya Sinha,317,1,158.63,3,5,1,9,Loyal
CUST-9427,Arjun Gupta,514,1,2645.78,4,5,5,14,Champions
CUST-9428,Aarav Das,178,2,2055.66,2,5,5,12,Champions
CUST-9428,Diya Roy,691,1,1107.34,5,5,4,14,Champions
CUST-9429,Anaya Sharma,444,1,578.4,4,5,3,12,Champions
CUST-9429,Isha Gupta,340,1,268.01,3,5,2,10,Loyal
CUST-9429,Meera Kumar,23,1,99.77,1,5,1,7,Developing
CUST-9431,Anaya Roy,187,1,1389.02,2,5,4,11,Loyal
CUST-9431,Diya Jha,419,1,536.66,3,5,3,11,Loyal
CUST-9431,Riya Kumar,450,1,230.48,4,5,1,10,Loyal
CUST-9431,Vivaan Kumar,356,1,1381.94,3,5,4,12,Champions
CUST-9432,Anaya Singh,628,1,461.99,5,5,2,12,Champions
CUST-9432,Vivaan Verma,369,1,657.32,3,5,3,11,Loyal
CUST-9433,Aarav Das,296,1,1036.95,3,5,4,12,Champions
CUST-9435,Diya Sharma,573,1,2859.38,4,5,5,14,Champions
CUST-9437,Kabir Das,542,1,194.72,4,5,1,10,Loyal
CUST-9437,Meera Sinha,241,1,351.53,2,5,2,9,Loyal
CUST-9438,Isha Sharma,715,1,891.22,5,5,3,13,Champions
CUST-9438,Kabir Patel,673,1,2525.77,5,5,5,15,Champions
CUST-9439,Anaya Sharma,435,1,2100.71,4,5,5,14,Champions
CUST-9441,Vivaan Patel,457,1,1079.89,4,5,4,13,Champions
CUST-9442,Arjun Das,334,1,685.74,3,5,3,11,Loyal
CUST-9443,Aditya Singh,649,1,2354.65,5,5,5,15,Champions
CUST-9444,Meera Verma,428,1,532.88,3,5,3,11,Loyal
CUST-9445,Aarav Patel,99,1,362.85,1,5,2,8,Developing
CUST-9445,Aditya Gupta,8,1,141.67,1,5,1,7,Developing
CUST-9448,Arjun Singh,114,1,143.8,1,5,1,7,Developing
CUST-9448,Riya Gupta,503,1,409.5,4,5,2,11,Loyal
CUST-9448,Riya Sharma,727,1,2907.13,5,5,5,15,Champions
CUST-9449,Kabir Sharma,342,1,377.56,3,5,2,10,Loyal
CUST-9450,Arjun Jha,368,1,1451.9,3,5,4,12,Champions
CUST-9450,Kabir Singh,191,1,3556.22,2,5,5,12,Champions
CUST-9451,Aarav Kumar,483,1,3000.19,4,5,5,14,Champions
CUST-9452,Aditya Singh,271,1,381.51,2,5,2,9,Loyal
CUST-9453,Isha Gupta,32,1,4640.94,1,5,5,11,Loyal
CUST-9454,Aditya Singh,357,1,254.89,3,5,2,10,Loyal
CUST-9455,Aarav Jha,469,1,747.19,4,5,3,12,Champions
CUST-9456,Arjun Gupta,83,1,513.47,1,5,2,8,Developing
CUST-9459,Diya Verma,680,1,627.52,5,5,3,13,Champions
CUST-9459,Meera Jha,215,1,624.22,2,5,3,10,Loyal
CUST-9462,Aarav Jha,345,1,2799.54,3,5,5,13,Champions
CUST-9464,Riya Verma,533,1,463.44,4,5,2,11,Loyal
CUST-9465,Diya Singh,718,1,3034.27,5,5,5,15,Champions
CUST-9466,Anaya Jha,495,1,3904.44,4,5,5,14,Champions
CUST-9468,Isha Sinha,13,1,1491.73,1,5,4,10,Loyal
CUST-9469,Aarav Verma,591,1,173.22,5,5,1,11,Loyal
CUST-9469,Arjun Singh,671,1,2359.9,5,5,5,15,Champions
CUST-9469,Isha Das,642,1,689.63,5,5,3,13,Champions
CUST-9469,Kabir Sinha,443,1,927.15,4,5,3,12,Champions
CUST-9471,Aditya Singh,639,1,284.49,5,5,2,12,Champions
CUST-9471,Anaya Kumar,547,1,2083.21,4,5,5,14,Champions
CUST-9472,Aditya Singh,527,1,1933.14,4,5,5,14,Champions
CUST-9474,Aarav Jha,196,1,968.36,2,5,4,11,Loyal
CUST-9474,Kabir Patel,82,1,52.14,1,5,1,7,Developing
CUST-9475,Aarav Sharma,680,1,2051.74,5,5,5,15,Champions
CUST-9475,Diya Roy,560,1,503.8,4,5,2,11,Loyal
CUST-9476,Arjun Patel,36,1,2903.92,1,5,5,11,Loyal
CUST-9477,Meera Jha,343,1,1832.73,3,5,4,12,Champions
CUST-9478,Aarav Gupta,483,1,394.16,4,5,2,11,Loyal
CUST-9478,Anaya Verma,278,1,1905.45,2,5,4,11,Loyal
CUST-9480,Aditya Gupta,409,1,4576.93,3,5,5,13,Champions
CUST-9480,Diya Verma,54,1,175.29,1,5,1,7,Developing
CUST-9481,Riya Sinha,661,1,2229.93,5,5,5,15,Champions
CUST-9484,Isha Sharma,472,1,4146.4,4,5,5,14,Champions
CUST-9484,Vivaan Gupta,636,1,1798.69,5,5,4,14,Champions
CUST-9485,Anaya Verma,643,1,497.63,5,5,2,12,Champions
CUST-9485,Arjun Patel,240,1,315.03,2,5,2,9,Loyal
CUST-9485,Arjun Verma,703,1,484.2,5,5,2,12,Champions
CUST-9486,Anaya Patel,729,1,590.75,5,5,3,13,Champions
CUST-9486,Isha Jha,653,1,884.33,5,5,3,13,Champions
CUST-9488,Riya Patel,647,1,2381.31,5,5,5,15,Champions
CUST-9489,Aarav Roy,297,1,1585.47,3,5,4,12,Champions
CUST-9490,Diya Singh,715,1,125.01,5,5,1,11,Loyal
CUST-9491,Diya Sinha,80,1,750.21,1,5,3,9,Loyal
CUST-9493,Anaya Das,609,1,42.78,5,5,1,11,Loyal
CUST-9493,Anaya Sharma,31,1,109.22,1,5,1,7,Developing
CUST-9494,Arjun Sharma,727,1,2195.93,5,5,5,15,Champions
CUST-9495,Arjun Sharma,238,1,1439.63,2,5,4,11,Loyal
CUST-9495,Arjun Singh,710,1,2355.99,5,5,5,15,Champions
CUST-9495,Diya Kumar,202,1,415.52,2,5,2,9,Loyal
CUST-9495,Kabir Das,605,1,407.96,5,5,2,12,Champions
CUST-9497,Aarav Sharma,494,1,3846.76,4,5,5,14,Champions
CUST-9498,Aditya Gupta,424,1,2244.46,3,5,5,13,Champions
CUST-9499,Aditya Kumar,540,1,467.08,4,5,2,11,Loyal
CUST-9499,Diya Das,45,1,847.36,1,5,3,9,Loyal
CUST-9499,Riya Kumar,260,1,145.36,2,5,1,8,Developing
CUST-9499,Riya Sinha,272,1,874.68,2,5,3,10,Loyal
CUST-9500,Arjun Singh,158,1,213.67,2,5,1,8,Developing
CUST-9500,Vivaan Jha,304,1,143.99,3,5,1,9,Loyal
CUST-9501,Arjun Kumar,57,1,400.32,1,5,2,8,Developing
CUST-9503,Anaya Sinha,711,1,202.26,5,5,1,11,Loyal
CUST-9504,Anaya Das,570,1,962.01,4,5,4,13,Champions
CUST-9505,Aarav Gupta,25,1,521.37,1,5,2,8,Developing
CUST-9505,Arjun Das,112,1,1984.58,1,5,5,11,Loyal
CUST-9505,Diya Kumar,499,1,577.16,4,5,3,12,Champions
CUST-9509,Vivaan Gupta,622,1,1500.36,5,5,4,14,Champions
CUST-9510,Aarav Patel,258,1,2180.65,2,5,5,12,Champions
CUST-9510,Aarav Sinha,210,1,1113.3,2,5,4,11,Loyal
CUST-9512,Vivaan Verma,697,1,451.13,5,5,2,12,Champions
CUST-9513,Aditya Patel,542,1,743.2,4,5,3,12,Champions
CUST-9513,Anaya Jha,640,1,1093.95,5,5,4,14,Champions
CUST-9513,Vivaan Verma,517,1,305.99,4,5,2,11,Loyal
CUST-9515,Anaya Sinha,419,1,1465.47,3,5,4,12,Champions
CUST-9515,Isha Gupta,187,1,626.14,2,5,3,10,Loyal
CUST-9515,Vivaan Jha,105,1,488.04,1,5,2,8,Developing
CUST-9516,Aditya Roy,49,1,3966.58,1,5,5,11,Loyal
CUST-9518,Anaya Singh,45,1,648.42,1,5,3,9,Loyal
CUST-9518,Vivaan Roy,362,1,422.89,3,5,2,10,Loyal
CUST-9519,Isha Sinha,714,1,1301.46,5,5,4,14,Champions
CUST-9519,Riya Patel,300,1,3126.38,3,5,5,13,Champions
CUST-9521,Diya Singh,260,1,730.02,2,5,3,10,Loyal
CUST-9521,Meera Patel,640,1,1666.75,5,5,4,14,Champions
CUST-9521,Vivaan Roy,193,1,1090.22,2,5,4,11,Loyal
CUST-9522,Arjun Patel,174,1,1607.94,2,5,4,11,Loyal
CUST-9522,Diya Patel,255,1,1329.11,2,5,4,11,Loyal
CUST-9523,Riya Jha,257,1,3394.62,2,5,5,12,Champions
CUST-9525,Aarav Verma,78,1,3208.45,1,5,5,11,Loyal
CUST-9525,Kabir Sinha,58,1,836.66,1,5,3,9,Loyal
CUST-9527,Anaya Kumar,299,1,595.01,3,5,3,11,Loyal
CUST-9527,Meera Kumar,104,1,1555.9,1,5,4,10,Loyal
CUST-9527,Riya Singh,424,1,211.7,3,5,1,9,Loyal
CUST-9527,Riya Verma,554,1,3614.54,4,5,5,14,Champions
CUST-9529,Diya Patel,660,1,837.71,5,5,3,13,Champions
CUST-9530,Anaya Verma,314,1,1150.43,3,5,4,12,Champions
CUST-9530,Riya Roy,400,1,540.47,3,5,3,11,Loyal
CUST-9531,Vivaan Patel,234,1,124.35,2,5,1,8,Developing
CUST-9532,Anaya Kumar,727,1,1640.83,5,5,4,14,Champions
CUST-9532,Kabir Verma,170,1,812.08,2,5,3,10,Loyal
CUST-9533,Kabir Verma,712,1,1619.27,5,5,4,14,Champions
CUST-9534,Arjun Jha,290,1,2228.59,2,5,5,12,Champions
CUST-9534,Meera Patel,331,1,377.93,3,5,2,10,Loyal
CUST-9536,Meera Sinha,516,1,306.94,4,5,2,11,Loyal
CUST-9536,Vivaan Verma,71,1,363.68,1,5,2,8,Developing
CUST-9538,Anaya Das,20,1,252.74,1,5,2,8,Developing
CUST-9538,Isha Singh,560,1,264.26,4,5,2,11,Loyal
CUST-9539,Kabir Sinha,260,1,1319.39,2,5,4,11,Loyal
CUST-9540,Anaya Sharma,272,1,319.86,2,5,2,9,Loyal
CUST-9540,Meera Gupta,111,1,665.51,1,5,3,9,Loyal
CUST-9542,Meera Gupta,348,1,634.83,3,5,3,11,Loyal
CUST-9543,Arjun Sharma,503,1,2018.31,4,5,5,14,Champions
CUST-9544,Arjun Gupta,709,1,1356.34,5,5,4,14,Champions
CUST-9544,Kabir Verma,521,1,273.76,4,5,2,11,Loyal
CUST-9545,Riya Sinha,282,1,283.76,2,5,2,9,Loyal
CUST-9547,Aditya Patel,683,1,1260.18,5,5,4,14,Champions
CUST-9547,Arjun Roy,720,1,1260.14,5,5,4,14,Champions
CUST-9549,Isha Singh,528,1,1604.3,4,5,4,13,Champions
CUST-9549,Vivaan Jha,77,1,384.04,1,5,2,8,Developing
CUST-9550,Arjun Patel,362,1,673.46,3,5,3,11,Loyal
CUST-9551,Kabir Jha,385,1,18.25,3,5,1,9,Loyal
CUST-9551,Riya Roy,447,1,310.88,4,5,2,11,Loyal
CUST-9552,Arjun Jha,16,1,336.46,1,5,2,8,Developing
CUST-9552,Diya Roy,636,1,27.23,5,5,1,11,Loyal
CUST-9552,Kabir Singh,324,1,721.18,3,5,3,11,Loyal
CUST-9553,Aditya Jha,103,1,1176.24,1,5,4,10,Loyal
CUST-9553,Meera Kumar,177,1,1459.78,2,5,4,11,Loyal
CUST-9556,Aditya Roy,272,1,1565.68,2,5,4,11,Loyal
CUST-9556,Meera Jha,487,1,3676.39,4,5,5,14,Champions
CUST-9557,Meera Jha,657,1,511.22,5,5,2,12,Champions
CUST-9557,Riya Verma,353,1,2196.11,3,5,5,13,Champions
CUST-9558,Anaya Gupta,461,1,162.92,4,5,1,10,Loyal
CUST-9558,Arjun Verma,321,1,1307.78,3,5,4,12,Champions
CUST-9558,Diya Roy,321,1,3084.56,3,5,5,13,Champions
CUST-9559,Isha Das,279,1,279.91,2,5,2,9,Loyal
CUST-9559,Riya Singh,543,1,133.96,4,5,1,10,Loyal
CUST-9560,Diya Sharma,598,1,423.55,5,5,2,12,Champions
CUST-9560,Diya Sinha,31,1,3316.15,1,5,5,11,Loyal
CUST-9561,Aarav Gupta,723,1,42.41,5,5,1,11,Loyal
CUST-9561,Meera Kumar,448,1,455.49,4,5,2,11,Loyal
CUST-9562,Diya Roy,180,1,695.4,2,5,3,10,Loyal
CUST-9562,Vivaan Das,516,1,2294.02,4,5,5,14,Champions
CUST-9563,Riya Kumar,719,1,1952.9,5,5,5,15,Champions
CUST-9564,Aarav Gupta,307,1,321.2,3,5,2,10,Loyal
CUST-9564,Kabir Roy,476,1,67.75,4,5,1,10,Loyal
CUST-9566,Meera Sharma,642,1,5112.98,5,5,5,15,Champions
CUST-9567,Meera Patel,446,1,162.23,4,5,1,10,Loyal
CUST-9569,Anaya Kumar,384,1,420.37,3,5,2,10,Loyal
CUST-9571,Diya Kumar,454,1,300.26,4,5,2,11,Loyal
CUST-9571,Riya Roy,547,1,3678.44,4,5,5,14,Champions
CUST-9572,Isha Roy,392,1,418.24,3,5,2,10,Loyal
CUST-9573,Aarav Das,507,1,1265.84,4,5,4,13,Champions
CUST-9573,Isha Sinha,56,1,1801.38,1,5,4,10,Loyal
CUST-9576,Arjun Gupta,540,1,3552.29,4,5,5,14,Champions
CUST-9577,Aarav Verma,700,1,165.64,5,5,1,11,Loyal
CUST-9577,Arjun Singh,662,1,3360.72,5,5,5,15,Champions
CUST-9577,Meera Das,165,1,417.24,2,5,2,9,Loyal
CUST-9578,Riya Kumar,645,1,3793.37,5,5,5,15,Champions
CUST-9578,Vivaan Singh,83,1,789.32,1,5,3,9,Loyal
CUST-9579,Arjun Das,218,1,576.79,2,5,3,10,Loyal
CUST-9579,Kabir Patel,402,1,1526.09,3,5,4,12,Champions
CUST-9579,Vivaan Kumar,244,1,315.31,2,5,2,9,Loyal
CUST-9580,Kabir Patel,449,1,1689.87,4,5,4,13,Champions
CUST-9580,Meera Sharma,358,1,817.08,3,5,3,11,Loyal
CUST-9581,Aditya Roy,25,1,2949.71,1,5,5,11,Loyal
CUST-9583,Diya Das,89,1,2077.85,1,5,5,11,Loyal
CUST-9583,Meera Gupta,578,1,761.85,4,5,3,12,Champions
CUST-9583,Vivaan Jha,392,1,1181.6,3,5,4,12,Champions
CUST-9584,Anaya Das,85,1,181.91,1,5,1,7,Developing
CUST-9585,Aarav Roy,32,1,3108.86,1,5,5,11,Loyal
CUST-9585,Anaya Sharma,363,1,36.62,3,5,1,9,Loyal
CUST-9585,Vivaan Sharma,256,1,2043.63,2,5,5,12,Champions
CUST-9586,Aarav Patel,447,1,1033.07,4,5,4,13,Champions
CUST-9587,Aarav Patel,650,1,690.63,5,5,3,13,Champions
CUST-9589,Meera Das,539,1,798.17,4,5,3,12,Champions
CUST-9590,Vivaan Sinha,410,1,947.07,3,5,3,11,Loyal
CUST-9591,Isha Verma,6,1,371.26,1,5,2,8,Developing
CUST-9592,Aditya Roy,317,1,998.94,3,5,4,12,Champions
CUST-9593,Kabir Patel,374,1,1318.04,3,5,4,12,Champions
CUST-9594,Diya Das,354,1,4339.84,3,5,5,13,Champions
CUST-9594,Riya Patel,526,1,865.82,4,5,3,12,Champions
CUST-9594,Vivaan Roy,119,1,1046.38,1,5,4,10,Loyal
CUST-9598,Aarav Jha,432,1,266.55,3,5,2,10,Loyal
CUST-9599,Diya Sinha,167,1,174.54,2,5,1,8,Developing
CUST-9600,Diya Singh,339,1,1885.46,3,5,4,12,Champions
CUST-9601,Riya Patel,597,1,1225.39,5,5,4,14,Champions
CUST-9602,Aditya Singh,388,1,265.87,3,5,2,10,Loyal
CUST-9602,Arjun Sinha,543,1,4115.34,4,5,5,14,Champions
CUST-9602,Isha Jha,535,1,156.76,4,5,1,10,Loyal
CUST-9604,Diya Singh,289,1,963.95,2,5,4,11,Loyal
CUST-9604,Isha Jha,132,1,295.99,1,5,2,8,Developing
CUST-9604,Vivaan Sinha,88,1,4782.14,1,5,5,11,Loyal
CUST-9605,Diya Roy,191,1,234.43,2,5,1,8,Developing
CUST-9606,Aarav Gupta,610,1,799.77,5,5,3,13,Champions
CUST-9606,Riya Das,546,1,482.36,4,5,2,11,Loyal
CUST-9607,Meera Das,431,1,365.28,3,5,2,10,Loyal
CUST-9607,Riya Gupta,465,1,1033.05,4,5,4,13,Champions
CUST-9608,Meera Kumar,334,1,428.95,3,5,2,10,Loyal
CUST-9609,Diya Sinha,353,1,347.71,3,5,2,10,Loyal
CUST-9610,Arjun Das,275,1,2825.86,2,5,5,12,Champions
CUST-9612,Aarav Roy,57,1,817.9,1,5,3,9,Loyal
CUST-9612,Arjun Kumar,196,1,68.95,2,5,1,8,Developing
CUST-9613,Aarav Sinha,268,1,249.21,2,5,2,9,Loyal
CUST-9613,Diya Roy,718,1,433.63,5,5,2,12,Champions
CUST-9614,Riya Sharma,344,1,1472.7,3,5,4,12,Champions
CUST-9615,Diya Singh,80,1,892.7,1,5,3,9,Loyal
CUST-9616,Anaya Kumar,163,1,890.1,2,5,3,10,Loyal
CUST-9616,Diya Sharma,323,1,98.05,3,5,1,9,Loyal
CUST-9616,Kabir Singh,144,1,2693.57,1,5,5,11,Loyal
CUST-9617,Arjun Patel,618,1,537.81,5,5,3,13,Champions
CUST-9618,Diya Kumar,381,1,1786.84,3,5,4,12,Champions
CUST-9618,Vivaan Verma,439,1,169.67,4,5,1,10,Loyal
CUST-9619,Aarav Sinha,27,1,1154.58,1,5,4,10,Loyal
CUST-9619,Diya Verma,164,1,1623.39,2,5,4,11,Loyal
CUST-9620,Vivaan Sharma,688,1,2175.51,5,5,5,15,Champions
CUST-9621,Arjun Patel,693,1,2026.5,5,5,5,15,Champions
CUST-9622,Aarav Gupta,581,1,323.61,5,5,2,12,Champions
CUST-9622,Isha Sinha,428,1,370.7,3,5,2,10,Loyal
CUST-9622,Meera Jha,25,1,530.12,1,5,3,9,Loyal
CUST-9623,Anaya Sharma,551,1,9.83,4,5,1,10,Loyal
CUST-9623,Isha Patel,493,1,475.46,4,5,2,11,Loyal
CUST-9623,Kabir Sinha,619,1,262.74,5,5,2,12,Champions
CUST-9624,Isha Patel,164,1,689.68,2,5,3,10,Loyal
CUST-9625,Riya Patel,139,1,1269.72,1,5,4,10,Loyal
CUST-9625,Vivaan Das,294,1,202.71,3,5,1,9,Loyal
CUST-9626,Arjun Gupta,668,1,1626.97,5,5,4,14,Champions
CUST-9626,Riya Sinha,612,1,1308.79,5,5,4,14,Champions
CUST-9627,Arjun Verma,417,1,1333.78,3,5,4,12,Champions
CUST-9627,Riya Das,416,1,338.41,3,5,2,10,Loyal
CUST-9628,Diya Sharma,260,1,473.25,2,5,2,9,Loyal
CUST-9629,Aditya Sinha,506,1,767.05,4,5,3,12,Champions
CUST-9629,Isha Sinha,711,1,2966.44,5,5,5,15,Champions
CUST-9630,Anaya Das,579,1,1895.18,4,5,4,13,Champions
CUST-9630,Diya Sharma,146,1,4448.39,2,5,5,12,Champions
CUST-9630,Isha Verma,651,1,283.88,5,5,2,12,Champions
CUST-9632,Kabir Sinha,152,1,1089.8,2,5,4,11,Loyal
CUST-9633,Anaya Kumar,94,1,2866.74,1,5,5,11,Loyal
CUST-9633,Meera Roy,325,1,452.03,3,5,2,10,Loyal
CUST-9633,Riya Das,591,1,69.17,5,5,1,11,Loyal
CUST-9634,Diya Roy,693,1,461.71,5,5,2,12,Champions
CUST-9635,Riya Verma,303,1,631.07,3,5,3,11,Loyal
CUST-9636,Arjun Patel,152,1,116.84,2,5,1,8,Developing
CUST-9636,Diya Roy,175,1,441.47,2,5,2,9,Loyal
CUST-9637,Aarav Verma,42,1,1910.19,1,5,4,10,Loyal
CUST-9637,Riya Das,627,1,2997.07,5,5,5,15,Champions
CUST-9638,Aditya Singh,1,1,114.4,1,5,1,7,Developing
CUST-9638,Arjun Patel,539,1,25.24,4,5,1,10,Loyal
CUST-9638,Meera Singh,178,1,698.59,2,5,3,10,Loyal
CUST-9640,Vivaan Gupta,547,1,51.42,4,5,1,10,Loyal
CUST-9641,Aditya Patel,294,1,115.5,3,5,1,9,Loyal
CUST-9641,Kabir Singh,311,1,662.15,3,5,3,11,Loyal
CUST-9641,Meera Gupta,257,1,878.46,2,5,3,10,Loyal
CUST-9643,Aarav Kumar,464,1,806.24,4,5,3,12,Champions
CUST-9645,Kabir Jha,9,1,1954.46,1,5,5,11,Loyal
CUST-9646,Arjun Das,364,1,535.67,3,5,3,11,Loyal
CUST-9646,Vivaan Sharma,492,1,88.64,4,5,1,10,Loyal
CUST-9647,Isha Das,580,1,2938.14,5,5,5,15,Champions
CUST-9648,Aarav Jha,375,1,645.61,3,5,3,11,Loyal
CUST-9648,Aditya Patel,468,1,288.05,4,5,2,11,Loyal
CUST-9648,Anaya Singh,153,1,246.65,2,5,2,9,Loyal
CUST-9648,Kabir Sinha,9,1,341.17,1,5,2,8,Developing
CUST-9648,Vivaan Verma,530,1,132.04,4,5,1,10,Loyal
CUST-9649,Aarav Roy,351,1,540.13,3,5,3,11,Loyal
CUST-9649,Aditya Das,602,1,413.31,5,5,2,12,Champions
CUST-9649,Meera Patel,645,1,1666.44,5,5,4,14,Champions
CUST-9649,Riya Singh,534,1,519.38,4,5,2,11,Loyal
CUST-9650,Aditya Das,144,1,2089.77,1,5,5,11,Loyal
CUST-9650,Diya Kumar,461,1,3768.41,4,5,5,14,Champions
CUST-9650,Diya Sharma,689,1,18.31,5,5,1,11,Loyal
CUST-9650,Isha Das,555,1,898.79,4,5,3,12,Champions
CUST-9651,Diya Das,324,1,679.68,3,5,3,11,Loyal
CUST-9651,Meera Kumar,277,1,81.95,2,5,1,8,Developing
CUST-9652,Aarav Das,87,1,124.6,1,5,1,7,Developing
CUST-9652,Aarav Jha,12,1,1598.01,1,5,4,10,Loyal
CUST-9653,Arjun Singh,339,1,581.82,3,5,3,11,Loyal
CUST-9653,Vivaan Sinha,73,1,916.39,1,5,3,9,Loyal
CUST-9654,Kabir Sinha,107,1,1342.99,1,5,4,10,Loyal
CUST-9654,Riya Sinha,692,1,1052.38,5,5,4,14,Champions
CUST-9655,Anaya Roy,53,1,895.54,1,5,3,9,Loyal
CUST-9656,Aarav Patel,312,1,469.56,3,5,2,10,Loyal
CUST-9656,Diya Sharma,675,1,273.91,5,5,2,12,Champions
CUST-9656,Isha Roy,116,1,3441.03,1,5,5,11,Loyal
CUST-9656,Kabir Sinha,25,1,1952.4,1,5,5,11,Loyal
CUST-9658,Diya Das,536,1,732.24,4,5,3,12,Champions
CUST-9661,Anaya Kumar,70,1,686.95,1,5,3,9,Loyal
CUST-9661,Kabir Patel,223,1,417.44,2,5,2,9,Loyal
CUST-9662,Aarav Gupta,362,1,165.66,3,5,1,9,Loyal
CUST-9662,Isha Verma,676,1,792.83,5,5,3,13,Champions
CUST-9662,Kabir Sinha,537,1,318.89,4,5,2,11,Loyal
CUST-9663,Anaya Sinha,301,1,89.57,3,5,1,9,Loyal
CUST-9664,Kabir Singh,658,1,2396.71,5,5,5,15,Champions
CUST-9664,Vivaan Patel,686,1,601.74,5,5,3,13,Champions
CUST-9666,Aarav Jha,147,1,372.0,2,5,2,9,Loyal
CUST-9666,Isha Sinha,684,1,1548.73,5,5,4,14,Champions
CUST-9667,Isha Verma,501,1,755.13,4,5,3,12,Champions
CUST-9667,Meera Kumar,120,1,2971.24,1,5,5,11,Loyal
CUST-9668,Diya Jha,365,1,720.75,3,5,3,11,Loyal
CUST-9668,Diya Sharma,528,1,1147.66,4,5,4,13,Champions
CUST-9669,Isha Sharma,675,1,370.41,5,5,2,12,Champions
CUST-9670,Isha Kumar,450,1,1955.19,4,5,5,14,Champions
CUST-9671,Meera Roy,650,1,2824.56,5,5,5,15,Champions
CUST-9671,Vivaan Roy,182,1,203.84,2,5,1,8,Developing
CUST-9673,Aarav Sharma,349,1,1072.81,3,5,4,12,Champions
CUST-9673,Arjun Singh,276,1,172.76,2,5,1,8,Developing
CUST-9674,Aditya Verma,417,1,20.2,3,5,1,9,Loyal
CUST-9675,Diya Verma,239,1,158.6,2,5,1,8,Developing
CUST-9676,Aarav Roy,728,1,691.06,5,5,3,13,Champions
CUST-9676,Riya Das,22,1,451.94,1,5,2,8,Developing
CUST-9678,Kabir Kumar,425,1,3567.64,3,5,5,13,Champions
CUST-9679,Riya Sinha,373,1,4980.33,3,5,5,13,Champions
CUST-9680,Anaya Singh,434,1,355.86,3,5,2,10,Loyal
CUST-9680,Vivaan Singh,132,1,54.09,1,5,1,7,Developing
CUST-9681,Aditya Verma,35,1,1564.96,1,5,4,10,Loyal
CUST-9681,Kabir Sharma,107,1,479.01,1,5,2,8,Developing
CUST-9683,Arjun Verma,449,1,1605.06,4,5,4,13,Champions
CUST-9683,Meera Sinha,143,1,330.0,1,5,2,8,Developing
CUST-9683,Riya Jha,269,1,471.49,2,5,2,9,Loyal
CUST-9683,Riya Patel,423,1,511.97,3,5,2,10,Loyal
CUST-9683,Vivaan Patel,404,1,558.22,3,5,3,11,Loyal
CUST-9684,Isha Sinha,722,1,406.98,5,5,2,12,Champions
CUST-9686,Isha Verma,41,1,1370.78,1,5,4,10,Loyal
CUST-9687,Aarav Sinha,164,1,537.1,2,5,3,10,Loyal
CUST-9690,Aditya Das,216,1,1301.59,2,5,4,11,Loyal
CUST-9691,Arjun Gupta,302,1,751.3,3,5,3,11,Loyal
CUST-9691,Arjun Singh,150,1,473.47,2,5,2,9,Loyal
CUST-9691,Isha Jha,414,1,139.18,3,5,1,9,Loyal
CUST-9692,Anaya Sinha,466,1,373.65,4,5,2,11,Loyal
CUST-9692,Riya Sinha,229,1,448.8,2,5,2,9,Loyal
CUST-9694,Isha Sharma,722,1,885.9,5,5,3,13,Champions
CUST-9695,Arjun Sinha,85,1,285.24,1,5,2,8,Developing
CUST-9697,Vivaan Jha,457,1,2304.81,4,5,5,14,Champions
CUST-9698,Kabir Kumar,316,1,673.99,3,5,3,11,Loyal
CUST-9698,Riya Sinha,574,1,1144.94,4,5,4,13,Champions
CUST-9699,Kabir Gupta,632,1,540.99,5,5,3,13,Champions
CUST-9701,Meera Verma,516,1,199.14,4,5,1,10,Loyal
CUST-9702,Aarav Sinha,63,1,2355.09,1,5,5,11,Loyal
CUST-9704,Aarav Gupta,43,2,665.58,1,5,3,9,Loyal
CUST-9704,Diya Das,356,1,619.36,3,5,3,11,Loyal
CUST-9705,Aditya Kumar,84,1,2019.15,1,5,5,11,Loyal
CUST-9705,Anaya Patel,405,1,509.28,3,5,2,10,Loyal
CUST-9705,Vivaan Singh,614,1,2229.63,5,5,5,15,Champions
CUST-9706,Isha Verma,280,1,282.19,2,5,2,9,Loyal
CUST-9706,Meera Sharma,406,1,303.27,3,5,2,10,Loyal
CUST-9706,Vivaan Sinha,645,1,127.54,5,5,1,11,Loyal
CUST-9707,Diya Jha,185,1,410.68,2,5,2,9,Loyal
CUST-9707,Diya Sinha,234,1,811.18,2,5,3,10,Loyal
CUST-9708,Meera Das,346,1,257.42,3,5,2,10,Loyal
CUST-9708,Riya Verma,544,1,1253.16,4,5,4,13,Champions
CUST-9709,Anaya Kumar,67,1,529.75,1,5,3,9,Loyal
CUST-9709,Meera Singh,156,1,88.64,2,5,1,8,Developing
CUST-9709,Riya Patel,225,1,488.39,2,5,2,9,Loyal
CUST-9710,Vivaan Singh,238,1,126.46,2,5,1,8,Developing
CUST-9711,Isha Sharma,151,1,60.08,2,5,1,8,Developing
CUST-9711,Riya Das,320,1,246.64,3,5,2,10,Loyal
CUST-9713,Kabir Singh,668,1,1818.93,5,5,4,14,Champions
CUST-9714,Anaya Das,723,1,105.92,5,5,1,11,Loyal
CUST-9714,Anaya Singh,140,1,43.31,1,5,1,7,Developing
CUST-9715,Meera Jha,298,1,47.23,3,5,1,9,Loyal
CUST-9715,Meera Verma,588,1,779.24,5,5,3,13,Champions
CUST-9716,Isha Verma,342,1,1007.48,3,5,4,12,Champions
CUST-9718,Aarav Patel,139,1,1790.64,1,5,4,10,Loyal
CUST-9718,Aditya Sinha,440,1,311.23,4,5,2,11,Loyal
CUST-9719,Aditya Sinha,359,1,244.1,3,5,2,10,Loyal
CUST-9719,Isha Kumar,268,1,229.8,2,5,1,8,Developing
CUST-9719,Meera Gupta,724,1,44.84,5,5,1,11,Loyal
CUST-9719,Meera Sharma,62,1,315.2,1,5,2,8,Developing
CUST-9719,Riya Kumar,147,1,305.37,2,5,2,9,Loyal
CUST-9720,Vivaan Das,257,1,791.37,2,5,3,10,Loyal
CUST-9721,Anaya Sinha,594,1,3312.04,5,5,5,15,Champions
CUST-9722,Kabir Sharma,615,1,261.97,5,5,2,12,Champions
CUST-9723,Meera Gupta,396,1,2384.06,3,5,5,13,Champions
CUST-9725,Aarav Sharma,711,1,1594.12,5,5,4,14,Champions
CUST-9725,Isha Jha,595,1,542.84,5,5,3,13,Champions
CUST-9725,Meera Singh,256,1,550.03,2,5,3,10,Loyal
CUST-9726,Aditya Sharma,361,1,201.63,3,5,1,9,Loyal
CUST-9726,Kabir Gupta,205,1,674.43,2,5,3,10,Loyal
CUST-9727,Aditya Patel,262,1,403.24,2,5,2,9,Loyal
CUST-9727,Kabir Singh,332,1,2321.74,3,5,5,13,Champions
CUST-9728,Diya Patel,132,1,572.1,1,5,3,9,Loyal
CUST-9728,Isha Singh,566,1,1992.15,4,5,5,14,Champions
CUST-9729,Vivaan Jha,427,1,52.19,3,5,1,9,Loyal
CUST-9730,Aarav Das,636,1,271.09,5,5,2,12,Champions
CUST-9730,Aditya Kumar,695,1,2873.13,5,5,5,15,Champions
CUST-9731,Arjun Kumar,379,1,346.44,3,5,2,10,Loyal
CUST-9731,Kabir Gupta,207,1,184.0,2,5,1,8,Developing
CUST-9734,Anaya Gupta,483,1,662.25,4,5,3,12,Champions
CUST-9734,Anaya Kumar,73,1,518.49,1,5,2,8,Developing
CUST-9734,Arjun Kumar,475,1,620.19,4,5,3,12,Champions
CUST-9734,Meera Patel,24,1,1795.91,1,5,4,10,Loyal
CUST-9735,Diya Verma,481,1,1352.43,4,5,4,13,Champions
CUST-9735,Isha Kumar,102,1,1287.31,1,5,4,10,Loyal
CUST-9736,Isha Verma,645,1,2343.94,5,5,5,15,Champions
CUST-9742,Isha Das,3,1,587.71,1,5,3,9,Loyal
CUST-9744,Kabir Singh,521,1,5938.88,4,5,5,14,Champions
CUST-9748,Diya Gupta,509,1,891.04,4,5,3,12,Champions
CUST-9750,Kabir Sharma,338,1,921.93,3,5,3,11,Loyal
CUST-9752,Diya Roy,28,1,3009.36,1,5,5,11,Loyal
CUST-9752,Vivaan Gupta,660,1,1202.37,5,5,4,14,Champions
CUST-9753,Isha Sinha,18,1,704.99,1,5,3,9,Loyal
CUST-9754,Diya Das,214,1,297.45,2,5,2,9,Loyal
CUST-9755,Kabir Kumar,716,1,610.09,5,5,3,13,Champions
CUST-9755,Riya Roy,255,1,184.63,2,5,1,8,Developing
CUST-9755,Vivaan Kumar,663,1,342.57,5,5,2,12,Champions
CUST-9757,Diya Jha,708,1,314.97,5,5,2,12,Champions
CUST-9757,Meera Gupta,228,1,2960.32,2,5,5,12,Champions
CUST-9758,Anaya Verma,716,1,548.64,5,5,3,13,Champions
CUST-9758,Arjun Singh,506,1,1506.52,4,5,4,13,Champions
CUST-9759,Aarav Kumar,595,1,432.08,5,5,2,12,Champions
CUST-9759,Aditya Das,421,1,336.09,3,5,2,10,Loyal
CUST-9759,Aditya Kumar,618,1,2105.71,5,5,5,15,Champions
CUST-9759,Arjun Patel,55,1,21.68,1,5,1,7,Developing
CUST-9759,Kabir Kumar,145,1,1248.3,1,5,4,10,Loyal
CUST-9759,Vivaan Patel,377,1,772.84,3,5,3,11,Loyal
CUST-9760,Anaya Gupta,319,1,58.83,3,5,1,9,Loyal
CUST-9761,Anaya Verma,73,1,1223.65,1,5,4,10,Loyal
CUST-9761,Riya Roy,564,1,2336.18,4,5,5,14,Champions
CUST-9763,Diya Sharma,186,1,390.75,2,5,2,9,Loyal
CUST-9764,Riya Sinha,515,1,351.69,4,5,2,11,Loyal
CUST-9766,Aditya Das,183,1,128.2,2,5,1,8,Developing
CUST-9766,Riya Roy,590,1,349.19,5,5,2,12,Champions
CUST-9767,Kabir Jha,145,1,1475.41,2,5,4,11,Loyal
CUST-9769,Diya Roy,423,1,2850.0,3,5,5,13,Champions
CUST-9769,Riya Patel,290,1,856.87,2,5,3,10,Loyal
CUST-9770,Aarav Gupta,127,1,2219.33,1,5,5,11,Loyal
CUST-9770,Arjun Verma,105,1,533.21,1,5,3,9,Loyal
CUST-9772,Anaya Sinha,671,1,652.68,5,5,3,13,Champions
CUST-9774,Isha Kumar,222,1,324.33,2,5,2,9,Loyal
CUST-9774,Isha Singh,612,1,2296.3,5,5,5,15,Champions
CUST-9775,Diya Das,67,1,601.65,1,5,3,9,Loyal
CUST-9776,Aarav Sharma,636,1,241.35,5,5,1,11,Loyal
CUST-9776,Meera Gupta,347,1,598.9,3,5,3,11,Loyal
CUST-9776,Meera Verma,441,1,469.28,4,5,2,11,Loyal
CUST-9777,Diya Verma,71,1,1069.55,1,5,4,10,Loyal
CUST-9778,Meera Roy,714,1,367.32,5,5,2,12,Champions
CUST-9779,Kabir Sinha,568,1,133.51,4,5,1,10,Loyal
CUST-9780,Aarav Kumar,597,1,680.64,5,5,3,13,Champions
CUST-9780,Anaya Kumar,648,1,358.46,5,5,2,12,Champions
CUST-9780,Diya Sharma,378,1,887.86,3,5,3,11,Loyal
CUST-9781,Vivaan Roy,423,1,1299.85,3,5,4,12,Champions
CUST-9783,Arjun Roy,596,1,5103.2,5,5,5,15,Champions
CUST-9784,Isha Sinha,284,1,522.94,2,5,2,9,Loyal
CUST-9785,Kabir Singh,388,1,975.89,3,5,4,12,Champions
CUST-9786,Isha Singh,278,1,189.57,2,5,1,8,Developing
CUST-9787,Aditya Jha,111,1,476.57,1,5,2,8,Developing
CUST-9787,Kabir Sinha,401,1,2462.35,3,5,5,13,Champions
CUST-9788,Vivaan Jha,207,1,801.28,2,5,3,10,Loyal
CUST-9789,Arjun Sharma,62,1,280.9,1,5,2,8,Developing
CUST-9791,Aarav Jha,387,1,2327.23,3,5,5,13,Champions
CUST-9791,Arjun Sharma,523,1,1087.38,4,5,4,13,Champions
CUST-9791,Vivaan Das,334,1,2461.58,3,5,5,13,Champions
CUST-9792,Meera Jha,609,1,2694.02,5,5,5,15,Champions
CUST-9792,Vivaan Sinha,214,1,2144.64,2,5,5,12,Champions
CUST-9793,Arjun Kumar,391,1,174.94,3,5,1,9,Loyal
CUST-9793,Isha Singh,569,1,1325.39,4,5,4,13,Champions
CUST-9793,Riya Verma,83,1,73.63,1,5,1,7,Developing
CUST-9794,Arjun Sharma,510,1,1921.86,4,5,5,14,Champions
CUST-9794,Diya Verma,466,1,373.38,4,5,2,11,Loyal
CUST-9796,Aarav Patel,562,1,2711.12,4,5,5,14,Champions
CUST-9796,Meera Roy,601,1,764.44,5,5,3,13,Champions
CUST-9796,Meera Singh,532,1,364.11,4,5,2,11,Loyal
CUST-9797,Aditya Das,530,1,963.15,4,5,4,13,Champions
CUST-9797,Anaya Das,525,1,2034.52,4,5,5,14,Champions
CUST-9797,Kabir Verma,649,1,3689.52,5,5,5,15,Champions
CUST-9797,Riya Patel,118,1,3482.84,1,5,5,11,Loyal
CUST-9798,Kabir Roy,326,1,1216.94,3,5,4,12,Champions
CUST-9799,Anaya Kumar,725,1,650.81,5,5,3,13,Champions
CUST-9799,Vivaan Gupta,252,1,601.37,2,5,3,10,Loyal
CUST-9800,Meera Gupta,221,1,2160.82,2,5,5,12,Champions
CUST-9802,Arjun Kumar,540,1,617.59,4,5,3,12,Champions
CUST-9802,Riya Roy,339,1,213.72,3,5,1,9,Loyal
CUST-9802,Riya Verma,204,1,455.59,2,5,2,9,Loyal
CUST-9803,Aarav Das,207,1,529.18,2,5,3,10,Loyal
CUST-9803,Isha Gupta,438,1,131.57,4,5,1,10,Loyal
CUST-9804,Aditya Kumar,138,1,1175.51,1,5,4,10,Loyal
CUST-9804,Anaya Patel,107,1,489.38,1,5,2,8,Developing
CUST-9804,Isha Roy,410,1,411.65,3,5,2,10,Loyal
CUST-9806,Aditya Sinha,317,1,1710.17,3,5,4,12,Champions
CUST-9807,Arjun Kumar,6,1,151.15,1,5,1,7,Developing
CUST-9807,Kabir Jha,573,1,1229.7,4,5,4,13,Champions
CUST-9808,Aditya Singh,206,1,118.96,2,5,1,8,Developing
CUST-9808,Vivaan Singh,705,1,25.46,5,5,1,11,Loyal
CUST-9809,Aditya Roy,577,1,941.28,4,5,3,12,Champions
CUST-9809,Riya Das,177,1,758.56,2,5,3,10,Loyal
CUST-9810,Kabir Sharma,88,1,188.13,1,5,1,7,Developing
CUST-9813,Aarav Sharma,606,1,2130.9,5,5,5,15,Champions
CUST-9813,Diya Verma,400,1,1829.18,3,5,4,12,Champions
CUST-9814,Aarav Verma,496,1,856.75,4,5,3,12,Champions
CUST-9814,Arjun Verma,308,1,3349.01,3,5,5,13,Champions
CUST-9816,Kabir Gupta,29,1,776.91,1,5,3,9,Loyal
CUST-9818,Aditya Gupta,240,1,1341.24,2,5,4,11,Loyal
CUST-9818,Meera Das,621,1,1387.49,5,5,4,14,Champions
CUST-9819,Diya Verma,32,1,1013.95,1,5,4,10,Loyal
CUST-9819,Isha Singh,648,1,355.21,5,5,2,12,Champions
CUST-9819,Kabir Gupta,39,1,121.61,1,5,1,7,Developing
CUST-9820,Kabir Jha,541,1,69.34,4,5,1,10,Loyal
CUST-9821,Aditya Patel,108,1,616.58,1,5,3,9,Loyal
CUST-9822,Anaya Verma,156,1,1672.45,2,5,4,11,Loyal
CUST-9823,Anaya Kumar,138,1,9.27,1,5,1,7,Developing
CUST-9823,Riya Sharma,722,1,3046.87,5,5,5,15,Champions
CUST-9830,Riya Kumar,313,1,403.84,3,5,2,10,Loyal
CUST-9830,Vivaan Singh,285,1,293.36,2,5,2,9,Loyal
CUST-9831,Anaya Singh,36,1,961.06,1,5,4,10,Loyal
CUST-9833,Kabir Sinha,22,1,295.18,1,5,2,8,Developing
CUST-9833,Meera Verma,247,1,1355.89,2,5,4,11,Loyal
CUST-9834,Arjun Sinha,50,1,2591.11,1,5,5,11,Loyal
CUST-9835,Diya Patel,719,1,137.81,5,5,1,11,Loyal
CUST-9835,Isha Singh,167,1,949.53,2,5,3,10,Loyal
CUST-9837,Vivaan Gupta,142,1,1851.45,1,5,4,10,Loyal
CUST-9838,Aditya Jha,33,1,4412.93,1,5,5,11,Loyal
CUST-9838,Isha Jha,453,1,205.98,4,5,1,10,Loyal
CUST-9838,Isha Verma,511,1,180.71,4,5,1,10,Loyal
CUST-9841,Aarav Patel,314,1,4699.54,3,5,5,13,Champions
CUST-9841,Arjun Gupta,144,1,4400.26,1,5,5,11,Loyal
CUST-9841,Kabir Kumar,465,1,676.62,4,5,3,12,Champions
CUST-9841,Meera Patel,306,1,3445.58,3,5,5,13,Champions
CUST-9845,Arjun Sinha,583,1,61.82,5,5,1,11,Loyal
CUST-9846,Anaya Das,582,1,379.04,5,5,2,12,Champions
CUST-9847,Anaya Das,470,1,1381.06,4,5,4,13,Champions
CUST-9847,Anaya Verma,156,1,1917.42,2,5,4,11,Loyal
CUST-9847,Meera Kumar,308,1,180.43,3,5,1,9,Loyal
CUST-9848,Diya Das,478,1,272.7,4,5,2,11,Loyal
CUST-9849,Isha Sinha,277,1,119.37,2,5,1,8,Developing
CUST-9849,Meera Das,162,1,152.36,2,5,1,8,Developing
CUST-9851,Kabir Jha,663,1,3547.57,5,5,5,15,Champions
CUST-9851,Riya Singh,680,1,2185.92,5,5,5,15,Champions
CUST-9852,Anaya Kumar,281,1,1329.41,2,5,4,11,Loyal
CUST-9852,Arjun Das,55,1,121.57,1,5,1,7,Developing
CUST-9852,Diya Kumar,425,1,676.64,3,5,3,11,Loyal
CUST-9854,Isha Verma,388,1,287.34,3,5,2,10,Loyal
CUST-9855,Arjun Kumar,355,1,1975.4,3,5,5,13,Champions
CUST-9855,Isha Sharma,35,1,278.68,1,5,2,8,Developing
CUST-9856,Aditya Roy,70,1,403.52,1,5,2,8,Developing
CUST-9856,Anaya Kumar,98,1,692.36,1,5,3,9,Loyal
CUST-9857,Arjun Kumar,398,1,598.18,3,5,3,11,Loyal
CUST-9857,Riya Gupta,198,1,255.07,2,5,2,9,Loyal
CUST-9858,Vivaan Singh,682,1,1595.96,5,5,4,14,Champions
CUST-9860,Aarav Gupta,192,1,1627.01,2,5,4,11,Loyal
CUST-9861,Arjun Sinha,245,1,253.63,2,5,2,9,Loyal
CUST-9861,Meera Kumar,567,1,1416.79,4,5,4,13,Champions
CUST-9861,Riya Das,68,1,1902.12,1,5,4,10,Loyal
CUST-9862,Kabir Sharma,93,1,141.67,1,5,1,7,Developing
CUST-9862,Kabir Verma,373,1,2235.8,3,5,5,13,Champions
CUST-9863,Isha Sharma,422,1,568.9,3,5,3,11,Loyal
CUST-9863,Meera Das,371,1,2139.91,3,5,5,13,Champions
CUST-9865,Anaya Singh,263,1,1200.17,2,5,4,11,Loyal
CUST-9865,Meera Singh,340,1,444.2,3,5,2,10,Loyal
CUST-9865,Vivaan Verma,643,1,688.12,5,5,3,13,Champions
CUST-9866,Aarav Kumar,234,1,1143.12,2,5,4,11,Loyal
CUST-9867,Aarav Jha,626,1,78.06,5,5,1,11,Loyal
CUST-9869,Isha Sharma,406,1,1338.94,3,5,4,12,Champions
CUST-9870,Aditya Jha,69,1,902.72,1,5,3,9,Loyal
CUST-9870,Meera Jha,345,1,1161.14,3,5,4,12,Champions
CUST-9870,Riya Verma,130,1,2660.98,1,5,5,11,Loyal
CUST-9871,Arjun Jha,679,1,115.0,5,5,1,11,Loyal
CUST-9874,Aarav Patel,337,1,2521.34,3,5,5,13,Champions
CUST-9874,Aditya Sinha,514,1,1587.25,4,5,4,13,Champions
CUST-9874,Anaya Sinha,433,1,1255.97,3,5,4,12,Champions
CUST-9875,Arjun Roy,36,1,566.86,1,5,3,9,Loyal
CUST-9876,Aarav Jha,371,1,3961.71,3,5,5,13,Champions
CUST-9876,Aarav Verma,86,1,5055.57,1,5,5,11,Loyal
CUST-9876,Meera Das,638,1,417.71,5,5,2,12,Champions
CUST-9878,Isha Patel,32,1,472.19,1,5,2,8,Developing
CUST-9879,Aditya Roy,696,1,184.39,5,5,1,11,Loyal
CUST-9879,Meera Kumar,78,1,355.75,1,5,2,8,Developing
CUST-9881,Isha Sinha,427,1,772.66,3,5,3,11,Loyal
CUST-9882,Aditya Gupta,73,1,723.94,1,5,3,9,Loyal
CUST-9882,Anaya Roy,223,1,1418.15,2,5,4,11,Loyal
CUST-9886,Diya Sharma,410,1,228.87,3,5,1,9,Loyal
CUST-9886,Meera Sinha,94,1,361.61,1,5,2,8,Developing
CUST-9889,Aarav Verma,247,1,577.3,2,5,3,10,Loyal
CUST-9891,Diya Jha,28,1,734.43,1,5,3,9,Loyal
CUST-9891,Isha Kumar,343,1,836.14,3,5,3,11,Loyal
CUST-9892,Anaya Das,348,1,4537.41,3,5,5,13,Champions
CUST-9892,Meera Das,417,1,171.3,3,5,1,9,Loyal
CUST-9894,Aditya Sinha,211,1,2954.09,2,5,5,12,Champions
CUST-9894,Diya Singh,98,1,174.75,1,5,1,7,Developing
CUST-9894,Vivaan Sharma,192,1,2010.88,2,5,5,12,Champions
CUST-9895,Anaya Verma,76,1,1245.73,1,5,4,10,Loyal
CUST-9900,Aarav Kumar,633,1,915.89,5,5,3,13,Champions
CUST-9901,Riya Singh,66,1,2002.35,1,5,5,11,Loyal
CUST-9902,Aarav Gupta,139,1,465.21,1,5,2,8,Developing
CUST-9903,Aditya Patel,26,1,76.47,1,5,1,7,Developing
CUST-9903,Diya Patel,643,1,2534.85,5,5,5,15,Champions
CUST-9904,Vivaan Jha,704,1,442.81,5,5,2,12,Champions
CUST-9905,Anaya Jha,87,1,128.09,1,5,1,7,Developing
CUST-9906,Isha Singh,116,1,672.69,1,5,3,9,Loyal
CUST-9908,Isha Sharma,388,1,472.68,3,5,2,10,Loyal
CUST-9909,Arjun Gupta,320,1,3157.66,3,5,5,13,Champions
CUST-9909,Kabir Das,279,1,1523.25,2,5,4,11,Loyal
CUST-9909,Riya Roy,525,1,803.06,4,5,3,12,Champions
CUST-9911,Aarav Gupta,145,1,3735.04,2,5,5,12,Champions
CUST-9911,Diya Gupta,402,1,167.58,3,5,1,9,Loyal
CUST-9911,Riya Gupta,183,1,375.89,2,5,2,9,Loyal
CUST-9912,Riya Verma,148,1,25.1,2,5,1,8,Developing
CUST-9913,Meera Singh,409,1,722.88,3,5,3,11,Loyal
CUST-9915,Aditya Singh,141,1,3287.42,1,5,5,11,Loyal
CUST-9917,Arjun Gupta,235,1,452.97,2,5,2,9,Loyal
CUST-9918,Vivaan Roy,541,1,802.81,4,5,3,12,Champions
CUST-9920,Aarav Sinha,353,1,1320.93,3,5,4,12,Champions
CUST-9920,Meera Kumar,669,1,1036.66,5,5,4,14,Champions
CUST-9921,Kabir Verma,699,1,2468.13,5,5,5,15,Champions
CUST-9922,Diya Sinha,652,1,722.25,5,5,3,13,Champions
CUST-9923,Arjun Sharma,463,1,272.83,4,5,2,11,Loyal
CUST-9923,Kabir Kumar,513,1,263.84,4,5,2,11,Loyal
CUST-9924,Anaya Kumar,41,1,2846.34,1,5,5,11,Loyal
CUST-9924,Meera Kumar,487,1,228.99,4,5,1,10,Loyal
CUST-9924,Vivaan Das,98,1,247.64,1,5,2,8,Developing
CUST-9924,Vivaan Verma,289,1,2924.06,2,5,5,12,Champions
CUST-9925,Kabir Jha,313,1,227.66,3,5,1,9,Loyal
CUST-9927,Isha Verma,174,1,995.68,2,5,4,11,Loyal
CUST-9928,Riya Jha,208,1,2948.41,2,5,5,12,Champions
CUST-9929,Kabir Gupta,654,1,2821.04,5,5,5,15,Champions
CUST-9930,Meera Verma,142,1,748.01,1,5,3,9,Loyal
CUST-9931,Riya Gupta,284,1,4082.3,2,5,5,12,Champions
CUST-9932,Isha Sharma,411,1,193.71,3,5,1,9,Loyal
CUST-9933,Isha Kumar,266,1,185.6,2,5,1,8,Developing
CUST-9933,Riya Patel,372,1,1789.44,3,5,4,12,Champions
CUST-9934,Anaya Verma,203,1,503.97,2,5,2,9,Loyal
CUST-9934,Diya Jha,397,1,829.32,3,5,3,11,Loyal
CUST-9934,Meera Gupta,551,1,2098.99,4,5,5,14,Champions
CUST-9934,Riya Jha,410,1,600.57,3,5,3,11,Loyal
CUST-9935,Anaya Sharma,6,1,607.8,1,5,3,9,Loyal
CUST-9936,Isha Singh,314,1,2919.52,3,5,5,13,Champions
CUST-9937,Vivaan Sharma,631,1,441.82,5,5,2,12,Champions
CUST-9941,Isha Jha,528,1,1928.33,4,5,5,14,Champions
CUST-9941,Isha Patel,213,1,447.92,2,5,2,9,Loyal
CUST-9943,Meera Gupta,138,1,1999.71,1,5,5,11,Loyal
CUST-9943,Riya Kumar,284,1,378.17,2,5,2,9,Loyal
CUST-9943,Riya Verma,358,1,3321.97,3,5,5,13,Champions
CUST-9944,Vivaan Jha,396,1,2094.58,3,5,5,13,Champions
CUST-9945,Arjun Das,212,1,2216.09,2,5,5,12,Champions
CUST-9945,Isha Patel,318,1,526.89,3,5,3,11,Loyal
CUST-9945,Vivaan Verma,395,1,2338.69,3,5,5,13,Champions
CUST-9946,Aditya Roy,611,1,151.34,5,5,1,11,Loyal
CUST-9949,Arjun Singh,216,1,220.26,2,5,1,8,Developing
CUST-9950,Kabir Sharma,465,1,900.53,4,5,3,12,Champions
CUST-9951,Anaya Sharma,731,1,2146.28,5,5,5,15,Champions
CUST-9951,Diya Gupta,484,1,366.61,4,5,2,11,Loyal
CUST-9954,Aditya Verma,128,1,2678.9,1,5,5,11,Loyal
CUST-9955,Isha Gupta,295,1,566.55,3,5,3,11,Loyal
CUST-9956,Diya Verma,29,1,121.67,1,5,1,7,Developing
CUST-9956,Riya Patel,434,1,3795.8,3,5,5,13,Champions
CUST-9957,Aditya Verma,525,1,587.99,4,5,3,12,Champions
CUST-9957,Diya Sinha,669,1,796.0,5,5,3,13,Champions
CUST-9957,Isha Patel,540,1,158.32,4,5,1,10,Loyal
CUST-9958,Aarav Das,681,1,1004.54,5,5,4,14,Champions
CUST-9958,Anaya Patel,550,1,2178.45,4,5,5,14,Champions
CUST-9959,Aarav Singh,249,1,3607.6,2,5,5,12,Champions
CUST-9960,Aarav Verma,303,1,411.98,3,5,2,10,Loyal
CUST-9960,Meera Roy,44,1,268.59,1,5,2,8,Developing
CUST-9961,Aditya Singh,380,1,2433.33,3,5,5,13,Champions
CUST-9962,Aditya Roy,249,1,3016.55,2,5,5,12,Champions
CUST-9962,Vivaan Gupta,568,1,691.61,4,5,3,12,Champions
CUST-9964,Aditya Das,640,1,790.17,5,5,3,13,Champions
CUST-9964,Aditya Sharma,341,1,356.86,3,5,2,10,Loyal
CUST-9964,Isha Gupta,586,1,161.96,5,5,1,11,Loyal
CUST-9964,Vivaan Jha,283,1,771.55,2,5,3,10,Loyal
CUST-9965,Aarav Patel,89,1,1816.4,1,5,4,10,Loyal
CUST-9965,Diya Gupta,283,1,413.74,2,5,2,9,Loyal
CUST-9965,Vivaan Sinha,566,1,943.49,4,5,3,12,Champions
CUST-9966,Aarav Gupta,690,1,2021.05,5,5,5,15,Champions
CUST-9967,Aarav Sinha,48,1,4111.41,1,5,5,11,Loyal
CUST-9969,Meera Gupta,602,1,2144.15,5,5,5,15,Champions
CUST-9970,Vivaan Patel,240,1,359.26,2,5,2,9,Loyal
CUST-9971,Aarav Sinha,629,1,1480.77,5,5,4,14,Champions
CUST-9971,Vivaan Sharma,326,1,1211.21,3,5,4,12,Champions
CUST-9972,Aarav Kumar,69,1,1167.08,1,5,4,10,Loyal
CUST-9972,Anaya Kumar,430,1,531.18,3,5,3,11,Loyal
CUST-9972,Isha Gupta,414,1,1202.24,3,5,4,12,Champions
CUST-9972,Vivaan Roy,90,1,310.91,1,5,2,8,Developing
CUST-9973,Kabir Patel,194,1,1651.11,2,5,4,11,Loyal
CUST-9974,Kabir Singh,353,1,295.87,3,5,2,10,Loyal
CUST-9975,Anaya Jha,543,1,97.74,4,5,1,10,Loyal
CUST-9975,Isha Roy,437,1,418.58,4,5,2,11,Loyal
CUST-9976,Meera Roy,41,1,3280.89,1,5,5,11,Loyal
CUST-9979,Meera Sinha,137,1,704.01,1,5,3,9,Loyal
CUST-9980,Vivaan Das,679,1,5166.64,5,5,5,15,Champions
CUST-9981,Anaya Verma,553,1,1045.09,4,5,4,13,Champions
CUST-9981,Kabir Singh,612,1,1480.82,5,5,4,14,Champions
CUST-9983,Aditya Roy,142,1,4166.34,1,5,5,11,Loyal
CUST-9983,Aditya Sharma,475,1,1568.85,4,5,4,13,Champions
CUST-9984,Arjun Das,235,1,917.67,2,5,3,10,Loyal
CUST-9985,Aditya Kumar,271,1,47.0,2,5,1,8,Developing
CUST-9985,Diya Jha,647,1,1042.47,5,5,4,14,Champions
CUST-9985,Meera Gupta,392,1,196.41,3,5,1,9,Loyal
CUST-9986,Riya Roy,629,1,146.03,5,5,1,11,Loyal
CUST-9987,Aarav Jha,705,1,211.32,5,5,1,11,Loyal
CUST-9988,Aditya Jha,192,1,843.49,2,5,3,10,Loyal
CUST-9989,Aarav Jha,237,1,255.97,2,5,2,9,Loyal
CUST-9989,Arjun Sinha,664,1,4451.49,5,5,5,15,Champions
CUST-9989,Kabir Singh,625,1,342.75,5,5,2,12,Champions
CUST-9990,Arjun Singh,591,1,1156.55,5,5,4,14,Champions
CUST-9992,Kabir Sharma,104,1,1233.47,1,5,4,10,Loyal
CUST-9994,Meera Gupta,139,1,2626.16,1,5,5,11,Loyal
CUST-9995,Diya Das,340,1,2929.42,3,5,5,13,Champions
CUST-9995,Riya Sharma,612,1,63.22,5,5,1,11,Loyal
CUST-9997,Isha Singh,308,1,907.56,3,5,3,11,Loyal
CUST-9998,Aarav Das,715,1,1771.18,5,5,4,14,Champions
CUST-9998,Aditya Sharma,145,1,287.75,2,5,2,9,Loyal
CUST-9998,Vivaan Gupta,30,1,284.13,1,5,2,8,Developing
