Customer_ID,Customer_Name,Segment,Region
CUST-5426,Isha Das,Consumer,North
CUST-3433,Kabir Sharma,Home Office,South
CUST-3047,Aditya Gupta,Consumer,North
CUST-9792,Vivaan Sinha,Home Office,North
CUST-1775,Aditya Sharma,Consumer,East
CUST-7873,Vivaan Sinha,Consumer,South
CUST-8869,Isha Das,Corporate,North
CUST-8208,Aarav Patel,Corporate,North
CUST-1391,Aditya Singh,Home Office,East
CUST-4104,Anaya Gupta,Corporate,South
CUST-9110,Aditya Sharma,Corporate,East
CUST-8721,Aditya Gupta,Consumer,East
CUST-4242,Arjun Gupta,Home Office,North
CUST-4627,Arjun Sinha,Corporate,South
CUST-6864,Aditya Gupta,Home Office,South
CUST-2998,Riya Jha,Corporate,East
CUST-8554,Aarav Das,Consumer,East
CUST-6855,Aarav Sharma,Consumer,West
CUST-4510,Isha Sharma,Home Office,East
CUST-7287,Aarav Patel,Consumer,East
CUST-2986,Aditya Verma,Consumer,North
CUST-9155,Meera Patel,Corporate,North
CUST-3049,Aarav Das,Home Office,North
CUST-5499,Isha Roy,Home Office,East
CUST-3557,Meera Singh,Corporate,South
CUST-9352,Arjun Sharma,Home Office,North
CUST-5555,Aditya Roy,Home Office,South
CUST-1225,Kabir Sharma,Consumer,West
CUST-8679,Aarav Das,Consumer,North
CUST-4170,Aarav Verma,Home Office,North
CUST-6854,Riya Sinha,Corporate,South
CUST-1154,Diya Kumar,Home Office,South
CUST-3806,Diya Singh,Corporate,East
CUST-3368,Isha Singh,Consumer,South
CUST-4769,Riya Sinha,Home Office,South
CUST-4124,Kabir Gupta,Consumer,North
CUST-7799,Vivaan Sinha,Corporate,South
CUST-9308,Anaya Patel,Home Office,South
CUST-1559,Meera Jha,Consumer,West
CUST-9130,Diya Singh,Corporate,East
CUST-7617,Kabir Gupta,Consumer,North
CUST-3849,Arjun Sinha,Consumer,South
CUST-9527,Anaya Kumar,Corporate,South
CUST-5000,Aditya Das,Consumer,North
CUST-6726,Vivaan Singh,Corporate,South
CUST-1417,Aditya Patel,Consumer,North
CUST-8164,Meera Verma,Corporate,West
CUST-6104,Anaya Jha,Consumer,East
CUST-5968,Aarav Sharma,Consumer,North
CUST-8400,Aditya Patel,Consumer,South
CUST-8266,Meera Verma,Home Office,North
CUST-6305,Anaya Sinha,Home Office,South
CUST-1953,Aarav Roy,Home Office,West
CUST-7172,Kabir Roy,Consumer,East
CUST-2324,Arjun Verma,Corporate,East
CUST-5268,Vivaan Sinha,Consumer,North
CUST-1504,Aarav Patel,Corporate,South
CUST-5175,Riya Das,Corporate,South
CUST-4376,Aarav Das,Home Office,North
CUST-6063,Riya Jha,Corporate,South
CUST-1539,Kabir Patel,Corporate,South
CUST-3779,Aditya Roy,Home Office,South
CUST-8418,Kabir Gupta,Consumer,East
CUST-4925,Aarav Sharma,Corporate,North
CUST-6989,Aditya Das,Home Office,West
CUST-6997,Aarav Singh,Home Office,South
CUST-8239,Anaya Sinha,Corporate,South
CUST-9580,Meera Sharma,Corporate,North
CUST-7881,Riya Kumar,Home Office,East
CUST-8648,Isha Gupta,Corporate,South
CUST-4579,Arjun Jha,Home Office,West
CUST-2906,Meera Gupta,Corporate,North
CUST-9472,Aditya Singh,Corporate,West
CUST-5777,Riya Das,Corporate,South
CUST-8240,Diya Patel,Home Office,East
CUST-2276,Arjun Jha,Consumer,East
CUST-6126,Aditya Gupta,Consumer,East
CUST-9152,Anaya Das,Home Office,West
CUST-7288,Arjun Patel,Corporate,South
CUST-8943,Isha Sharma,Corporate,South
CUST-1876,Riya Das,Home Office,East
CUST-7986,Isha Gupta,Corporate,West
CUST-8489,Arjun Verma,Corporate,South
CUST-1846,Isha Sinha,Corporate,East
CUST-5208,Aarav Sinha,Corporate,South
CUST-4744,Riya Kumar,Home Office,West
CUST-2342,Kabir Patel,Corporate,North
CUST-2604,Vivaan Das,Consumer,East
CUST-6951,Isha Patel,Corporate,South
CUST-8577,Arjun Patel,Home Office,South
CUST-8804,Riya Sharma,Consumer,South
CUST-4687,Isha Singh,Consumer,South
CUST-6742,Aarav Verma,Consumer,South
CUST-1950,Aarav Verma,Corporate,East
CUST-7371,Isha Verma,Home Office,South
CUST-1094,Aditya Singh,Home Office,East
CUST-7166,Diya Sinha,Home Office,North
CUST-8147,Arjun Verma,Home Office,East
CUST-6109,Aditya Jha,Home Office,West
CUST-4030,Meera Sharma,Corporate,West
CUST-9393,Arjun Patel,Corporate,South
CUST-9070,Vivaan Kumar,Consumer,West
CUST-2990,Arjun Roy,Corporate,South
CUST-6588,Aarav Gupta,Corporate,North
CUST-7704,Anaya Sharma,Consumer,West
CUST-5524,Isha Singh,Consumer,North
CUST-6797,Aditya Verma,Consumer,South
CUST-7305,Aarav Gupta,Corporate,West
CUST-9519,Riya Patel,Consumer,East
CUST-6207,Isha Verma,Corporate,North
CUST-9966,Aarav Gupta,Consumer,North
CUST-7852,Arjun Sinha,Consumer,South
CUST-8083,Aditya Verma,Home Office,West
CUST-5223,Aarav Kumar,Consumer,North
CUST-2301,Arjun Sinha,Home Office,East
CUST-6475,Meera Roy,Home Office,North
CUST-3074,Meera Roy,Home Office,East
CUST-3969,Kabir Sinha,Home Office,East
CUST-5124,Kabir Jha,Consumer,East
CUST-7766,Isha Roy,Home Office,East
CUST-8101,Vivaan Patel,Home Office,East
CUST-2639,Diya Patel,Corporate,East
CUST-7667,Aditya Das,Corporate,South
CUST-5107,Isha Singh,Corporate,West
CUST-6387,Diya Patel,Corporate,East
CUST-4157,Diya Gupta,Consumer,South
CUST-2500,Vivaan Verma,Home Office,South
CUST-3667,Vivaan Singh,Corporate,North
CUST-6468,Riya Patel,Home Office,East
CUST-4241,Vivaan Gupta,Corporate,East
CUST-3032,Kabir Patel,Corporate,West
CUST-4760,Aditya Jha,Corporate,South
CUST-3632,Aarav Patel,Corporate,West
CUST-8486,Isha Kumar,Consumer,East
CUST-4564,Diya Kumar,Corporate,South
CUST-8214,Anaya Sharma,Home Office,South
CUST-8312,Isha Singh,Corporate,East
CUST-2290,Meera Jha,Corporate,North
CUST-1954,Vivaan Jha,Consumer,West
CUST-4020,Kabir Sharma,Consumer,East
CUST-7183,Aarav Roy,Home Office,South
CUST-3604,Meera Das,Corporate,West
CUST-3808,Aditya Gupta,Home Office,South
CUST-9780,Anaya Kumar,Consumer,South
CUST-2007,Riya Singh,Corporate,West
CUST-6084,Riya Verma,Corporate,South
CUST-9073,Riya Sharma,Home Office,North
CUST-9954,Aditya Verma,Corporate,South
CUST-4356,Arjun Sharma,Consumer,East
CUST-4155,Riya Singh,Corporate,East
CUST-5179,Riya Singh,Corporate,West
CUST-4056,Meera Jha,Corporate,North
CUST-4676,Kabir Jha,Consumer,North
CUST-6655,Diya Singh,Consumer,North
CUST-2763,Meera Roy,Home Office,West
CUST-4788,Aarav Jha,Corporate,West
CUST-6420,Meera Sharma,Home Office,West
CUST-4117,Riya Roy,Corporate,North
CUST-2949,Aarav Verma,Corporate,North
CUST-4041,Diya Gupta,Corporate,West
CUST-1552,Vivaan Jha,Home Office,West
CUST-1207,Arjun Roy,Corporate,South
CUST-8179,Anaya Patel,Home Office,South
CUST-3356,Anaya Singh,Consumer,West
CUST-9946,Aditya Roy,Corporate,South
CUST-3071,Arjun Das,Corporate,East
CUST-7563,Diya Das,Corporate,South
CUST-2394,Diya Roy,Corporate,West
CUST-4591,Arjun Gupta,Home Office,East
CUST-3365,Riya Jha,Corporate,West
CUST-3113,Aditya Das,Home Office,South
CUST-4466,Diya Singh,Corporate,North
CUST-6895,Aarav Patel,Home Office,West
CUST-4568,Isha Jha,Home Office,South
CUST-1968,Kabir Verma,Home Office,North
CUST-2229,Diya Verma,Home Office,West
CUST-6342,Isha Kumar,Home Office,East
CUST-1891,Anaya Jha,Home Office,East
CUST-2198,Vivaan Sharma,Home Office,West
CUST-1302,Isha Sharma,Consumer,East
CUST-6208,Meera Das,Consumer,East
CUST-5114,Riya Kumar,Consumer,South
CUST-1454,Meera Das,Consumer,South
CUST-2440,Aarav Sharma,Corporate,South
CUST-3989,Meera Singh,Corporate,East
CUST-1011,Kabir Kumar,Consumer,South
CUST-7570,Kabir Gupta,Home Office,West
CUST-1140,Riya Singh,Corporate,West
CUST-8311,Diya Verma,Home Office,East
CUST-8052,Anaya Jha,Corporate,West
CUST-6291,Isha Sinha,Consumer,East
CUST-5616,Diya Jha,Home Office,South
CUST-6699,Vivaan Jha,Corporate,North
CUST-1482,Vivaan Sharma,Consumer,South
CUST-9841,Meera Patel,Consumer,South
CUST-7780,Anaya Patel,Consumer,East
CUST-7764,Arjun Jha,Corporate,North
CUST-1707,Aarav Kumar,Home Office,West
CUST-8979,Diya Singh,Home Office,East
CUST-5211,Isha Roy,Home Office,East
CUST-3665,Meera Gupta,Corporate,South
CUST-5443,Aditya Jha,Home Office,North
CUST-5037,Riya Kumar,Consumer,North
CUST-5576,Anaya Kumar,Consumer,North
CUST-6299,Anaya Sinha,Home Office,East
CUST-9435,Diya Sharma,Home Office,West
CUST-4138,Anaya Verma,Consumer,East
CUST-6907,Vivaan Sinha,Consumer,West
CUST-5917,Arjun Singh,Consumer,East
CUST-1536,Arjun Verma,Consumer,West
CUST-7610,Aditya Das,Consumer,North
CUST-9648,Anaya Singh,Consumer,South
CUST-7907,Aarav Verma,Corporate,South
CUST-5517,Anaya Kumar,Home Office,South
CUST-2549,Anaya Das,Consumer,North
CUST-8758,Kabir Sinha,Consumer,East
CUST-8380,Kabir Kumar,Home Office,West
CUST-3355,Anaya Das,Home Office,East
CUST-4493,Diya Das,Home Office,South
CUST-1571,Aarav Sinha,Consumer,North
CUST-7869,Isha Sharma,Corporate,North
CUST-7230,Kabir Jha,Home Office,East
CUST-2668,Arjun Das,Corporate,East
CUST-9754,Diya Das,Consumer,West
CUST-8504,Isha Jha,Corporate,South
CUST-9569,Anaya Kumar,Corporate,West
CUST-4983,Vivaan Sinha,Home Office,East
CUST-8128,Vivaan Roy,Consumer,West
CUST-6341,Anaya Gupta,Home Office,North
CUST-1301,Isha Gupta,Home Office,North
CUST-4537,Vivaan Das,Corporate,West
CUST-4754,Kabir Sharma,Home Office,East
CUST-8295,Kabir Jha,Consumer,South
CUST-6343,Diya Kumar,Home Office,East
CUST-3159,Meera Verma,Corporate,South
CUST-4489,Kabir Patel,Consumer,East
CUST-3179,Arjun Verma,Corporate,East
CUST-6891,Meera Verma,Consumer,West
CUST-7643,Arjun Jha,Corporate,South
CUST-4390,Aditya Roy,Corporate,East
CUST-6469,Anaya Sharma,Consumer,North
CUST-2019,Riya Sharma,Corporate,North
CUST-3171,Anaya Patel,Corporate,West
CUST-7397,Riya Roy,Corporate,East
CUST-8999,Kabir Verma,Home Office,West
CUST-8462,Vivaan Singh,Home Office,West
CUST-8736,Arjun Jha,Consumer,South
CUST-1162,Anaya Jha,Corporate,North
CUST-6347,Isha Verma,Home Office,West
CUST-1671,Isha Verma,Consumer,East
CUST-5260,Diya Das,Consumer,West
CUST-7588,Meera Sharma,Corporate,West
CUST-1572,Vivaan Sinha,Home Office,South
CUST-4648,Diya Das,Consumer,North
CUST-4750,Riya Jha,Corporate,West
CUST-6055,Anaya Das,Consumer,South
CUST-2749,Arjun Patel,Corporate,South
CUST-8264,Diya Verma,Corporate,South
CUST-3551,Diya Jha,Consumer,North
CUST-7063,Isha Kumar,Home Office,West
CUST-1282,Vivaan Jha,Corporate,South
CUST-4690,Kabir Verma,Corporate,East
CUST-8183,Aarav Gupta,Corporate,North
CUST-9438,Kabir Patel,Corporate,East
CUST-1264,Arjun Roy,Corporate,West
CUST-3504,Kabir Jha,Corporate,South
CUST-9381,Aarav Das,Corporate,North
CUST-7416,Kabir Singh,Consumer,South
CUST-2958,Riya Patel,Corporate,South
CUST-7040,Riya Das,Home Office,East
CUST-1392,Aditya Kumar,Consumer,East
CUST-3597,Arjun Das,Corporate,West
CUST-7999,Diya Roy,Corporate,South
CUST-6075,Anaya Patel,Corporate,North
CUST-2460,Arjun Jha,Home Office,South
CUST-2762,Meera Patel,Home Office,West
CUST-4198,Anaya Sharma,Consumer,South
CUST-8851,Aarav Das,Consumer,South
CUST-8468,Anaya Jha,Home Office,North
CUST-1405,Isha Das,Consumer,South
CUST-1771,Riya Singh,Corporate,North
CUST-5005,Riya Roy,Home Office,East
CUST-8616,Meera Sharma,Corporate,East
CUST-6093,Aarav Sharma,Corporate,West
CUST-1703,Diya Roy,Consumer,West
CUST-1182,Meera Gupta,Corporate,West
CUST-9210,Isha Jha,Corporate,North
CUST-4321,Kabir Jha,Corporate,South
CUST-7993,Vivaan Kumar,Corporate,North
CUST-4808,Diya Singh,Corporate,South
CUST-5658,Riya Patel,Consumer,East
CUST-1386,Isha Kumar,Corporate,North
CUST-6476,Kabir Sharma,Home Office,West
CUST-4243,Meera Gupta,Corporate,South
CUST-4361,Isha Das,Consumer,West
CUST-8611,Vivaan Singh,Home Office,North
CUST-1929,Arjun Jha,Corporate,East
CUST-4415,Aditya Verma,Consumer,West
CUST-7268,Kabir Sinha,Home Office,North
CUST-1785,Meera Sharma,Home Office,North
CUST-4236,Meera Sharma,Consumer,East
CUST-2439,Aditya Sinha,Home Office,North
CUST-4456,Isha Singh,Home Office,East
CUST-3151,Riya Patel,Home Office,West
CUST-4730,Kabir Kumar,Corporate,North
CUST-8684,Aarav Jha,Corporate,East
CUST-6867,Arjun Roy,Consumer,East
CUST-2946,Meera Singh,Home Office,North
CUST-3819,Anaya Singh,Corporate,West
CUST-8742,Riya Singh,Corporate,South
CUST-5117,Riya Singh,Consumer,East
CUST-1695,Meera Singh,Home Office,South
CUST-4363,Meera Das,Home Office,East
CUST-9448,Arjun Singh,Consumer,West
CUST-3014,Riya Singh,Home Office,North
CUST-9549,Vivaan Jha,Consumer,North
CUST-3555,Vivaan Gupta,Consumer,South
CUST-2588,Anaya Sharma,Consumer,North
CUST-9244,Isha Roy,Consumer,West
CUST-5945,Isha Kumar,Corporate,West
CUST-2809,Riya Roy,Home Office,North
CUST-6276,Meera Sharma,Corporate,North
CUST-3224,Riya Jha,Home Office,East
CUST-8094,Diya Gupta,Corporate,North
CUST-5888,Meera Das,Home Office,East
CUST-3587,Meera Singh,Corporate,East
CUST-3257,Kabir Verma,Consumer,South
CUST-2772,Vivaan Patel,Corporate,North
CUST-2461,Aarav Verma,Home Office,South
CUST-8982,Kabir Sinha,Home Office,West
CUST-1674,Meera Singh,Corporate,South
CUST-2401,Diya Roy,Consumer,East
CUST-4866,Riya Das,Consumer,North
CUST-2524,Meera Sharma,Corporate,South
CUST-5579,Anaya Verma,Consumer,East
CUST-9835,Isha Singh,Consumer,East
CUST-9707,Diya Jha,Home Office,North
CUST-1277,Meera Sharma,Consumer,South
CUST-7410,Kabir Jha,Consumer,North
CUST-1215,Riya Patel,Home Office,West
CUST-3295,Riya Sharma,Home Office,East
CUST-8557,Riya Roy,Corporate,West
CUST-2116,Isha Sharma,Corporate,South
CUST-3743,Diya Patel,Home Office,East
CUST-1619,Aditya Kumar,Corporate,East
CUST-9199,Arjun Sharma,Corporate,North
CUST-3468,Diya Verma,Consumer,West
CUST-5967,Vivaan Gupta,Home Office,West
CUST-3787,Meera Roy,Consumer,East
CUST-3451,Kabir Singh,Corporate,West
CUST-1692,Vivaan Verma,Consumer,West
CUST-4786,Meera Patel,Corporate,East
CUST-8423,Isha Singh,Consumer,North
CUST-7297,Isha Das,Corporate,West
CUST-7696,Aditya Gupta,Corporate,South
CUST-4607,Isha Sinha,Home Office,West
CUST-1580,Kabir Patel,Corporate,West
CUST-4156,Arjun Singh,Home Office,West
CUST-4240,Kabir Gupta,Corporate,East
CUST-5591,Riya Verma,Corporate,South
CUST-4273,Vivaan Patel,Home Office,East
CUST-1152,Kabir Das,Corporate,East
CUST-8361,Isha Gupta,Corporate,North
CUST-2903,Anaya Sharma,Home Office,South
CUST-5946,Arjun Singh,Consumer,West
CUST-4922,Riya Patel,Consumer,North
CUST-2855,Aditya Singh,Corporate,South
CUST-4093,Aditya Patel,Home Office,West
CUST-5595,Isha Sharma,Home Office,South
CUST-9708,Meera Das,Consumer,East
CUST-9058,Vivaan Gupta,Home Office,East
CUST-9319,Riya Jha,Consumer,East
CUST-6788,Diya Sharma,Corporate,West
CUST-4802,Aarav Gupta,Consumer,East
CUST-7309,Riya Sinha,Corporate,South
CUST-3195,Aditya Verma,Corporate,East
CUST-4849,Meera Sharma,Consumer,South
CUST-7409,Kabir Roy,Consumer,East
CUST-9475,Aarav Sharma,Home Office,South
CUST-3093,Diya Roy,Home Office,East
CUST-8294,Meera Verma,Home Office,North
CUST-5017,Arjun Jha,Home Office,West
CUST-7136,Kabir Kumar,Consumer,North
CUST-2526,Diya Kumar,Corporate,South
CUST-1869,Aarav Gupta,Home Office,South
CUST-9024,Anaya Sharma,Corporate,North
CUST-9636,Diya Roy,Consumer,West
CUST-1062,Riya Sinha,Corporate,North
CUST-4278,Aarav Gupta,Consumer,South
CUST-1644,Aarav Sinha,Consumer,South
CUST-1195,Isha Sinha,Consumer,East
CUST-3591,Anaya Das,Corporate,West
CUST-7972,Meera Roy,Corporate,South
CUST-7219,Anaya Singh,Corporate,North
CUST-2647,Anaya Sharma,Home Office,North
CUST-5384,Aarav Sinha,Home Office,West
CUST-8178,Anaya Gupta,Corporate,East
CUST-6628,Meera Sharma,Consumer,West
CUST-6618,Riya Sharma,Home Office,West
CUST-5390,Isha Sinha,Home Office,North
CUST-1192,Aarav Sharma,Consumer,North
CUST-4893,Meera Jha,Consumer,South
CUST-1717,Aditya Singh,Home Office,South
CUST-7801,Aditya Kumar,Consumer,West
CUST-5780,Vivaan Kumar,Home Office,West
CUST-1002,Riya Jha,Corporate,North
CUST-7239,Vivaan Sharma,Consumer,North
CUST-6255,Meera Sinha,Consumer,North
CUST-6330,Anaya Patel,Consumer,South
CUST-9995,Diya Das,Corporate,West
CUST-1615,Meera Jha,Home Office,South
CUST-4801,Vivaan Kumar,Home Office,West
CUST-5334,Aditya Roy,Corporate,East
CUST-1922,Arjun Gupta,Consumer,South
CUST-4940,Arjun Sharma,Home Office,South
CUST-6710,Kabir Jha,Consumer,North
CUST-9092,Anaya Jha,Corporate,North
CUST-3735,Arjun Sinha,Corporate,West
CUST-3964,Aditya Roy,Consumer,East
CUST-1919,Vivaan Sharma,Consumer,East
CUST-1067,Aditya Kumar,Corporate,South
CUST-7838,Kabir Das,Home Office,South
CUST-5383,Vivaan Gupta,Corporate,North
CUST-3904,Meera Roy,Corporate,West
CUST-8086,Aarav Kumar,Consumer,West
CUST-5627,Riya Singh,Consumer,West
CUST-4875,Riya Sinha,Corporate,South
CUST-6021,Aarav Verma,Corporate,North
CUST-6047,Kabir Gupta,Corporate,North
CUST-8431,Kabir Verma,Corporate,South
CUST-7034,Vivaan Kumar,Consumer,South
CUST-7628,Arjun Singh,Home Office,South
CUST-9301,Isha Jha,Corporate,East
CUST-6457,Riya Jha,Corporate,East
CUST-8357,Kabir Roy,Consumer,West
CUST-4216,Aarav Gupta,Corporate,East
CUST-4103,Meera Jha,Corporate,South
CUST-4109,Aditya Gupta,Home Office,West
CUST-3535,Aarav Sharma,Corporate,West
CUST-7139,Anaya Jha,Consumer,West
CUST-6570,Aditya Roy,Home Office,North
CUST-5482,Aarav Das,Consumer,South
CUST-5478,Riya Verma,Corporate,West
CUST-3979,Aarav Sharma,Consumer,North
CUST-1721,Aarav Gupta,Consumer,West
CUST-8069,Aarav Patel,Consumer,West
CUST-4871,Aarav Patel,Home Office,South
CUST-8850,Aarav Sharma,Consumer,North
CUST-9100,Aditya Roy,Consumer,West
CUST-2874,Anaya Sharma,Corporate,North
CUST-7320,Arjun Sinha,Consumer,North
CUST-5567,Vivaan Verma,Consumer,North
CUST-7797,Meera Kumar,Corporate,North
CUST-9002,Isha Das,Corporate,East
CUST-5765,Aditya Sinha,Home Office,East
CUST-3341,Diya Sinha,Corporate,East
CUST-3672,Anaya Verma,Corporate,West
CUST-8409,Diya Patel,Consumer,East
CUST-1310,Kabir Jha,Corporate,South
CUST-3866,Anaya Sinha,Corporate,East
CUST-9469,Isha Das,Corporate,South
CUST-1165,Aarav Roy,Corporate,East
CUST-3462,Kabir Jha,Home Office,North
CUST-8566,Aditya Singh,Corporate,East
CUST-7524,Aarav Gupta,Corporate,West
CUST-2956,Arjun Jha,Corporate,East
CUST-6313,Aditya Roy,Corporate,South
CUST-3418,Anaya Sinha,Corporate,West
CUST-1422,Vivaan Gupta,Corporate,East
CUST-3053,Diya Kumar,Corporate,South
CUST-4962,Aditya Sinha,Home Office,East
CUST-1725,Isha Roy,Corporate,East
CUST-6634,Meera Gupta,Home Office,South
CUST-4246,Kabir Verma,Home Office,North
CUST-8905,Diya Singh,Consumer,East
CUST-6695,Vivaan Patel,Consumer,West
CUST-9378,Diya Roy,Home Office,West
CUST-6877,Vivaan Sinha,Consumer,North
CUST-5670,Isha Sharma,Home Office,North
CUST-3843,Riya Das,Consumer,North
CUST-7940,Aditya Verma,Corporate,South
CUST-9476,Arjun Patel,Corporate,South
CUST-1044,Aditya Gupta,Consumer,West
CUST-1931,Meera Gupta,Corporate,East
CUST-9579,Vivaan Kumar,Corporate,North
CUST-6929,Meera Sinha,Consumer,East
CUST-6308,Aditya Das,Home Office,North
CUST-9207,Anaya Das,Corporate,South
CUST-9497,Aarav Sharma,Home Office,West
CUST-7553,Isha Kumar,Corporate,West
CUST-8984,Vivaan Roy,Corporate,West
CUST-6856,Isha Patel,Home Office,North
CUST-6672,Vivaan Sinha,Corporate,South
CUST-4809,Arjun Gupta,Home Office,East
CUST-6197,Vivaan Das,Corporate,East
CUST-4981,Vivaan Sinha,Home Office,East
CUST-5535,Meera Sharma,Consumer,East
CUST-6060,Arjun Das,Home Office,East
CUST-3364,Anaya Sharma,Home Office,South
CUST-7911,Aarav Das,Home Office,South
CUST-7394,Arjun Singh,Corporate,South
CUST-5603,Meera Jha,Consumer,West
CUST-5042,Riya Sinha,Corporate,West
CUST-8493,Isha Singh,Corporate,West
CUST-4144,Anaya Verma,Corporate,South
CUST-2499,Arjun Das,Consumer,East
CUST-1298,Meera Verma,Home Office,North
CUST-3657,Aditya Roy,Home Office,North
CUST-4957,Isha Gupta,Corporate,South
CUST-2652,Kabir Das,Corporate,North
CUST-6599,Aarav Gupta,Home Office,East
CUST-1746,Meera Sinha,Consumer,South
CUST-1272,Aditya Verma,Home Office,East
CUST-7719,Riya Verma,Corporate,East
CUST-2192,Diya Sinha,Consumer,North
CUST-2211,Vivaan Verma,Home Office,South
CUST-5386,Isha Jha,Consumer,East
CUST-6275,Aditya Verma,Home Office,East
CUST-8837,Riya Kumar,Corporate,North
CUST-1441,Diya Gupta,Corporate,West
CUST-8933,Kabir Patel,Home Office,West
CUST-1404,Anaya Sharma,Consumer,West
CUST-3306,Anaya Kumar,Corporate,East
CUST-7748,Isha Roy,Home Office,East
CUST-6982,Anaya Singh,Consumer,West
CUST-9226,Riya Roy,Corporate,South
CUST-1556,Isha Gupta,Home Office,East
CUST-5321,Meera Roy,Home Office,East
CUST-5056,Vivaan Patel,Home Office,North
CUST-6649,Vivaan Patel,Consumer,North
CUST-8235,Meera Kumar,Consumer,West
CUST-8876,Meera Verma,Corporate,South
CUST-5683,Vivaan Patel,Consumer,North
CUST-2312,Aditya Verma,Home Office,North
CUST-2366,Riya Roy,Home Office,South
CUST-5180,Diya Jha,Consumer,West
CUST-6014,Vivaan Gupta,Corporate,West
CUST-5530,Diya Gupta,Home Office,East
CUST-3580,Diya Jha,Home Office,East
CUST-8080,Vivaan Patel,Home Office,South
CUST-2677,Vivaan Jha,Corporate,South
CUST-8036,Isha Singh,Home Office,North
CUST-1220,Aditya Gupta,Home Office,West
CUST-2871,Isha Gupta,Corporate,South
CUST-7191,Anaya Sinha,Corporate,North
CUST-1515,Isha Patel,Home Office,East
CUST-4332,Arjun Kumar,Consumer,West
CUST-1066,Meera Das,Consumer,East
CUST-8675,Isha Patel,Corporate,East
CUST-2174,Diya Singh,Home Office,West
CUST-8297,Meera Sinha,Consumer,West
CUST-9516,Aditya Roy,Consumer,South
CUST-5312,Anaya Singh,Corporate,South
CUST-2167,Riya Jha,Home Office,South
CUST-2030,Diya Kumar,Corporate,West
CUST-8037,Vivaan Singh,Corporate,North
CUST-8389,Isha Singh,Corporate,South
CUST-2335,Riya Verma,Consumer,North
CUST-5267,Anaya Patel,Consumer,South
CUST-1382,Aarav Singh,Consumer,South
CUST-2391,Aarav Jha,Corporate,South
CUST-7414,Vivaan Verma,Consumer,East
CUST-9543,Arjun Sharma,Corporate,North
CUST-5435,Kabir Das,Corporate,South
CUST-9633,Anaya Kumar,Corporate,South
CUST-2551,Aditya Patel,Consumer,South
CUST-8893,Riya Kumar,Home Office,East
CUST-1512,Isha Verma,Home Office,West
CUST-3741,Aarav Das,Consumer,East
CUST-3809,Vivaan Sinha,Corporate,East
CUST-8465,Aditya Jha,Corporate,North
CUST-4440,Isha Gupta,Corporate,East
CUST-3173,Aditya Patel,Consumer,East
CUST-5493,Anaya Patel,Consumer,North
CUST-8970,Vivaan Sharma,Corporate,East
CUST-9683,Riya Jha,Corporate,East
CUST-1534,Anaya Das,Home Office,East
CUST-5703,Aditya Kumar,Consumer,South
CUST-9320,Riya Das,Home Office,North
CUST-4918,Diya Sharma,Corporate,West
CUST-8776,Anaya Roy,Consumer,North
CUST-3728,Anaya Gupta,Consumer,South
CUST-2203,Riya Gupta,Home Office,North
CUST-5078,Diya Singh,Consumer,North
CUST-4565,Vivaan Sinha,Consumer,East
CUST-1992,Diya Patel,Home Office,West
CUST-5704,Aarav Jha,Consumer,West
CUST-5212,Vivaan Jha,Corporate,East
CUST-3321,Diya Verma,Home Office,South
CUST-8162,Arjun Jha,Consumer,West
CUST-5626,Diya Verma,Consumer,West
CUST-1786,Aarav Sharma,Corporate,North
CUST-6427,Arjun Das,Corporate,West
CUST-3713,Diya Gupta,Corporate,North
CUST-3506,Vivaan Sharma,Consumer,South
CUST-8067,Arjun Jha,Consumer,North
CUST-7273,Arjun Verma,Consumer,South
CUST-3721,Riya Verma,Home Office,East
CUST-5575,Aditya Roy,Home Office,South
CUST-2410,Diya Das,Corporate,South
CUST-2172,Meera Roy,Consumer,South
CUST-1363,Anaya Kumar,Consumer,South
CUST-5611,Diya Kumar,Consumer,North
CUST-9521,Vivaan Roy,Consumer,East
CUST-2674,Kabir Verma,Corporate,East
CUST-9943,Riya Kumar,Home Office,West
CUST-6413,Riya Roy,Consumer,East
CUST-6682,Diya Jha,Consumer,East
CUST-9119,Meera Verma,Home Office,West
CUST-9216,Anaya Kumar,Home Office,South
CUST-7401,Vivaan Sharma,Home Office,East
CUST-3135,Isha Das,Home Office,South
CUST-5620,Isha Patel,Consumer,East
CUST-6839,Aarav Jha,Home Office,North
CUST-6378,Diya Jha,Consumer,West
CUST-6092,Anaya Sinha,Consumer,West
CUST-4044,Kabir Sinha,Consumer,North
CUST-6159,Aditya Verma,Consumer,North
CUST-6972,Aarav Gupta,Home Office,North
CUST-7964,Diya Patel,Home Office,West
CUST-3803,Riya Jha,Consumer,West
CUST-3637,Diya Roy,Corporate,South
CUST-7520,Riya Das,Consumer,East
CUST-9167,Arjun Patel,Consumer,West
CUST-5002,Meera Gupta,Corporate,North
CUST-4407,Arjun Das,Consumer,North
CUST-9098,Diya Roy,Corporate,North
CUST-1835,Anaya Gupta,Consumer,East
CUST-3607,Aditya Kumar,Corporate,West
CUST-8619,Arjun Singh,Corporate,West
CUST-1164,Kabir Sharma,Home Office,East
CUST-1452,Diya Sinha,Corporate,West
CUST-4149,Kabir Das,Consumer,South
CUST-8338,Aditya Verma,Consumer,South
CUST-6497,Diya Roy,Consumer,West
CUST-4443,Arjun Roy,Home Office,East
CUST-2407,Aarav Sharma,Home Office,West
CUST-1997,Anaya Verma,Home Office,North
CUST-9564,Aarav Gupta,Consumer,South
CUST-1314,Arjun Patel,Corporate,North
CUST-6585,Kabir Roy,Home Office,West
CUST-9971,Vivaan Sharma,Home Office,East
CUST-2070,Anaya Roy,Corporate,East
CUST-2502,Vivaan Gupta,Home Office,East
CUST-3594,Vivaan Das,Consumer,North
CUST-7378,Riya Gupta,Consumer,East
CUST-6470,Diya Das,Consumer,West
CUST-3064,Arjun Gupta,Consumer,South
CUST-4557,Diya Singh,Home Office,East
CUST-7658,Riya Roy,Home Office,West
CUST-4209,Anaya Jha,Home Office,West
CUST-4127,Meera Jha,Corporate,North
CUST-1354,Aarav Patel,Consumer,South
CUST-3486,Aditya Singh,Home Office,East
CUST-9684,Isha Sinha,Consumer,West
CUST-9714,Anaya Das,Corporate,South
CUST-6185,Riya Patel,Corporate,East
CUST-6676,Riya Gupta,Corporate,South
CUST-4932,Isha Das,Home Office,North
CUST-8645,Aditya Sinha,Corporate,East
CUST-3707,Isha Sinha,Consumer,East
CUST-5566,Vivaan Das,Home Office,West
CUST-2017,Aditya Gupta,Corporate,West
CUST-6322,Aarav Das,Home Office,North
CUST-9638,Aditya Singh,Home Office,South
CUST-5305,Diya Das,Consumer,East
CUST-1501,Kabir Sharma,Consumer,West
CUST-4052,Diya Roy,Home Office,South
CUST-9450,Arjun Jha,Home Office,South
CUST-5453,Meera Jha,Home Office,East
CUST-3311,Diya Kumar,Home Office,North
CUST-8532,Riya Das,Home Office,North
CUST-5468,Aarav Patel,Consumer,South
CUST-8131,Isha Gupta,Consumer,West
CUST-3970,Aarav Gupta,Home Office,East
CUST-1564,Vivaan Sinha,Corporate,North
CUST-2235,Aarav Sharma,Corporate,South
CUST-7966,Isha Roy,Corporate,West
CUST-2507,Isha Sharma,Home Office,North
CUST-2603,Kabir Singh,Consumer,South
CUST-4787,Anaya Sharma,Home Office,South
CUST-9867,Aarav Jha,Home Office,West
CUST-2600,Kabir Singh,Corporate,North
CUST-8633,Vivaan Patel,Corporate,East
CUST-6875,Aarav Singh,Home Office,South
CUST-8396,Vivaan Verma,Consumer,South
CUST-4145,Aarav Das,Home Office,East
CUST-8281,Meera Roy,Home Office,North
CUST-1719,Aditya Singh,Corporate,West
CUST-7713,Meera Patel,Home Office,West
CUST-8265,Kabir Roy,Corporate,North
CUST-3251,Aditya Sinha,Home Office,East
CUST-2164,Anaya Singh,Corporate,North
CUST-6073,Kabir Sinha,Corporate,South
CUST-2790,Riya Roy,Corporate,West
CUST-7841,Aarav Sinha,Home Office,South
CUST-5920,Meera Singh,Consumer,West
CUST-9159,Diya Singh,Home Office,East
CUST-9558,Anaya Gupta,Consumer,West
CUST-4022,Aarav Gupta,Home Office,East
CUST-4737,Aarav Sharma,Consumer,North
CUST-6544,Isha Sinha,Corporate,South
CUST-5006,Aditya Roy,Corporate,North
CUST-3178,Diya Jha,Home Office,West
CUST-6579,Kabir Singh,Consumer,North
CUST-6643,Meera Kumar,Consumer,West
CUST-1028,Aditya Roy,Home Office,North
CUST-1754,Vivaan Jha,Corporate,North
CUST-5474,Riya Gupta,Corporate,North
CUST-1075,Anaya Kumar,Consumer,West
CUST-6057,Isha Sharma,Home Office,South
CUST-5071,Meera Singh,Corporate,West
CUST-8422,Riya Verma,Home Office,South
CUST-1818,Kabir Singh,Corporate,North
CUST-5792,Riya Singh,Corporate,West
CUST-1211,Vivaan Verma,Consumer,North
CUST-5975,Meera Jha,Consumer,North
CUST-8492,Riya Patel,Home Office,South
CUST-9719,Aditya Sinha,Consumer,North
CUST-3233,Arjun Singh,Home Office,West
CUST-8875,Diya Sinha,Home Office,East
CUST-7952,Riya Jha,Corporate,North
CUST-7085,Anaya Sharma,Consumer,West
CUST-4253,Anaya Sinha,Corporate,North
CUST-4513,Isha Roy,Corporate,South
CUST-4870,Aarav Gupta,Corporate,North
CUST-5636,Vivaan Sinha,Home Office,West
CUST-5938,Isha Kumar,Corporate,East
CUST-2737,Aditya Patel,Home Office,East
CUST-9266,Anaya Patel,Consumer,South
CUST-8647,Vivaan Gupta,Home Office,South
CUST-8111,Aditya Sharma,Home Office,East
CUST-6356,Vivaan Kumar,Home Office,West
CUST-6072,Riya Singh,Consumer,North
CUST-4285,Riya Jha,Consumer,North
CUST-8637,Diya Singh,Consumer,East
CUST-9809,Riya Das,Corporate,North
CUST-5782,Diya Patel,Home Office,South
CUST-5581,Arjun Sinha,Home Office,East
CUST-7035,Aditya Jha,Home Office,West
CUST-3568,Aditya Kumar,Home Office,South
CUST-3166,Isha Sinha,Home Office,East
CUST-6917,Riya Singh,Corporate,East
CUST-1378,Vivaan Patel,Corporate,North
CUST-2888,Riya Jha,Consumer,East
CUST-2777,Meera Singh,Home Office,North
CUST-9998,Aditya Sharma,Consumer,East
CUST-2918,Aarav Sharma,Home Office,South
CUST-6324,Kabir Sinha,Consumer,West
CUST-7382,Isha Sinha,Corporate,East
CUST-2469,Riya Verma,Home Office,West
CUST-8420,Isha Singh,Corporate,East
CUST-5335,Diya Jha,Consumer,East
CUST-8002,Meera Gupta,Home Office,East
CUST-4370,Meera Singh,Home Office,North
CUST-4190,Vivaan Roy,Home Office,South
CUST-6501,Isha Gupta,Home Office,West
CUST-6264,Aditya Jha,Consumer,East
CUST-5598,Aarav Patel,Home Office,East
CUST-7777,Arjun Singh,Corporate,West
CUST-4770,Riya Roy,Home Office,North
CUST-2963,Vivaan Kumar,Home Office,East
CUST-9101,Arjun Kumar,Corporate,North
CUST-4985,Aarav Verma,Corporate,North
CUST-1356,Aarav Jha,Home Office,East
CUST-5357,Isha Kumar,Consumer,East
CUST-1877,Anaya Sharma,Home Office,North
CUST-3374,Aarav Gupta,Corporate,North
CUST-2558,Aditya Sinha,Consumer,South
CUST-8756,Kabir Sharma,Corporate,North
CUST-4581,Isha Roy,Home Office,South
CUST-4777,Aditya Verma,Home Office,South
CUST-2075,Aditya Kumar,Home Office,East
CUST-5916,Aarav Roy,Corporate,East
CUST-1716,Riya Das,Consumer,South
CUST-9340,Isha Verma,Home Office,South
CUST-3855,Aarav Das,Corporate,South
CUST-5987,Riya Verma,Home Office,North
CUST-9625,Riya Patel,Home Office,West
CUST-4264,Arjun Sinha,Home Office,West
CUST-6920,Vivaan Patel,Consumer,East
CUST-6257,Riya Patel,Consumer,West
CUST-7227,Vivaan Sinha,Consumer,East
CUST-4969,Kabir Verma,Corporate,East
CUST-2309,Aarav Jha,Corporate,East
CUST-3711,Riya Sinha,Consumer,East
CUST-8332,Aarav Sinha,Corporate,South
CUST-5811,Diya Sinha,Home Office,North
CUST-9934,Anaya Verma,Corporate,West
CUST-7499,Isha Verma,Home Office,North
CUST-3261,Isha Sharma,Consumer,South
CUST-2667,Kabir Verma,Corporate,West
CUST-2490,Meera Singh,Corporate,West
CUST-1440,Kabir Patel,Consumer,North
CUST-4262,Meera Sharma,Consumer,South
CUST-5109,Arjun Verma,Consumer,North
CUST-4541,Aditya Jha,Home Office,North
CUST-4878,Kabir Sharma,Home Office,West
CUST-9111,Aarav Kumar,Home Office,West
CUST-4391,Aarav Patel,Consumer,North
CUST-4091,Meera Kumar,Consumer,North
CUST-4531,Diya Kumar,Consumer,North
CUST-1583,Vivaan Das,Consumer,North
CUST-7772,Arjun Verma,Home Office,North
CUST-7902,Arjun Roy,Consumer,East
CUST-2861,Meera Jha,Corporate,West
CUST-1680,Arjun Gupta,Corporate,East
CUST-3846,Kabir Roy,Corporate,West
CUST-4227,Kabir Patel,Home Office,North
CUST-4621,Aarav Singh,Corporate,East
CUST-4175,Diya Sinha,Corporate,East
CUST-3338,Kabir Verma,Consumer,West
CUST-9627,Arjun Verma,Home Office,East
CUST-9297,Anaya Sinha,Corporate,South
CUST-8737,Meera Sharma,Corporate,West
CUST-4374,Vivaan Sharma,Consumer,North
CUST-6108,Aarav Sharma,Consumer,North
CUST-5701,Aarav Gupta,Home Office,North
CUST-2610,Meera Verma,Home Office,East
CUST-6985,Meera Gupta,Corporate,West
CUST-6902,Aarav Roy,Consumer,East
CUST-5144,Anaya Sharma,Corporate,North
CUST-5366,Aditya Das,Corporate,East
CUST-3689,Anaya Gupta,Home Office,South
CUST-2645,Arjun Sharma,Home Office,South
CUST-8819,Vivaan Das,Corporate,North
CUST-2725,Meera Singh,Home Office,North
CUST-9808,Aditya Singh,Home Office,East
CUST-2721,Meera Sinha,Home Office,West
CUST-2306,Diya Singh,Home Office,West
CUST-2344,Arjun Sharma,Corporate,North
CUST-2403,Aditya Jha,Corporate,South
CUST-8195,Aarav Sharma,Home Office,North
CUST-6872,Riya Jha,Home Office,West
CUST-4129,Meera Sinha,Corporate,South
CUST-4534,Kabir Verma,Consumer,East
CUST-1446,Isha Roy,Home Office,South
CUST-3922,Vivaan Gupta,Consumer,South
CUST-1364,Meera Gupta,Consumer,North
CUST-4960,Aditya Jha,Corporate,North
CUST-1117,Vivaan Singh,Corporate,East
CUST-6329,Anaya Singh,Consumer,South
CUST-6372,Aditya Singh,Home Office,North
CUST-6392,Arjun Verma,Consumer,West
CUST-9903,Aditya Patel,Consumer,North
CUST-8986,Isha Roy,Corporate,North
CUST-5893,Kabir Gupta,Consumer,East
CUST-8727,Isha Roy,Consumer,East
CUST-4118,Meera Sinha,Corporate,East
CUST-4081,Meera Patel,Home Office,South
CUST-6830,Arjun Kumar,Home Office,South
CUST-3670,Diya Das,Home Office,South
CUST-3985,Diya Kumar,Consumer,South
CUST-9652,Aarav Das,Corporate,North
CUST-7411,Kabir Jha,Home Office,East
CUST-3460,Vivaan Kumar,Consumer,West
CUST-3963,Vivaan Singh,Corporate,South
CUST-5943,Anaya Verma,Home Office,West
CUST-1712,Riya Sharma,Corporate,East
CUST-4614,Meera Singh,Corporate,East
CUST-5568,Arjun Verma,Corporate,South
CUST-8573,Kabir Singh,Home Office,East
CUST-4811,Aditya Sinha,Home Office,East
CUST-9080,Isha Roy,Consumer,South
CUST-1071,Diya Patel,Consumer,North
CUST-7709,Isha Roy,Corporate,North
CUST-8690,Aarav Gupta,Consumer,North
CUST-6968,Diya Roy,Corporate,West
CUST-8226,Arjun Singh,Home Office,West
CUST-7327,Anaya Kumar,Home Office,South
CUST-8972,Aditya Patel,Home Office,West
CUST-3464,Riya Singh,Consumer,South
CUST-6241,Aditya Roy,Consumer,East
CUST-4218,Aarav Roy,Corporate,South
CUST-5150,Aditya Roy,Corporate,West
CUST-1864,Arjun Sinha,Consumer,South
CUST-5562,Anaya Sharma,Corporate,West
CUST-9661,Anaya Kumar,Corporate,West
CUST-2184,Aarav Jha,Corporate,East
CUST-1798,Arjun Sinha,Consumer,East
CUST-4695,Kabir Singh,Consumer,North
CUST-3515,Isha Sinha,Corporate,East
CUST-7633,Riya Sharma,Consumer,South
CUST-6591,Aditya Das,Corporate,North
CUST-5261,Riya Kumar,Consumer,West
CUST-3627,Arjun Sharma,Corporate,East
CUST-9399,Vivaan Sharma,Corporate,West
CUST-6664,Vivaan Patel,Corporate,East
CUST-2854,Meera Roy,Corporate,North
CUST-7839,Kabir Patel,Home Office,North
CUST-6041,Anaya Verma,Corporate,West
CUST-6873,Anaya Roy,Corporate,North
CUST-4683,Aarav Patel,Home Office,West
CUST-2728,Aarav Verma,Consumer,South
CUST-7212,Aarav Patel,Home Office,East
CUST-4148,Isha Kumar,Home Office,South
CUST-4202,Aditya Gupta,Corporate,South
CUST-3544,Riya Jha,Home Office,North
CUST-7112,Meera Singh,Consumer,East
CUST-8770,Anaya Jha,Consumer,West
CUST-4080,Kabir Gupta,Home Office,East
CUST-7081,Aditya Kumar,Consumer,South
CUST-3634,Aarav Gupta,Home Office,East
CUST-3383,Riya Das,Home Office,West
CUST-2079,Diya Jha,Corporate,South
CUST-1419,Meera Patel,Consumer,West
CUST-6137,Riya Kumar,Corporate,East
CUST-3758,Aarav Kumar,Consumer,North
CUST-1832,Kabir Sinha,Corporate,North
CUST-1577,Riya Jha,Home Office,West
CUST-6205,Kabir Sharma,Home Office,South
CUST-7939,Riya Roy,Consumer,West
CUST-3793,Kabir Das,Corporate,West
CUST-5080,Aditya Kumar,Home Office,North
CUST-3015,Vivaan Sharma,Consumer,North
CUST-5412,Meera Verma,Consumer,South
CUST-8342,Aarav Singh,Home Office,South
CUST-6644,Aditya Kumar,Home Office,East
CUST-4037,Diya Patel,Home Office,South
CUST-1889,Diya Jha,Corporate,West
CUST-8624,Anaya Kumar,Home Office,West
CUST-3415,Arjun Roy,Corporate,South
CUST-5578,Riya Singh,Corporate,West
CUST-9051,Riya Singh,Home Office,North
CUST-9498,Aditya Gupta,Consumer,South
CUST-7747,Isha Roy,Consumer,South
CUST-7572,Arjun Roy,Corporate,South
CUST-2690,Kabir Jha,Consumer,East
CUST-1672,Anaya Singh,Home Office,North
CUST-5008,Aarav Sharma,Home Office,North
CUST-2793,Arjun Singh,Consumer,West
CUST-5190,Anaya Sinha,Consumer,West
CUST-8942,Aarav Patel,Corporate,South
CUST-7554,Isha Verma,Corporate,West
CUST-5760,Vivaan Sinha,Home Office,West
CUST-8255,Vivaan Patel,Consumer,East
CUST-7686,Riya Sinha,Corporate,South
CUST-5403,Aditya Kumar,Home Office,South
CUST-9664,Kabir Singh,Corporate,East
CUST-1761,Vivaan Sinha,Corporate,West
CUST-4659,Riya Patel,Home Office,East
CUST-6957,Isha Verma,Home Office,East
CUST-3810,Kabir Das,Consumer,South
CUST-4146,Vivaan Sharma,Home Office,North
CUST-6897,Diya Patel,Consumer,East
CUST-6938,Aarav Gupta,Consumer,West
CUST-2285,Diya Jha,Consumer,South
CUST-1331,Meera Jha,Home Office,South
CUST-3865,Diya Roy,Corporate,North
CUST-9594,Riya Patel,Consumer,East
CUST-2437,Diya Patel,Home Office,East
CUST-9533,Kabir Verma,Home Office,East
CUST-3354,Diya Roy,Corporate,North
CUST-7065,Arjun Jha,Home Office,West
CUST-3218,Kabir Singh,Corporate,East
CUST-1442,Aarav Verma,Corporate,North
CUST-2031,Aarav Singh,Consumer,East
CUST-2291,Aarav Jha,Corporate,East
CUST-5997,Aditya Sharma,Corporate,South
CUST-6153,Anaya Sinha,Corporate,East
CUST-3329,Aditya Sinha,Home Office,South
CUST-1270,Aarav Sinha,Corporate,South
CUST-6565,Arjun Roy,Corporate,East
CUST-6828,Aditya Das,Consumer,East
CUST-2151,Kabir Jha,Home Office,South
CUST-3507,Arjun Das,Consumer,East
CUST-8011,Diya Singh,Home Office,West
CUST-8910,Riya Kumar,Corporate,West
CUST-2555,Vivaan Verma,Corporate,North
CUST-9065,Vivaan Patel,Consumer,South
CUST-1661,Riya Singh,Home Office,West
CUST-4897,Vivaan Singh,Consumer,West
CUST-3867,Anaya Patel,Home Office,West
CUST-5759,Kabir Verma,Corporate,West
CUST-5796,Arjun Jha,Home Office,West
CUST-3511,Anaya Sinha,Consumer,North
CUST-2421,Arjun Patel,Corporate,East
CUST-2477,Meera Patel,Home Office,North
CUST-6032,Aarav Gupta,Consumer,West
CUST-2265,Vivaan Sinha,Corporate,South
CUST-6974,Aarav Roy,Corporate,South
CUST-9471,Aditya Singh,Corporate,East
CUST-9495,Kabir Das,Consumer,North
CUST-2414,Kabir Das,Home Office,North
CUST-1726,Diya Verma,Corporate,South
CUST-1607,Diya Roy,Home Office,East
CUST-4838,Riya Das,Home Office,South
CUST-6594,Arjun Das,Corporate,West
CUST-7319,Aarav Kumar,Consumer,South
CUST-4598,Meera Sinha,Corporate,West
CUST-6813,Anaya Das,Consumer,South
CUST-3347,Vivaan Verma,Consumer,West
CUST-4046,Riya Patel,Home Office,East
CUST-7487,Kabir Sharma,Home Office,North
CUST-5341,Riya Sharma,Consumer,North
CUST-2193,Anaya Das,Home Office,East
CUST-1573,Anaya Das,Consumer,East
CUST-3196,Isha Patel,Consumer,West
CUST-8971,Riya Verma,Home Office,West
CUST-3429,Aarav Das,Home Office,North
CUST-1092,Meera Das,Corporate,East
CUST-7057,Arjun Das,Consumer,East
CUST-9705,Aditya Kumar,Corporate,West
CUST-8496,Arjun Sharma,Consumer,South
CUST-1722,Aditya Roy,Home Office,North
CUST-6493,Aarav Singh,Corporate,East
CUST-1319,Riya Patel,Home Office,South
CUST-9125,Isha Roy,Home Office,East
CUST-9411,Meera Singh,Corporate,East
CUST-2417,Diya Jha,Corporate,South
CUST-2734,Aarav Sinha,Corporate,West
CUST-2816,Arjun Verma,Home Office,East
CUST-1948,Arjun Singh,Corporate,East
CUST-2563,Diya Sinha,Corporate,East
CUST-6604,Anaya Verma,Consumer,West
CUST-8701,Riya Gupta,Home Office,East
CUST-2179,Diya Roy,Consumer,West
CUST-3280,Diya Roy,Consumer,East
CUST-7877,Isha Das,Corporate,North
CUST-4527,Arjun Jha,Consumer,South
CUST-1802,Anaya Kumar,Consumer,North
CUST-6633,Kabir Roy,Corporate,North
CUST-3456,Riya Gupta,Consumer,East
CUST-5799,Anaya Roy,Corporate,East
CUST-2245,Arjun Verma,Corporate,South
CUST-5062,Kabir Singh,Consumer,North
CUST-8635,Vivaan Sharma,Consumer,East
CUST-5717,Isha Jha,Consumer,South
CUST-5687,Anaya Sharma,Consumer,North
CUST-7679,Riya Roy,Corporate,North
CUST-6600,Kabir Singh,Home Office,South
CUST-1372,Isha Das,Corporate,East
CUST-1530,Diya Kumar,Consumer,South
CUST-8432,Isha Jha,Home Office,East
CUST-5889,Isha Roy,Consumer,South
CUST-7998,Vivaan Singh,Home Office,South
CUST-6434,Diya Sharma,Consumer,West
CUST-9933,Riya Patel,Corporate,West
CUST-1883,Meera Patel,Home Office,South
CUST-6715,Vivaan Singh,Home Office,East
CUST-5861,Aarav Patel,Corporate,West
CUST-3072,Meera Roy,Home Office,South
CUST-2931,Arjun Gupta,Consumer,East
CUST-9711,Isha Sharma,Home Office,East
CUST-8145,Anaya Roy,Corporate,West
CUST-3160,Kabir Patel,Corporate,East
CUST-9093,Arjun Sharma,Corporate,West
CUST-7344,Meera Jha,Home Office,South
CUST-8540,Aarav Singh,Corporate,South
CUST-7862,Vivaan Roy,Corporate,East
CUST-9055,Aarav Patel,Home Office,North
CUST-1056,Vivaan Verma,Consumer,East
CUST-6651,Diya Kumar,Home Office,West
CUST-1789,Vivaan Kumar,Home Office,West
CUST-2161,Anaya Kumar,Home Office,South
CUST-8741,Anaya Singh,Home Office,East
CUST-4909,Vivaan Roy,Consumer,North
CUST-6546,Riya Singh,Consumer,South
CUST-3655,Vivaan Singh,Home Office,West
CUST-2723,Meera Gupta,Home Office,North
CUST-4339,Anaya Singh,Home Office,West
CUST-8470,Vivaan Sharma,Consumer,North
CUST-1759,Anaya Verma,Home Office,North
CUST-6273,Anaya Kumar,Home Office,North
CUST-1532,Isha Roy,Home Office,East
CUST-8081,Vivaan Sinha,Home Office,West
CUST-6936,Kabir Kumar,Corporate,East
CUST-6161,Aarav Jha,Home Office,East
CUST-3276,Arjun Singh,Home Office,West
CUST-1872,Riya Sinha,Corporate,North
CUST-7655,Arjun Verma,Corporate,North
CUST-7579,Aditya Sharma,Corporate,East
CUST-3548,Vivaan Singh,Home Office,South
CUST-9736,Isha Verma,Home Office,South
CUST-9600,Diya Singh,Home Office,South
CUST-5883,Kabir Kumar,Consumer,East
CUST-6229,Kabir Das,Corporate,South
CUST-7574,Aditya Sinha,Corporate,South
CUST-2945,Isha Das,Home Office,West
CUST-4319,Aarav Verma,Corporate,East
CUST-2487,Riya Patel,Home Office,South
CUST-5675,Kabir Roy,Consumer,North
CUST-6127,Arjun Kumar,Corporate,West
CUST-5210,Anaya Kumar,Consumer,North
CUST-1184,Kabir Das,Home Office,South
CUST-1143,Aditya Sinha,Consumer,South
CUST-6781,Isha Sinha,Home Office,West
CUST-3567,Diya Singh,Corporate,West
CUST-8878,Diya Gupta,Corporate,South
CUST-9804,Anaya Patel,Consumer,West
CUST-9367,Aditya Sinha,Consumer,West
CUST-2149,Aarav Das,Consumer,North
CUST-4049,Anaya Singh,Consumer,West
CUST-7412,Meera Das,Consumer,North
CUST-1815,Riya Kumar,Corporate,West
CUST-7324,Arjun Patel,Consumer,South
CUST-8433,Meera Das,Corporate,East
CUST-6443,Diya Verma,Corporate,North
CUST-4605,Kabir Jha,Home Office,East
CUST-2088,Meera Kumar,Home Office,West
CUST-4414,Aarav Gupta,Home Office,North
CUST-4291,Kabir Sharma,Home Office,West
CUST-7895,Aarav Das,Home Office,North
CUST-5862,Vivaan Sharma,Home Office,North
CUST-3675,Diya Gupta,Consumer,West
CUST-1824,Meera Kumar,Corporate,North
CUST-5682,Meera Patel,Home Office,West
CUST-4325,Vivaan Das,Consumer,South
CUST-7618,Vivaan Kumar,Corporate,North
CUST-8508,Diya Verma,Consumer,South
CUST-2497,Arjun Jha,Home Office,West
CUST-2295,Riya Roy,Home Office,West
CUST-4205,Aditya Patel,Corporate,West
CUST-3837,Isha Jha,Corporate,South
CUST-7804,Diya Jha,Consumer,East
CUST-4132,Meera Das,Home Office,South
CUST-5887,Anaya Das,Consumer,West
CUST-4759,Riya Sharma,Corporate,East
CUST-9649,Aditya Das,Consumer,South
CUST-7439,Diya Kumar,Consumer,West
CUST-5316,Kabir Das,Home Office,West
CUST-5841,Kabir Gupta,Home Office,North
CUST-7101,Aarav Sinha,Home Office,North
CUST-1594,Diya Roy,Corporate,South
CUST-4678,Anaya Sharma,Corporate,West
CUST-1973,Aditya Sharma,Home Office,North
CUST-5098,Aditya Jha,Corporate,East
CUST-8543,Riya Sharma,Home Office,North
CUST-3663,Diya Kumar,Consumer,North
CUST-1329,Vivaan Das,Corporate,East
CUST-2803,Aditya Das,Consumer,East
CUST-6361,Arjun Kumar,Consumer,West
CUST-4343,Meera Patel,Consumer,West
CUST-7571,Meera Sinha,Corporate,North
CUST-7792,Arjun Kumar,Corporate,South
CUST-6965,Meera Jha,Home Office,South
CUST-4212,Arjun Kumar,Consumer,West
CUST-5052,Riya Singh,Home Office,West
CUST-6175,Anaya Sharma,Consumer,West
CUST-7229,Aditya Sinha,Corporate,North
CUST-6759,Anaya Singh,Corporate,North
CUST-4071,Meera Roy,Corporate,East
CUST-5492,Isha Sinha,Consumer,East
CUST-7875,Diya Sharma,Corporate,North
CUST-7834,Diya Verma,Corporate,South
CUST-3331,Vivaan Verma,Home Office,North
CUST-7605,Aditya Das,Corporate,North
CUST-5090,Vivaan Das,Consumer,East
CUST-5718,Aarav Patel,Corporate,North
CUST-6590,Diya Patel,Home Office,North
CUST-6399,Arjun Jha,Home Office,South
CUST-2134,Diya Singh,Home Office,South
CUST-2942,Kabir Patel,Corporate,West
CUST-4611,Kabir Kumar,Corporate,West
CUST-3062,Anaya Patel,Corporate,East
CUST-5035,Isha Verma,Consumer,North
CUST-6613,Anaya Patel,Corporate,South
CUST-9120,Vivaan Patel,Home Office,North
CUST-3682,Aditya Patel,Corporate,North
CUST-6386,Isha Roy,Corporate,West
CUST-4515,Isha Gupta,Consumer,North
CUST-7752,Arjun Jha,Corporate,West
CUST-2764,Arjun Jha,Corporate,South
CUST-4835,Anaya Das,Home Office,South
CUST-4042,Anaya Singh,Consumer,South
CUST-5835,Vivaan Gupta,Corporate,South
CUST-5237,Riya Roy,Home Office,North
CUST-1287,Meera Verma,Home Office,West
CUST-4980,Anaya Patel,Corporate,West
CUST-1557,Aarav Singh,Home Office,North
CUST-9645,Kabir Jha,Corporate,East
CUST-9035,Meera Verma,Corporate,North
CUST-1985,Riya Jha,Corporate,West
CUST-2331,Arjun Das,Home Office,South
CUST-8957,Isha Sharma,Home Office,North
CUST-7088,Meera Roy,Home Office,North
CUST-4751,Vivaan Singh,Corporate,East
CUST-3094,Arjun Patel,Corporate,East
CUST-6674,Arjun Das,Corporate,West
CUST-2395,Aditya Sinha,Consumer,West
CUST-2459,Anaya Sharma,Corporate,East
CUST-7266,Aditya Roy,Consumer,South
CUST-9619,Diya Verma,Consumer,West
CUST-1895,Vivaan Kumar,Consumer,West
CUST-4307,Kabir Patel,Corporate,East
CUST-2351,Kabir Roy,Home Office,East
CUST-2022,Riya Kumar,Home Office,West
CUST-9983,Aditya Roy,Corporate,North
CUST-7176,Anaya Roy,Corporate,East
CUST-7489,Aarav Patel,Home Office,East
CUST-1568,Diya Verma,Home Office,East
CUST-9259,Aarav Gupta,Consumer,East
CUST-3841,Isha Roy,Home Office,South
CUST-1005,Meera Singh,Consumer,South
CUST-6922,Diya Roy,Consumer,North
CUST-1791,Isha Jha,Consumer,East
CUST-4793,Anaya Roy,Consumer,South
CUST-3291,Arjun Jha,Consumer,East
CUST-8526,Riya Singh,Consumer,North
CUST-7211,Arjun Patel,Consumer,South
CUST-5899,Anaya Sinha,Consumer,East
CUST-1565,Aditya Gupta,Home Office,East
CUST-3479,Arjun Patel,Home Office,North
CUST-4959,Diya Jha,Home Office,North
CUST-4727,Kabir Singh,Corporate,West
CUST-9637,Aarav Verma,Consumer,North
CUST-2590,Kabir Jha,Corporate,South
CUST-7693,Arjun Das,Home Office,East
CUST-6285,Arjun Sharma,Home Office,East
CUST-9530,Anaya Verma,Corporate,East
CUST-1800,Vivaan Verma,Consumer,East
CUST-3126,Riya Kumar,Corporate,West
CUST-2655,Riya Verma,Corporate,West
CUST-2976,Meera Roy,Consumer,West
CUST-7060,Diya Kumar,Home Office,East
CUST-8501,Riya Gupta,Corporate,East
CUST-9376,Isha Verma,Consumer,East
CUST-6327,Arjun Gupta,Corporate,West
CUST-3478,Kabir Das,Consumer,North
CUST-4392,Vivaan Sharma,Consumer,East
CUST-8857,Kabir Kumar,Corporate,West
CUST-5329,Isha Sinha,Home Office,West
CUST-4667,Anaya Jha,Corporate,East
CUST-2082,Anaya Jha,Home Office,South
CUST-3303,Riya Sinha,Corporate,West
CUST-6188,Aditya Gupta,Corporate,West
CUST-9421,Vivaan Kumar,Corporate,West
CUST-8000,Meera Singh,Home Office,North
CUST-3387,Aarav Sinha,Corporate,East
CUST-5297,Diya Verma,Consumer,South
CUST-2620,Aarav Jha,Corporate,North
CUST-1548,Meera Roy,Consumer,East
CUST-9802,Riya Verma,Corporate,West
CUST-3517,Diya Sinha,Corporate,East
CUST-9767,Kabir Jha,Corporate,North
CUST-6892,Aarav Roy,Consumer,East
CUST-8321,Riya Patel,Home Office,South
CUST-3562,Kabir Das,Home Office,North
CUST-1435,Isha Kumar,Corporate,West
CUST-7278,Vivaan Kumar,Home Office,East
CUST-7071,Aarav Sinha,Home Office,West
CUST-3105,Vivaan Sharma,Home Office,South
CUST-4013,Arjun Singh,Home Office,East
CUST-8528,Aarav Sinha,Consumer,South
CUST-6747,Arjun Roy,Consumer,East
CUST-4596,Isha Patel,Home Office,East
CUST-7373,Aditya Singh,Consumer,North
CUST-2281,Kabir Roy,Corporate,West
CUST-5784,Vivaan Singh,Consumer,East
CUST-5507,Meera Verma,Home Office,South
CUST-3977,Arjun Kumar,Corporate,North
CUST-4761,Riya Gupta,Home Office,East
CUST-8289,Isha Sinha,Consumer,South
CUST-3836,Diya Jha,Corporate,East
CUST-1782,Arjun Patel,Corporate,East
CUST-2110,Aditya Singh,Corporate,East
CUST-8414,Arjun Sinha,Home Office,West
CUST-7196,Vivaan Verma,Corporate,West
CUST-7866,Diya Roy,Corporate,East
CUST-8008,Vivaan Sharma,Corporate,South
CUST-1004,Vivaan Jha,Home Office,East
CUST-4825,Vivaan Patel,Corporate,North
CUST-5833,Arjun Kumar,Consumer,East
CUST-4767,Meera Gupta,Consumer,West
CUST-2896,Aditya Singh,Corporate,West
CUST-8575,Riya Gupta,Home Office,East
CUST-6489,Aarav Sinha,Corporate,East
CUST-2887,Kabir Jha,Home Office,South
CUST-2099,Diya Roy,Home Office,South
CUST-9339,Kabir Kumar,Consumer,North
CUST-9816,Kabir Gupta,Corporate,West
CUST-2811,Vivaan Singh,Consumer,East
CUST-7926,Aditya Sinha,Corporate,North
CUST-9462,Aarav Jha,Consumer,South
CUST-2653,Meera Singh,Corporate,South
CUST-6083,Riya Verma,Home Office,South
CUST-5381,Aarav Roy,Corporate,West
CUST-1527,Riya Das,Consumer,South
CUST-8222,Diya Jha,Home Office,East
CUST-6660,Aditya Singh,Consumer,West
CUST-6768,Aditya Roy,Consumer,West
CUST-5340,Aarav Jha,Consumer,West
CUST-7724,Aditya Jha,Home Office,West
CUST-4613,Anaya Sinha,Consumer,North
CUST-5029,Vivaan Kumar,Consumer,North
CUST-5145,Arjun Roy,Consumer,East
CUST-6311,Arjun Patel,Consumer,South
CUST-1868,Isha Sinha,Corporate,North
CUST-6200,Isha Kumar,Corporate,East
CUST-7037,Arjun Singh,Consumer,South
CUST-1233,Vivaan Verma,Consumer,West
CUST-6568,Kabir Sharma,Corporate,West
CUST-7192,Aditya Verma,Corporate,North
CUST-3612,Aarav Jha,Home Office,South
CUST-2995,Diya Roy,Home Office,South
CUST-9486,Isha Jha,Corporate,South
CUST-7042,Anaya Patel,Corporate,North
CUST-9499,Riya Kumar,Corporate,West
CUST-8803,Arjun Patel,Corporate,North
CUST-4475,Riya Das,Consumer,South
CUST-8411,Isha Verma,Consumer,East
CUST-4775,Meera Patel,Consumer,South
CUST-8599,Diya Verma,Consumer,South
CUST-8120,Anaya Roy,Corporate,South
CUST-2374,Arjun Singh,Corporate,South
CUST-9342,Meera Kumar,Consumer,West
CUST-4661,Riya Das,Home Office,West
CUST-5281,Riya Sharma,Corporate,East
CUST-8154,Arjun Singh,Corporate,South
CUST-5623,Vivaan Kumar,Consumer,West
CUST-5816,Diya Verma,Consumer,East
CUST-5849,Anaya Verma,Home Office,North
CUST-6458,Arjun Roy,Corporate,West
CUST-1566,Meera Das,Corporate,East
CUST-9490,Diya Singh,Home Office,North
CUST-6367,Aditya Gupta,Consumer,West
CUST-8693,Aditya Sinha,Home Office,East
CUST-1653,Arjun Jha,Corporate,East
CUST-6360,Riya Gupta,Home Office,East
CUST-7810,Meera Das,Corporate,North
CUST-2528,Riya Sinha,Consumer,South
CUST-3121,Anaya Gupta,Home Office,West
CUST-1078,Vivaan Verma,Consumer,South
CUST-5923,Diya Patel,Consumer,West
CUST-7064,Meera Sharma,Corporate,West
CUST-3087,Meera Kumar,Consumer,South
CUST-1377,Meera Patel,Consumer,North
CUST-6267,Anaya Das,Consumer,East
CUST-2932,Arjun Kumar,Consumer,West
CUST-6962,Meera Sharma,Home Office,West
CUST-4260,Aditya Verma,Corporate,West
CUST-5257,Anaya Verma,Corporate,East
CUST-9728,Isha Singh,Home Office,East
CUST-7193,Anaya Gupta,Home Office,South
CUST-7848,Vivaan Roy,Consumer,West
CUST-2074,Isha Gupta,Corporate,East
CUST-7441,Vivaan Singh,Home Office,North
CUST-4247,Meera Sharma,Consumer,East
CUST-6642,Diya Kumar,Corporate,East
CUST-5355,Riya Singh,Consumer,North
CUST-1254,Arjun Jha,Consumer,South
CUST-4183,Arjun Roy,Corporate,East
CUST-6785,Anaya Gupta,Home Office,North
CUST-2637,Meera Jha,Consumer,North
CUST-1366,Diya Verma,Home Office,South
CUST-1256,Meera Kumar,Consumer,North
CUST-2308,Vivaan Das,Consumer,North
CUST-6766,Meera Gupta,Home Office,East
CUST-6582,Aditya Patel,Consumer,South
CUST-8430,Diya Jha,Corporate,West
CUST-7731,Arjun Roy,Consumer,East
CUST-5965,Anaya Das,Consumer,West
CUST-6444,Arjun Sinha,Home Office,East
CUST-1500,Arjun Verma,Home Office,East
CUST-2327,Aditya Das,Home Office,West
CUST-7359,Aarav Das,Corporate,East
CUST-5971,Vivaan Roy,Consumer,East
CUST-8962,Isha Roy,Consumer,South
CUST-3954,Vivaan Roy,Home Office,West
CUST-8797,Arjun Gupta,Consumer,East
CUST-2505,Arjun Das,Corporate,North
CUST-4839,Anaya Sinha,Corporate,South
CUST-2920,Kabir Roy,Corporate,South
CUST-5980,Anaya Singh,Corporate,West
CUST-3926,Isha Kumar,Corporate,South
CUST-7496,Arjun Sinha,Home Office,West
CUST-5146,Aarav Kumar,Home Office,West
CUST-4966,Riya Singh,Consumer,West
CUST-6448,Isha Roy,Consumer,West
CUST-7098,Aarav Das,Corporate,West
CUST-6969,Kabir Singh,Home Office,North
CUST-6307,Vivaan Sharma,Consumer,East
CUST-5436,Diya Sharma,Corporate,East
CUST-6239,Isha Sinha,Consumer,South
CUST-7609,Aditya Verma,Consumer,East
CUST-8017,Diya Kumar,Home Office,East
CUST-4600,Meera Roy,Consumer,South
CUST-7337,Anaya Kumar,Consumer,West
CUST-1060,Arjun Roy,Corporate,West
CUST-1473,Aditya Sinha,Home Office,North
CUST-7436,Aarav Singh,Home Office,South
CUST-4577,Riya Sharma,Home Office,North
CUST-2663,Diya Jha,Home Office,North
CUST-4646,Aditya Verma,Consumer,North
CUST-9313,Diya Sharma,Consumer,South
CUST-9330,Arjun Roy,Corporate,East
CUST-5928,Anaya Das,Corporate,South
CUST-7582,Meera Sharma,Corporate,South
CUST-8177,Vivaan Kumar,Consumer,East
CUST-2130,Riya Jha,Corporate,North
CUST-4490,Arjun Verma,Consumer,West
CUST-1098,Aarav Sinha,Corporate,South
CUST-6338,Vivaan Singh,Corporate,North
CUST-8141,Vivaan Verma,Corporate,North
CUST-5221,Kabir Das,Consumer,North
CUST-2878,Isha Verma,Corporate,West
CUST-5270,Vivaan Roy,Consumer,South
CUST-2042,Meera Jha,Consumer,North
CUST-9734,Arjun Kumar,Corporate,West
CUST-9964,Aditya Das,Home Office,West
CUST-5960,Kabir Gupta,Corporate,East
CUST-9945,Vivaan Verma,Home Office,North
CUST-7155,Aditya Verma,Consumer,North
CUST-9849,Meera Das,Corporate,West
CUST-8894,Diya Jha,Home Office,North
CUST-8054,Isha Jha,Corporate,East
CUST-4368,Diya Sharma,Consumer,North
CUST-2643,Vivaan Verma,Consumer,North
CUST-4716,Isha Roy,Consumer,East
CUST-4194,Riya Jha,Consumer,South
CUST-2858,Isha Gupta,Consumer,West
CUST-1737,Riya Jha,Consumer,South
CUST-1426,Anaya Das,Corporate,South
CUST-3482,Diya Jha,Home Office,South
CUST-8028,Vivaan Das,Consumer,West
CUST-7755,Vivaan Gupta,Corporate,West
CUST-7351,Arjun Das,Home Office,North
CUST-2156,Riya Roy,Corporate,West
CUST-8902,Arjun Gupta,Home Office,North
CUST-1394,Kabir Patel,Consumer,North
CUST-7811,Arjun Sinha,Home Office,North
CUST-8167,Isha Singh,Consumer,West
CUST-7322,Kabir Patel,Corporate,North
CUST-2292,Isha Singh,Consumer,South
CUST-9239,Anaya Jha,Home Office,West
CUST-3056,Isha Singh,Corporate,West
CUST-2629,Isha Roy,Consumer,West
CUST-5552,Riya Sinha,Home Office,North
CUST-6064,Kabir Roy,Home Office,North
CUST-7089,Meera Jha,Corporate,North
CUST-7669,Aarav Das,Corporate,North
CUST-3039,Kabir Sharma,Home Office,East
CUST-4379,Vivaan Singh,Home Office,North
CUST-8868,Aarav Sinha,Corporate,East
CUST-2665,Aditya Roy,Consumer,West
CUST-8660,Riya Sharma,Corporate,South
CUST-8899,Diya Roy,Corporate,East
CUST-1569,Aditya Singh,Home Office,East
CUST-8210,Vivaan Singh,Consumer,South
CUST-1414,Diya Roy,Consumer,South
CUST-9123,Diya Kumar,Home Office,East
CUST-7002,Vivaan Jha,Corporate,West
CUST-9112,Aarav Sinha,Consumer,West
CUST-9814,Aarav Verma,Home Office,West
CUST-9583,Vivaan Jha,Consumer,West
CUST-6429,Vivaan Kumar,Corporate,South
CUST-4859,Anaya Verma,Consumer,East
CUST-5731,Vivaan Roy,Consumer,South
CUST-9066,Diya Patel,Consumer,South
CUST-3339,Anaya Das,Corporate,North
CUST-7800,Arjun Patel,Corporate,East
CUST-6270,Aditya Roy,Home Office,West
CUST-6691,Diya Sharma,Consumer,South
CUST-9350,Vivaan Sharma,Home Office,East
CUST-3391,Arjun Jha,Home Office,North
CUST-2120,Aarav Sinha,Consumer,West
CUST-1497,Arjun Jha,Consumer,North
CUST-8454,Vivaan Jha,Corporate,East
CUST-7387,Vivaan Sharma,Home Office,East
CUST-7345,Isha Patel,Corporate,West
CUST-3666,Riya Roy,Consumer,West
CUST-9235,Arjun Singh,Corporate,South
CUST-2691,Vivaan Roy,Corporate,East
CUST-3968,Riya Patel,Corporate,North
CUST-3155,Aarav Gupta,Corporate,West
CUST-6412,Vivaan Verma,Corporate,East
CUST-4480,Riya Gupta,Consumer,East
CUST-3293,Aditya Sharma,Corporate,East
CUST-3184,Anaya Kumar,Home Office,South
CUST-4544,Diya Jha,Corporate,East
CUST-7125,Aditya Gupta,Corporate,North
CUST-3669,Arjun Kumar,Home Office,South
CUST-1128,Riya Gupta,Home Office,West
CUST-2294,Meera Kumar,Home Office,West
CUST-1949,Riya Sinha,Corporate,South
CUST-7959,Diya Verma,Corporate,East
CUST-7548,Aarav Jha,Home Office,West
CUST-1361,Aditya Jha,Home Office,North
CUST-3172,Aditya Kumar,Corporate,West
CUST-7976,Diya Singh,Consumer,South
CUST-9086,Aditya Gupta,Consumer,South
CUST-2681,Vivaan Jha,Home Office,East
CUST-2781,Arjun Roy,Home Office,East
CUST-3246,Arjun Kumar,Consumer,West
CUST-6231,Riya Jha,Corporate,South
CUST-1477,Anaya Singh,Home Office,East
CUST-9909,Riya Roy,Consumer,North
CUST-2794,Riya Patel,Home Office,South
CUST-7369,Aarav Singh,Home Office,North
CUST-6171,Riya Gupta,Home Office,East
CUST-2029,Vivaan Kumar,Corporate,South
CUST-6129,Diya Kumar,Corporate,West
CUST-6253,Kabir Kumar,Corporate,North
CUST-4484,Arjun Kumar,Home Office,East
CUST-6479,Kabir Gupta,Corporate,South
CUST-2238,Vivaan Roy,Home Office,North
CUST-7407,Aditya Singh,Consumer,East
CUST-3699,Vivaan Jha,Home Office,North
CUST-7013,Riya Das,Consumer,West
CUST-8548,Isha Sharma,Corporate,West
CUST-1112,Riya Verma,Home Office,South
CUST-1623,Kabir Verma,Consumer,South
CUST-9290,Vivaan Jha,Home Office,North
CUST-9668,Diya Jha,Consumer,South
CUST-1570,Kabir Verma,Corporate,North
CUST-9036,Vivaan Kumar,Consumer,North
CUST-4500,Anaya Sinha,Consumer,South
CUST-3753,Riya Das,Corporate,North
CUST-8307,Aditya Patel,Corporate,North
CUST-9219,Arjun Verma,Corporate,West
CUST-3778,Vivaan Das,Home Office,North
CUST-2671,Kabir Das,Corporate,South
CUST-3732,Aditya Kumar,Corporate,South
CUST-8825,Diya Sinha,Home Office,West
CUST-5113,Anaya Roy,Home Office,East
CUST-4405,Kabir Jha,Corporate,West
CUST-9396,Meera Gupta,Consumer,North
CUST-2607,Aditya Kumar,Consumer,West
CUST-8925,Aditya Patel,Corporate,East
CUST-8371,Riya Kumar,Home Office,South
CUST-7303,Vivaan Kumar,Home Office,West
CUST-1090,Arjun Das,Home Office,North
CUST-4647,Arjun Singh,Corporate,East
CUST-3623,Aditya Patel,Home Office,South
CUST-3154,Kabir Roy,Consumer,East
CUST-8347,Kabir Gupta,Consumer,North
CUST-5174,Riya Patel,Consumer,North
CUST-9088,Kabir Roy,Corporate,North
CUST-1659,Riya Sinha,Consumer,South
CUST-8975,Aditya Kumar,Corporate,East
CUST-1293,Aarav Jha,Consumer,West
CUST-9641,Aditya Patel,Corporate,North
CUST-1862,Isha Verma,Home Office,South
CUST-1471,Kabir Sinha,Corporate,West
CUST-3326,Anaya Sharma,Home Office,East
CUST-2430,Meera Das,Corporate,North
CUST-7678,Diya Jha,Home Office,East
CUST-7381,Diya Kumar,Corporate,South
CUST-5074,Kabir Sharma,Home Office,North
CUST-1942,Isha Verma,Home Office,West
CUST-2375,Diya Sharma,Consumer,South
CUST-2935,Meera Jha,Corporate,West
CUST-5298,Isha Kumar,Consumer,West
CUST-2449,Riya Verma,Home Office,West
CUST-4570,Riya Sharma,Home Office,North
CUST-4238,Aarav Gupta,Home Office,South
CUST-1295,Kabir Gupta,Consumer,West
CUST-4271,Arjun Singh,Home Office,West
CUST-9623,Anaya Sharma,Consumer,East
CUST-2688,Arjun Patel,Home Office,South
CUST-2486,Meera Sinha,Consumer,South
CUST-8055,Aditya Patel,Corporate,West
CUST-5509,Arjun Patel,Corporate,North
CUST-8285,Anaya Verma,Corporate,North
CUST-6999,Meera Singh,Consumer,North
CUST-2094,Kabir Sinha,Consumer,North
CUST-9404,Anaya Patel,Corporate,East
CUST-2732,Isha Sinha,Corporate,East
CUST-7154,Diya Jha,Corporate,East
CUST-8529,Riya Sharma,Home Office,West
CUST-7168,Arjun Kumar,Home Office,East
CUST-9924,Vivaan Das,Home Office,West
CUST-5865,Aditya Sharma,Consumer,East
CUST-1142,Vivaan Sinha,Corporate,North
CUST-6846,Meera Gupta,Home Office,North
CUST-3040,Vivaan Das,Home Office,South
CUST-9774,Isha Kumar,Corporate,North
CUST-5222,Isha Sharma,Corporate,North
CUST-8257,Isha Verma,Home Office,South
CUST-4434,Diya Singh,Home Office,East
CUST-5487,Aarav Singh,Consumer,West
CUST-8769,Meera Sinha,Home Office,North
CUST-7240,Riya Gupta,Consumer,West
CUST-9956,Riya Patel,Consumer,North
CUST-2185,Riya Das,Home Office,South
CUST-3248,Kabir Sinha,Corporate,South
CUST-7030,Arjun Roy,Home Office,South
CUST-6728,Aarav Gupta,Home Office,North
CUST-7790,Riya Sinha,Corporate,South
CUST-6480,Anaya Sharma,Consumer,East
CUST-2744,Arjun Verma,Home Office,East
CUST-5779,Riya Verma,Home Office,West
CUST-4563,Aditya Jha,Consumer,West
CUST-9009,Aditya Verma,Home Office,South
CUST-1027,Kabir Verma,Corporate,West
CUST-2633,Diya Roy,Home Office,South
CUST-2817,Kabir Patel,Home Office,East
CUST-8966,Aditya Patel,Home Office,South
CUST-3369,Aditya Sharma,Corporate,North
CUST-7891,Diya Patel,Corporate,West
CUST-2712,Diya Sinha,Home Office,East
CUST-1749,Isha Sharma,Consumer,South
CUST-2389,Aditya Patel,Home Office,East
CUST-6994,Riya Singh,Corporate,North
CUST-2186,Anaya Patel,Corporate,West
CUST-9104,Kabir Kumar,Corporate,North
CUST-7732,Aditya Gupta,Corporate,West
CUST-1242,Isha Verma,Consumer,South
CUST-1415,Diya Patel,Consumer,West
CUST-8466,Isha Sinha,Consumer,North
CUST-1599,Aarav Gupta,Corporate,West
CUST-2759,Aditya Sinha,Home Office,South
CUST-8951,Vivaan Jha,Consumer,North
CUST-4708,Arjun Das,Home Office,North
CUST-3498,Riya Gupta,Home Office,South
CUST-7161,Anaya Roy,Home Office,South
CUST-8290,Diya Singh,Consumer,West
CUST-9306,Aditya Das,Corporate,South
CUST-1697,Vivaan Singh,Home Office,West
CUST-3003,Anaya Gupta,Corporate,South
CUST-4651,Aarav Sharma,Home Office,North
CUST-7232,Anaya Patel,Home Office,North
CUST-1149,Aditya Sinha,Corporate,North
CUST-3108,Aditya Roy,Consumer,East
CUST-1483,Diya Roy,Home Office,North
CUST-9368,Kabir Sharma,Consumer,North
CUST-6011,Vivaan Roy,Home Office,East
CUST-3204,Kabir Roy,Corporate,South
CUST-8329,Vivaan Kumar,Corporate,South
CUST-8702,Aditya Das,Home Office,East
CUST-3235,Riya Jha,Corporate,South
CUST-8471,Anaya Kumar,Corporate,East
CUST-2159,Aditya Sharma,Corporate,North
CUST-3243,Vivaan Sharma,Consumer,North
CUST-6898,Riya Patel,Consumer,North
CUST-2876,Arjun Das,Corporate,North
CUST-5172,Kabir Patel,Corporate,North
CUST-3156,Meera Sinha,Home Office,North
CUST-6353,Diya Patel,Consumer,South
CUST-9128,Arjun Roy,Consumer,East
CUST-7545,Vivaan Roy,Consumer,East
CUST-6389,Diya Patel,Corporate,East
CUST-8946,Aditya Jha,Home Office,North
CUST-5536,Meera Sharma,Corporate,North
CUST-7028,Isha Singh,Consumer,North
CUST-7008,Isha Das,Consumer,North
CUST-5516,Anaya Sinha,Consumer,East
CUST-4062,Isha Das,Corporate,East
CUST-7882,Arjun Gupta,Consumer,West
CUST-5417,Vivaan Sinha,Corporate,North
CUST-8873,Arjun Verma,Consumer,East
CUST-3189,Anaya Gupta,Consumer,North
CUST-3109,Anaya Singh,Consumer,East
CUST-4295,Isha Sinha,Corporate,South
CUST-2085,Arjun Sharma,Consumer,North
CUST-4036,Diya Kumar,Home Office,North
CUST-3031,Diya Kumar,Home Office,West
CUST-6725,Vivaan Das,Corporate,East
CUST-7279,Anaya Roy,Home Office,South
CUST-1131,Isha Das,Corporate,North
CUST-4664,Isha Verma,Corporate,South
CUST-4728,Meera Roy,Consumer,South
CUST-5205,Arjun Gupta,Corporate,South
CUST-5807,Aditya Kumar,Corporate,West
CUST-9456,Arjun Gupta,Consumer,South
CUST-2144,Kabir Roy,Home Office,West
CUST-5723,Riya Singh,Corporate,East
CUST-3203,Arjun Patel,Consumer,North
CUST-3423,Diya Roy,Consumer,East
CUST-1972,Arjun Sinha,Corporate,North
CUST-7276,Vivaan Sharma,Corporate,East
CUST-2522,Vivaan Das,Corporate,South
CUST-7421,Kabir Sinha,Consumer,East
CUST-4913,Isha Sharma,Consumer,North
CUST-3886,Aditya Verma,Consumer,West
CUST-1925,Diya Kumar,Home Office,South
CUST-2578,Anaya Jha,Corporate,South
CUST-8750,Anaya Kumar,Corporate,East
CUST-9797,Riya Patel,Home Office,East
CUST-6714,Arjun Singh,Home Office,North
CUST-7340,Kabir Sinha,Consumer,North
CUST-9727,Kabir Singh,Home Office,West
CUST-8591,Meera Das,Home Office,South
CUST-1110,Aarav Jha,Corporate,East
CUST-4261,Anaya Roy,Consumer,North
CUST-7295,Anaya Jha,Consumer,East
CUST-4290,Riya Singh,Consumer,East
CUST-5451,Anaya Singh,Consumer,North
CUST-8310,Arjun Jha,Corporate,East
CUST-9759,Aarav Kumar,Home Office,West
CUST-7153,Kabir Patel,Corporate,North
CUST-9455,Aarav Jha,Home Office,North
CUST-9758,Arjun Singh,Corporate,East
CUST-2602,Anaya Kumar,Home Office,South
CUST-1855,Diya Sharma,Consumer,West
CUST-5651,Anaya Sinha,Consumer,South
CUST-3840,Isha Jha,Consumer,East
CUST-6607,Vivaan Jha,Consumer,South
CUST-4204,Anaya Roy,Home Office,West
CUST-7593,Anaya Verma,Home Office,South
CUST-8765,Riya Das,Consumer,North
CUST-2517,Aarav Verma,Corporate,North
CUST-7061,Vivaan Jha,Home Office,East
CUST-9138,Vivaan Kumar,Consumer,West
CUST-8108,Riya Kumar,Consumer,South
CUST-7062,Aarav Sharma,Consumer,North
CUST-5033,Vivaan Singh,Home Office,North
CUST-3211,Arjun Jha,Consumer,North
CUST-2169,Anaya Sharma,Consumer,West
CUST-4896,Meera Singh,Consumer,East
CUST-9550,Arjun Patel,Consumer,North
CUST-7026,Aarav Sinha,Home Office,East
CUST-1787,Meera Patel,Home Office,East
CUST-8634,Anaya Singh,Home Office,West
CUST-7185,Meera Roy,Consumer,North
CUST-7670,Anaya Das,Corporate,West
CUST-3774,Aarav Das,Home Office,West
CUST-9787,Kabir Sinha,Consumer,South
CUST-5521,Arjun Singh,Corporate,West
CUST-5574,Arjun Gupta,Consumer,East
CUST-1185,Aarav Das,Home Office,West
CUST-2225,Arjun Verma,Corporate,South
CUST-1867,Meera Patel,Home Office,South
CUST-5049,Vivaan Sharma,Consumer,South
CUST-3720,Isha Patel,Corporate,North
CUST-9325,Anaya Roy,Home Office,South
CUST-5936,Riya Kumar,Home Office,North
CUST-4865,Riya Singh,Corporate,South
CUST-1041,Aditya Singh,Consumer,East
CUST-4997,Riya Roy,Corporate,North
CUST-1803,Meera Sharma,Consumer,East
CUST-5834,Vivaan Jha,Consumer,West
CUST-5939,Riya Jha,Corporate,North
CUST-9265,Meera Singh,Home Office,North
CUST-8163,Aarav Sinha,Home Office,West
CUST-1201,Kabir Jha,Home Office,East
CUST-2329,Anaya Verma,Home Office,North
CUST-7210,Riya Gupta,Home Office,West
CUST-5023,Meera Verma,Home Office,North
CUST-7074,Aditya Sinha,Corporate,West
CUST-7917,Anaya Kumar,Consumer,West
CUST-5907,Anaya Patel,Home Office,East
CUST-9667,Meera Kumar,Corporate,North
CUST-4948,Isha Das,Consumer,North
CUST-3416,Isha Kumar,Corporate,East
CUST-2176,Meera Sharma,Consumer,East
CUST-9936,Isha Singh,Home Office,North
CUST-4346,Riya Roy,Home Office,West
CUST-5182,Aditya Sharma,Home Office,South
CUST-2206,Aarav Singh,Corporate,East
CUST-9140,Kabir Roy,Consumer,West
CUST-5872,Vivaan Sinha,Corporate,South
CUST-3401,Isha Verma,Corporate,West
CUST-5809,Diya Singh,Corporate,North
CUST-8948,Diya Singh,Corporate,South
CUST-4341,Arjun Roy,Home Office,West
CUST-2982,Aarav Singh,Home Office,North
CUST-1448,Isha Gupta,Corporate,East
CUST-3944,Isha Sharma,Corporate,West
CUST-3127,Vivaan Sharma,Home Office,West
CUST-5488,Meera Das,Home Office,South
CUST-7648,Aarav Singh,Consumer,West
CUST-1744,Kabir Singh,Consumer,West
CUST-6251,Isha Jha,Corporate,North
CUST-4310,Isha Verma,Consumer,South
CUST-6988,Riya Kumar,Corporate,North
CUST-9973,Kabir Patel,Home Office,South
CUST-5674,Aditya Patel,Corporate,West
CUST-8315,Riya Gupta,Home Office,East
CUST-5245,Vivaan Kumar,Consumer,South
CUST-1335,Diya Singh,Consumer,East
CUST-5700,Aditya Jha,Consumer,East
CUST-4944,Riya Roy,Corporate,North
CUST-6173,Aarav Sinha,Home Office,South
CUST-1679,Anaya Das,Corporate,North
CUST-9083,Kabir Jha,Corporate,West
CUST-8372,Aarav Kumar,Home Office,West
CUST-7251,Vivaan Gupta,Corporate,West
CUST-8568,Anaya Sharma,Consumer,West
CUST-9294,Aditya Jha,Home Office,North
CUST-5767,Aarav Kumar,Corporate,North
CUST-7018,Riya Gupta,Consumer,West
CUST-7103,Riya Das,Home Office,East
CUST-6131,Arjun Sinha,Consumer,South
CUST-5549,Vivaan Roy,Consumer,West
CUST-6333,Vivaan Verma,Corporate,South
CUST-8283,Riya Roy,Home Office,North
CUST-9607,Riya Gupta,Corporate,South
CUST-7749,Diya Sinha,Consumer,West
CUST-1542,Vivaan Das,Home Office,North
CUST-5385,Arjun Gupta,Home Office,North
CUST-7285,Kabir Patel,Consumer,North
CUST-1909,Diya Roy,Consumer,North
CUST-5489,Vivaan Sharma,Corporate,North
CUST-6473,Riya Gupta,Consumer,North
CUST-3570,Diya Singh,Consumer,North
CUST-8453,Isha Gupta,Home Office,North
CUST-7706,Isha Singh,Consumer,North
CUST-7461,Arjun Das,Home Office,North
CUST-4763,Isha Verma,Consumer,West
CUST-9599,Diya Sinha,Corporate,East
CUST-6826,Diya Jha,Consumer,West
CUST-1658,Riya Kumar,Corporate,East
CUST-4433,Isha Patel,Corporate,West
CUST-3826,Vivaan Roy,Home Office,East
CUST-2525,Riya Patel,Home Office,North
CUST-5954,Meera Verma,Corporate,East
CUST-1767,Anaya Kumar,Consumer,West
CUST-6575,Isha Sinha,Corporate,East
CUST-9823,Riya Sharma,Home Office,East
CUST-4097,Aditya Kumar,Consumer,East
CUST-9551,Riya Roy,Home Office,North
CUST-5274,Meera Gupta,Consumer,West
CUST-4173,Vivaan Sinha,Home Office,South
CUST-5564,Anaya Das,Corporate,North
CUST-9392,Riya Jha,Corporate,North
CUST-1554,Meera Kumar,Corporate,North
CUST-7178,Anaya Roy,Corporate,East
CUST-9018,Aarav Das,Corporate,North
CUST-4450,Arjun Verma,Corporate,North
CUST-7549,Meera Kumar,Consumer,North
CUST-8732,Isha Jha,Consumer,West
CUST-6958,Vivaan Verma,Home Office,North
CUST-7304,Kabir Verma,Consumer,West
CUST-3692,Vivaan Kumar,Home Office,West
CUST-8691,Arjun Patel,Home Office,South
CUST-4963,Riya Jha,Consumer,West
CUST-9972,Aarav Kumar,Home Office,South
CUST-2797,Meera Sharma,Consumer,South
CUST-9874,Aarav Patel,Corporate,South
CUST-8849,Riya Gupta,Corporate,East
CUST-1088,Kabir Jha,Consumer,North
CUST-6271,Diya Verma,Home Office,South
CUST-4533,Anaya Jha,Home Office,North
CUST-8366,Vivaan Jha,Corporate,South
CUST-5374,Kabir Jha,Corporate,East
CUST-4550,Arjun Kumar,Consumer,East
CUST-3206,Aditya Gupta,Corporate,South
CUST-2879,Kabir Verma,Home Office,East
CUST-2350,Vivaan Singh,Consumer,North
CUST-9989,Arjun Sinha,Corporate,North
CUST-3025,Kabir Gupta,Consumer,North
CUST-7497,Aditya Sinha,Consumer,South
CUST-8821,Vivaan Roy,Home Office,East
CUST-5392,Anaya Patel,Home Office,West
CUST-4520,Vivaan Verma,Consumer,North
CUST-5692,Meera Singh,Home Office,North
CUST-8590,Isha Roy,Corporate,East
CUST-9345,Arjun Patel,Consumer,West
CUST-3035,Arjun Roy,Corporate,North
CUST-9692,Riya Sinha,Home Office,East
CUST-9144,Anaya Jha,Consumer,West
CUST-7370,Aditya Sinha,Consumer,West
CUST-1129,Diya Gupta,Home Office,South
CUST-8546,Anaya Roy,Home Office,South
CUST-8923,Anaya Kumar,Consumer,North
CUST-3751,Aarav Kumar,Home Office,West
CUST-4223,Vivaan Roy,Corporate,East
CUST-1975,Riya Verma,Corporate,North
CUST-4836,Diya Kumar,Consumer,East
CUST-8089,Diya Patel,Corporate,South
CUST-2656,Aditya Gupta,Home Office,West
CUST-8816,Riya Singh,Corporate,West
CUST-5637,Anaya Sinha,Corporate,North
CUST-2891,Arjun Patel,Home Office,West
CUST-7771,Diya Roy,Consumer,East
CUST-1418,Aarav Roy,Corporate,North
CUST-2289,Arjun Verma,Corporate,West
CUST-4140,Diya Gupta,Corporate,West
CUST-8408,Diya Jha,Corporate,North
CUST-5510,Diya Roy,Home Office,South
CUST-8807,Meera Sinha,Corporate,North
CUST-2514,Aarav Singh,Corporate,North
CUST-2611,Diya Roy,Corporate,North
CUST-7044,Isha Kumar,Consumer,North
CUST-5806,Arjun Jha,Home Office,South
CUST-7389,Aditya Sinha,Corporate,South
CUST-6690,Arjun Jha,Home Office,West
CUST-4713,Kabir Kumar,Consumer,North
CUST-1960,Aditya Gupta,Consumer,South
CUST-9075,Aarav Kumar,Corporate,West
CUST-9806,Aditya Sinha,Consumer,West
CUST-2970,Kabir Singh,Home Office,West
CUST-6102,Aarav Gupta,Corporate,South
CUST-1137,Anaya Verma,Home Office,North
CUST-6515,Arjun Verma,Corporate,West
CUST-2795,Anaya Sinha,Consumer,West
CUST-4623,Diya Gupta,Consumer,West
CUST-2562,Isha Roy,Consumer,East
CUST-9949,Arjun Singh,Corporate,South
CUST-7173,Meera Verma,Home Office,South
CUST-5215,Aarav Patel,Corporate,East
CUST-9501,Arjun Kumar,Corporate,East
CUST-4005,Arjun Patel,Home Office,East
CUST-6970,Aarav Kumar,Consumer,West
CUST-8824,Meera Jha,Consumer,South
CUST-1146,Arjun Sinha,Corporate,West
CUST-7277,Arjun Sharma,Consumer,North
CUST-3366,Kabir Jha,Consumer,North
CUST-7107,Kabir Singh,Corporate,West
CUST-5754,Vivaan Jha,Corporate,South
CUST-5313,Kabir Verma,Home Office,North
CUST-8519,Aditya Singh,Consumer,South
CUST-8500,Vivaan Singh,Corporate,North
CUST-2657,Arjun Kumar,Home Office,North
CUST-1597,Anaya Sharma,Consumer,North
CUST-4280,Anaya Gupta,Consumer,East
CUST-3030,Vivaan Jha,Consumer,East
CUST-5458,Isha Sharma,Home Office,South
CUST-3673,Diya Sharma,Home Office,North
CUST-4366,Kabir Singh,Home Office,East
CUST-7785,Kabir Singh,Consumer,East
CUST-9010,Vivaan Gupta,Home Office,East
CUST-9295,Aditya Verma,Corporate,North
CUST-7918,Meera Sinha,Home Office,North
CUST-9862,Kabir Verma,Corporate,West
CUST-6134,Diya Sinha,Consumer,North
CUST-5715,Anaya Singh,Corporate,South
CUST-9335,Kabir Jha,Corporate,East
CUST-4373,Meera Das,Consumer,North
CUST-7707,Meera Singh,Consumer,North
CUST-5452,Aarav Das,Consumer,East
CUST-9412,Vivaan Sharma,Corporate,South
CUST-3662,Vivaan Kumar,Home Office,North
CUST-9651,Meera Kumar,Corporate,East
CUST-7091,Meera Gupta,Corporate,East
CUST-5994,Meera Sinha,Home Office,West
CUST-9630,Isha Verma,Consumer,South
CUST-9577,Meera Das,Consumer,South
CUST-5950,Isha Kumar,Corporate,North
CUST-3875,Aditya Patel,Corporate,West
CUST-4214,Riya Jha,Consumer,West
CUST-2857,Kabir Verma,Consumer,East
CUST-3319,Isha Gupta,Corporate,West
CUST-2154,Aarav Kumar,Home Office,West
CUST-4083,Isha Patel,Home Office,West
CUST-6947,Diya Sharma,Consumer,East
CUST-3288,Arjun Patel,Consumer,West
CUST-4311,Riya Roy,Home Office,East
CUST-6393,Riya Kumar,Corporate,East
CUST-8304,Vivaan Verma,Corporate,South
CUST-3705,Diya Sinha,Consumer,East
CUST-7356,Kabir Roy,Corporate,East
CUST-6163,Diya Patel,Home Office,South
CUST-8353,Anaya Singh,Consumer,North
CUST-1830,Aditya Patel,Home Office,North
CUST-9794,Diya Verma,Consumer,East
CUST-1461,Kabir Kumar,Home Office,East
CUST-5433,Diya Singh,Corporate,East
CUST-8379,Aarav Patel,Consumer,North
CUST-3543,Kabir Singh,Consumer,North
CUST-9046,Vivaan Verma,Consumer,East
CUST-6848,Diya Roy,Home Office,West
CUST-4453,Kabir Sharma,Home Office,West
CUST-5291,Arjun Singh,Home Office,South
CUST-7705,Anaya Das,Consumer,East
CUST-9366,Aarav Singh,Corporate,South
CUST-3083,Arjun Verma,Home Office,East
CUST-3038,Kabir Sharma,Home Office,South
CUST-5003,Diya Jha,Home Office,South
CUST-6156,Meera Singh,Consumer,North
CUST-3864,Diya Singh,Home Office,West
CUST-2952,Anaya Roy,Consumer,South
CUST-7625,Diya Sinha,Home Office,West
CUST-2902,Aarav Sharma,Corporate,West
CUST-7243,Vivaan Gupta,Home Office,South
CUST-6243,Isha Sinha,Home Office,North
CUST-4147,Vivaan Kumar,Corporate,West
CUST-1259,Meera Jha,Corporate,East
CUST-6283,Isha Jha,Consumer,North
CUST-2498,Aditya Singh,Corporate,West
CUST-7150,Meera Kumar,Consumer,East
CUST-8699,Kabir Singh,Home Office,North
CUST-3297,Riya Sinha,Corporate,West
CUST-3862,Vivaan Roy,Home Office,West
CUST-4421,Isha Roy,Consumer,East
CUST-6956,Kabir Roy,Consumer,West
CUST-8562,Arjun Jha,Consumer,North
CUST-6622,Vivaan Gupta,Home Office,South
CUST-8117,Isha Singh,Home Office,North
CUST-8424,Vivaan Kumar,Home Office,West
CUST-4350,Arjun Das,Corporate,North
CUST-3051,Riya Gupta,Corporate,South
CUST-3500,Aarav Singh,Consumer,East
CUST-5444,Isha Kumar,Consumer,East
CUST-1495,Arjun Sharma,Corporate,South
CUST-6261,Arjun Jha,Consumer,South
CUST-1885,Arjun Verma,Home Office,East
CUST-8015,Arjun Jha,Home Office,West
CUST-3480,Diya Singh,Home Office,East
CUST-8552,Aarav Roy,Home Office,East
CUST-4748,Vivaan Sharma,Corporate,North
CUST-6442,Isha Singh,Consumer,West
CUST-2059,Vivaan Verma,Corporate,West
CUST-6950,Vivaan Singh,Corporate,North
CUST-7819,Meera Gupta,Corporate,West
CUST-6440,Kabir Jha,Home Office,West
CUST-3439,Riya Verma,Corporate,East
CUST-6424,Aarav Singh,Home Office,North
CUST-3936,Aarav Verma,Corporate,South
CUST-6293,Riya Sharma,Home Office,West
CUST-4860,Aarav Singh,Corporate,East
CUST-3815,Isha Patel,Home Office,North
CUST-6605,Kabir Patel,Corporate,South
CUST-8928,Vivaan Verma,Consumer,South
CUST-9540,Meera Gupta,Corporate,East
CUST-6930,Meera Verma,Consumer,West
CUST-1907,Meera Das,Corporate,West
CUST-6279,Isha Verma,Home Office,West
CUST-3740,Vivaan Roy,Home Office,East
CUST-1260,Kabir Patel,Corporate,North
CUST-3706,Meera Jha,Home Office,North
CUST-8559,Isha Sharma,Consumer,South
CUST-4726,Riya Kumar,Consumer,South
CUST-3736,Meera Jha,Consumer,West
CUST-6671,Diya Singh,Corporate,West
CUST-4084,Meera Sharma,Home Office,West
CUST-1424,Aditya Sinha,Consumer,North
CUST-4266,Diya Sinha,Corporate,West
CUST-8316,Riya Singh,Corporate,West
CUST-8248,Aditya Jha,Home Office,East
CUST-9351,Riya Patel,Home Office,South
CUST-7290,Kabir Sinha,Corporate,East
CUST-8860,Vivaan Gupta,Home Office,South
CUST-7488,Vivaan Patel,Consumer,West
CUST-5773,Riya Verma,Home Office,East
CUST-2658,Kabir Kumar,Consumer,South
CUST-6512,Arjun Kumar,Consumer,North
CUST-4794,Anaya Sinha,Corporate,East
CUST-2675,Kabir Kumar,Consumer,South
CUST-8931,Vivaan Jha,Consumer,East
CUST-3259,Diya Roy,Consumer,West
CUST-8072,Diya Roy,Corporate,North
CUST-7586,Isha Jha,Corporate,West
CUST-6300,Anaya Roy,Consumer,North
CUST-5757,Aditya Sharma,Corporate,West
CUST-3703,Aditya Gupta,Consumer,South
CUST-7552,Meera Singh,Home Office,North
CUST-7100,Arjun Roy,Corporate,East
CUST-6851,Aditya Gupta,Home Office,South
CUST-9892,Anaya Das,Home Office,South
CUST-3870,Anaya Gupta,Consumer,South
CUST-8452,Kabir Das,Corporate,East
CUST-1349,Anaya Patel,Home Office,North
CUST-1073,Anaya Patel,Corporate,East
CUST-2020,Diya Jha,Home Office,West
CUST-2026,Vivaan Gupta,Home Office,West
CUST-9974,Kabir Singh,Home Office,North
CUST-2593,Arjun Kumar,Consumer,South
CUST-4558,Riya Gupta,Corporate,North
CUST-8668,Arjun Verma,Home Office,East
CUST-8662,Riya Gupta,Consumer,North
CUST-7941,Riya Das,Consumer,North
CUST-5277,Aditya Sharma,Home Office,South
CUST-1612,Anaya Das,Corporate,North
CUST-4201,Aarav Roy,Home Office,West
CUST-4482,Vivaan Kumar,Consumer,North
CUST-9865,Vivaan Verma,Corporate,South
CUST-8459,Meera Roy,Home Office,East
CUST-7880,Vivaan Roy,Consumer,East
CUST-5320,Anaya Roy,Home Office,South
CUST-8322,Isha Das,Consumer,East
CUST-2705,Isha Sharma,Corporate,West
CUST-3762,Diya Jha,Consumer,South
CUST-5628,Kabir Gupta,Home Office,South
CUST-6552,Diya Sharma,Corporate,South
CUST-9704,Aarav Gupta,Home Office,North
CUST-5840,Aarav Kumar,Home Office,West
CUST-1714,Anaya Sharma,Corporate,North
CUST-9646,Arjun Das,Consumer,North
CUST-9791,Aarav Jha,Consumer,North
CUST-6927,Isha Kumar,Home Office,West
CUST-3024,Diya Gupta,Home Office,East
CUST-5438,Aditya Kumar,Consumer,East
CUST-3089,Riya Gupta,Home Office,East
CUST-6082,Diya Gupta,Corporate,South
CUST-5303,Vivaan Sharma,Corporate,South
CUST-7453,Aarav Roy,Home Office,North
CUST-9769,Diya Roy,Consumer,East
CUST-7745,Vivaan Sinha,Home Office,North
CUST-7444,Arjun Das,Consumer,East
CUST-2944,Riya Jha,Home Office,West
CUST-7842,Kabir Verma,Home Office,West
CUST-1333,Isha Sharma,Corporate,East
CUST-1026,Isha Kumar,Consumer,South
CUST-8262,Isha Gupta,Consumer,South
CUST-7884,Aditya Singh,Corporate,East
CUST-8488,Anaya Sharma,Consumer,West
CUST-6103,Isha Roy,Home Office,West
CUST-8404,Aditya Singh,Consumer,North
CUST-2971,Arjun Jha,Corporate,West
CUST-8242,Riya Verma,Home Office,North
CUST-4162,Aditya Kumar,Home Office,East
CUST-2805,Vivaan Sharma,Home Office,West
CUST-3640,Aarav Gupta,Corporate,West
CUST-9628,Diya Sharma,Consumer,East
CUST-2489,Isha Patel,Home Office,East
CUST-3962,Isha Patel,Corporate,South
CUST-7396,Kabir Verma,Corporate,East
CUST-8085,Vivaan Verma,Home Office,East
CUST-7498,Vivaan Verma,Corporate,West
CUST-9218,Aditya Das,Corporate,East
CUST-9348,Diya Roy,Corporate,North
CUST-2822,Vivaan Sharma,Corporate,East
CUST-7003,Kabir Singh,Corporate,North
CUST-5494,Kabir Das,Home Office,East
CUST-1983,Anaya Verma,Corporate,South
CUST-2883,Riya Singh,Home Office,South
CUST-2230,Anaya Roy,Home Office,West
CUST-5022,Aarav Sinha,Consumer,South
CUST-7115,Anaya Gupta,Home Office,East
CUST-1493,Arjun Singh,Corporate,East
CUST-5910,Aarav Jha,Home Office,West
CUST-7020,Aarav Jha,Home Office,South
CUST-1126,Anaya Das,Home Office,North
CUST-7140,Arjun Sharma,Corporate,East
CUST-9863,Meera Das,Corporate,West
CUST-3795,Vivaan Kumar,Corporate,South
CUST-4267,Vivaan Sharma,Consumer,North
CUST-8992,Vivaan Gupta,Consumer,East
CUST-2680,Isha Singh,Home Office,North
CUST-1588,Arjun Kumar,Consumer,West
CUST-2617,Aditya Das,Consumer,West
CUST-9390,Aarav Gupta,Home Office,West
CUST-1167,Arjun Jha,Home Office,South
CUST-1039,Diya Sinha,Consumer,South
CUST-9876,Meera Das,Consumer,East
CUST-1728,Isha Kumar,Consumer,South
CUST-2105,Meera Sinha,Consumer,East
CUST-8068,Aditya Gupta,Consumer,West
CUST-9316,Isha Gupta,Home Office,West
CUST-5275,Aditya Verma,Home Office,West
CUST-4741,Vivaan Singh,Home Office,East
CUST-5167,Aditya Singh,Corporate,North
CUST-8078,Diya Sinha,Corporate,North
CUST-9451,Aarav Kumar,Consumer,West
CUST-7795,Diya Jha,Corporate,North
CUST-5755,Riya Das,Corporate,East
CUST-5864,Arjun Verma,Consumer,East
CUST-5439,Isha Sharma,Corporate,East
CUST-8479,Riya Singh,Corporate,East
CUST-4355,Anaya Roy,Home Office,South
CUST-3959,Arjun Kumar,Consumer,East
CUST-5459,Riya Roy,Corporate,West
CUST-3941,Anaya Sinha,Home Office,South
CUST-1253,Vivaan Singh,Corporate,West
CUST-8541,Vivaan Verma,Corporate,South
CUST-2125,Vivaan Roy,Consumer,East
CUST-7640,Riya Das,Home Office,East
CUST-1822,Vivaan Jha,Corporate,East
CUST-8116,Arjun Verma,Home Office,West
CUST-4254,Aarav Das,Consumer,South
CUST-7534,Aarav Kumar,Home Office,East
CUST-1701,Kabir Das,Consumer,North
CUST-9118,Isha Sinha,Consumer,South
CUST-4255,Vivaan Kumar,Corporate,North
CUST-1014,Aditya Sharma,Corporate,North
CUST-7260,Arjun Kumar,Consumer,West
CUST-1605,Arjun Gupta,Corporate,East
CUST-8175,Anaya Gupta,Consumer,North
CUST-4996,Vivaan Sharma,Corporate,West
CUST-3714,Anaya Singh,Consumer,East
CUST-9298,Diya Gupta,Corporate,East
CUST-4410,Riya Kumar,Home Office,East
CUST-7386,Aarav Kumar,Corporate,South
CUST-7929,Kabir Patel,Corporate,South
CUST-1629,Aarav Singh,Home Office,West
CUST-9203,Aditya Jha,Corporate,East
CUST-9432,Vivaan Verma,Corporate,East
CUST-3698,Anaya Kumar,Consumer,West
CUST-1218,Kabir Gupta,Corporate,South
CUST-8677,Riya Sinha,Home Office,South
CUST-4256,Isha Roy,Consumer,South
CUST-4620,Isha Das,Consumer,North
CUST-8472,Aditya Verma,Consumer,West
CUST-3910,Arjun Kumar,Consumer,West
CUST-4920,Arjun Sharma,Home Office,North
CUST-9557,Riya Verma,Corporate,West
CUST-4638,Aarav Roy,Home Office,East
CUST-8490,Anaya Jha,Home Office,East
CUST-8644,Anaya Kumar,Home Office,East
CUST-4367,Anaya Patel,Consumer,West
CUST-6834,Vivaan Roy,Home Office,North
CUST-3524,Anaya Sinha,Home Office,East
CUST-9077,Anaya Singh,Home Office,North
CUST-7257,Arjun Sinha,Consumer,South
CUST-8121,Anaya Das,Home Office,West
CUST-4110,Isha Jha,Corporate,East
CUST-8843,Kabir Sharma,Consumer,East
CUST-4911,Aarav Sharma,Home Office,East
CUST-7377,Aarav Singh,Consumer,South
CUST-4978,Riya Das,Consumer,North
CUST-9428,Aarav Das,Consumer,East
CUST-6870,Aarav Sinha,Consumer,South
CUST-2455,Vivaan Roy,Consumer,South
CUST-9012,Meera Das,Corporate,North
CUST-2057,Isha Kumar,Consumer,West
CUST-8042,Anaya Jha,Corporate,South
CUST-9505,Arjun Das,Home Office,East
CUST-9894,Aditya Sinha,Corporate,North
CUST-2783,Diya Sinha,Consumer,West
CUST-3430,Riya Das,Home Office,West
CUST-3084,Riya Singh,Corporate,West
CUST-1518,Isha Sinha,Consumer,North
CUST-5814,Kabir Sinha,Consumer,West
CUST-9852,Arjun Das,Corporate,East
CUST-1506,Isha Das,Consumer,South
CUST-1755,Vivaan Kumar,Corporate,South
CUST-4518,Aarav Roy,Corporate,South
CUST-6498,Arjun Patel,Consumer,East
CUST-3021,Meera Gupta,Home Office,West
CUST-1893,Diya Verma,Corporate,North
CUST-7886,Diya Sinha,Home Office,South
CUST-9255,Arjun Singh,Home Office,North
CUST-7332,Diya Jha,Consumer,East
CUST-2259,Vivaan Singh,Consumer,North
CUST-5503,Aarav Sharma,Consumer,North
CUST-8791,Riya Patel,Corporate,West
CUST-2519,Diya Das,Consumer,West
CUST-3124,Aarav Singh,Corporate,East
CUST-8199,Arjun Roy,Home Office,West
CUST-5353,Anaya Jha,Corporate,North
CUST-3373,Arjun Sinha,Consumer,North
CUST-5713,Meera Kumar,Home Office,North
CUST-3225,Arjun Kumar,Home Office,South
CUST-7090,Isha Das,Home Office,South
CUST-6623,Isha Sharma,Home Office,North
CUST-8224,Diya Patel,Consumer,West
CUST-9444,Meera Verma,Home Office,West
CUST-4561,Meera Das,Consumer,South
CUST-6584,Kabir Sinha,Home Office,South
CUST-5173,Kabir Das,Corporate,South
CUST-1995,Kabir Sinha,Consumer,West
CUST-7937,Aarav Jha,Home Office,South
CUST-4402,Meera Singh,Home Office,North
CUST-5940,Diya Roy,Consumer,West
CUST-7720,Riya Das,Home Office,South
CUST-3947,Diya Das,Home Office,West
CUST-2755,Arjun Roy,Corporate,North
CUST-3988,Meera Singh,Corporate,East
CUST-4532,Anaya Singh,Consumer,North
CUST-9604,Isha Jha,Consumer,West
CUST-3601,Anaya Gupta,Consumer,West
CUST-6142,Meera Gupta,Corporate,West
CUST-3798,Arjun Verma,Corporate,West
CUST-2316,Isha Sharma,Home Office,West
CUST-2972,Isha Sharma,Home Office,North
CUST-3621,Vivaan Das,Home Office,North
CUST-3444,Isha Sharma,Home Office,East
CUST-3589,Arjun Jha,Corporate,North
CUST-6375,Diya Verma,Home Office,North
CUST-4762,Aarav Sinha,Home Office,West
CUST-7833,Arjun Patel,Corporate,South
CUST-7242,Vivaan Sinha,Home Office,East
CUST-8723,Arjun Patel,Corporate,South
CUST-9730,Aarav Das,Home Office,North
CUST-3435,Kabir Singh,Home Office,East
CUST-6491,Anaya Sinha,Home Office,North
CUST-3141,Arjun Gupta,Consumer,West
CUST-6677,Aditya Das,Home Office,West
CUST-4347,Vivaan Das,Consumer,South
CUST-8267,Anaya Sharma,Corporate,South
CUST-7977,Meera Roy,Home Office,West
CUST-8004,Anaya Das,Corporate,East
CUST-5612,Aarav Sharma,Home Office,North
CUST-6632,Aarav Patel,Consumer,South
CUST-8506,Meera Singh,Corporate,South
CUST-2750,Isha Verma,Home Office,East
CUST-5391,Kabir Kumar,Corporate,South
CUST-3407,Meera Roy,Corporate,East
CUST-6509,Kabir Gupta,Consumer,East
CUST-3467,Meera Kumar,Consumer,North
CUST-8872,Isha Singh,Home Office,South
CUST-1533,Meera Roy,Consumer,South
CUST-8655,Aarav Sinha,Consumer,East
CUST-8696,Isha Patel,Corporate,West
CUST-8929,Kabir Jha,Consumer,South
CUST-4400,Meera Sinha,Corporate,West
CUST-3550,Vivaan Verma,Corporate,North
CUST-4740,Kabir Patel,Home Office,North
CUST-3804,Kabir Verma,Consumer,North
CUST-4505,Anaya Singh,Corporate,West
CUST-5676,Riya Singh,Home Office,South
CUST-1178,Diya Kumar,Corporate,South
CUST-9542,Meera Gupta,Corporate,South
CUST-7561,Isha Sharma,Consumer,West
CUST-1406,Kabir Kumar,Corporate,East
CUST-6823,Arjun Kumar,Consumer,South
CUST-8137,Isha Singh,Corporate,East
CUST-9981,Kabir Singh,Corporate,North
CUST-2664,Riya Das,Consumer,West
CUST-4706,Isha Gupta,Home Office,West
CUST-1848,Meera Das,Corporate,South
CUST-6817,Vivaan Kumar,Home Office,East
CUST-9870,Meera Jha,Corporate,North
CUST-1923,Diya Verma,Home Office,West
CUST-3376,Riya Verma,Home Office,North
CUST-7630,Aditya Verma,Home Office,South
CUST-8387,Aarav Das,Corporate,North
CUST-2015,Aditya Gupta,Consumer,East
CUST-1010,Arjun Sinha,Consumer,North
CUST-1662,Isha Verma,Home Office,South
CUST-3533,Isha Singh,Consumer,East
CUST-6133,Anaya Sinha,Corporate,North
CUST-9662,Kabir Sinha,Corporate,West
CUST-7109,Diya Verma,Consumer,West
CUST-1168,Aditya Patel,Consumer,South
CUST-6414,Riya Roy,Consumer,West
CUST-3786,Meera Roy,Corporate,West
CUST-7300,Kabir Das,Consumer,West
CUST-5119,Aarav Sharma,Consumer,North
CUST-3408,Riya Gupta,Home Office,North
CUST-5206,Meera Gupta,Corporate,East
CUST-1286,Anaya Verma,Home Office,North
CUST-8282,Isha Roy,Corporate,South
CUST-3392,Vivaan Sharma,Corporate,West
CUST-9525,Kabir Sinha,Consumer,West
CUST-6482,Riya Das,Home Office,East
CUST-2271,Isha Sharma,Home Office,North
CUST-3298,Diya Sinha,Consumer,North
CUST-1223,Meera Jha,Corporate,West
CUST-7896,Meera Das,Home Office,West
CUST-6530,Aarav Sinha,Consumer,West
CUST-3694,Aarav Das,Home Office,East
CUST-5902,Kabir Verma,Corporate,South
CUST-9289,Vivaan Jha,Consumer,South
CUST-7019,Diya Roy,Corporate,West
CUST-4517,Aditya Gupta,Home Office,South
CUST-4888,Meera Sinha,Corporate,South
CUST-9213,Vivaan Verma,Home Office,South
CUST-9478,Anaya Verma,Home Office,North
CUST-8203,Arjun Gupta,Consumer,South
CUST-6472,Anaya Patel,Corporate,South
CUST-9699,Kabir Gupta,Consumer,North
CUST-2406,Diya Verma,Corporate,North
CUST-3449,Meera Patel,Corporate,South
CUST-3908,Meera Verma,Corporate,West
CUST-4688,Kabir Jha,Home Office,North
CUST-8924,Riya Das,Home Office,West
CUST-1362,Diya Sharma,Corporate,West
CUST-1875,Arjun Sinha,Corporate,East
CUST-2128,Vivaan Sharma,Home Office,West
CUST-2635,Meera Verma,Consumer,East
CUST-8058,Aarav Singh,Consumer,West
CUST-8386,Kabir Kumar,Home Office,East
CUST-5073,Arjun Gupta,Home Office,North
CUST-3187,Arjun Kumar,Consumer,East
CUST-6518,Anaya Sharma,Corporate,West
CUST-4709,Aditya Gupta,Corporate,East
CUST-3516,Riya Jha,Home Office,East
CUST-5906,Aarav Jha,Consumer,East
CUST-1687,Diya Gupta,Corporate,West
CUST-5822,Anaya Patel,Home Office,North
CUST-1355,Aarav Sharma,Consumer,North
CUST-7363,Vivaan Sharma,Home Office,South
CUST-3079,Aarav Sharma,Home Office,North
CUST-6168,Aditya Roy,Home Office,West
CUST-3572,Vivaan Verma,Home Office,North
CUST-2813,Isha Patel,Consumer,South
CUST-7485,Diya Jha,Consumer,South
CUST-4874,Anaya Gupta,Consumer,North
CUST-7608,Aditya Sinha,Home Office,South
CUST-2961,Kabir Roy,Consumer,East
CUST-9184,Diya Roy,Corporate,East
CUST-6039,Vivaan Singh,Home Office,North
CUST-2280,Meera Sinha,Corporate,North
CUST-9280,Diya Verma,Home Office,North
CUST-4060,Vivaan Kumar,Corporate,West
CUST-8661,Anaya Kumar,Consumer,South
CUST-3409,Meera Sinha,Corporate,East
CUST-6088,Aarav Sharma,Corporate,West
CUST-4630,Arjun Sinha,Consumer,West
CUST-5610,Vivaan Kumar,Consumer,East
CUST-5230,Diya Singh,Consumer,East
CUST-8689,Aarav Sinha,Home Office,East
CUST-6464,Aarav Sinha,Home Office,South
CUST-1151,Diya Sinha,Corporate,South
CUST-5728,Aditya Das,Corporate,West
CUST-8046,Riya Das,Corporate,South
CUST-9616,Anaya Kumar,Home Office,East
CUST-1637,Riya Verma,Home Office,South
CUST-6550,Kabir Jha,Consumer,West
CUST-6905,Aarav Sinha,Consumer,East
CUST-2596,Anaya Sharma,Corporate,South
CUST-6328,Meera Patel,Corporate,North
CUST-4372,Meera Patel,Corporate,East
CUST-8013,Aditya Sharma,Home Office,South
CUST-2833,Arjun Verma,Home Office,South
CUST-5505,Aarav Sharma,Corporate,South
CUST-6803,Aditya Sinha,Home Office,West
CUST-9818,Meera Das,Corporate,East
CUST-7522,Vivaan Jha,Corporate,West
CUST-3046,Riya Patel,Consumer,North
CUST-4504,Meera Das,Home Office,East
CUST-4473,Aarav Gupta,Corporate,East
CUST-7741,Diya Kumar,Home Office,North
CUST-5143,Aditya Singh,Corporate,East
CUST-3759,Aditya Das,Corporate,West
CUST-3770,Meera Verma,Consumer,South
CUST-8965,Meera Kumar,Consumer,North
CUST-2405,Isha Jha,Consumer,North
CUST-4746,Aditya Verma,Corporate,East
CUST-2063,Anaya Gupta,Consumer,North
CUST-7402,Diya Das,Consumer,West
CUST-1450,Aditya Patel,Corporate,South
CUST-4588,Meera Verma,Consumer,South
CUST-3546,Meera Patel,Corporate,East
CUST-7352,Aditya Jha,Consumer,West
CUST-9513,Aditya Patel,Consumer,North
CUST-9544,Kabir Verma,Home Office,South
CUST-9686,Isha Verma,Home Office,South
CUST-9211,Riya Das,Home Office,West
CUST-2605,Arjun Verma,Corporate,South
CUST-4371,Kabir Gupta,Consumer,North
CUST-6689,Riya Kumar,Home Office,West
CUST-9121,Diya Jha,Consumer,East
CUST-6196,Aarav Patel,Corporate,North
CUST-1551,Riya Singh,Home Office,North
CUST-3646,Arjun Gupta,Consumer,North
CUST-1529,Vivaan Jha,Consumer,South
CUST-1244,Riya Jha,Home Office,East
CUST-9126,Meera Sharma,Consumer,West
CUST-3123,Anaya Verma,Home Office,North
CUST-3446,Aarav Sinha,Corporate,South
CUST-7263,Aarav Roy,Home Office,West
CUST-5007,Aarav Das,Corporate,West
CUST-5744,Diya Das,Home Office,South
CUST-7671,Riya Sharma,Home Office,South
CUST-1408,Meera Singh,Consumer,West
CUST-4088,Aarav Sharma,Home Office,North
CUST-4176,Riya Das,Consumer,North
CUST-6180,Anaya Jha,Home Office,East
CUST-3425,Arjun Gupta,Corporate,East
CUST-6099,Vivaan Sinha,Home Office,West
CUST-4877,Aditya Verma,Home Office,North
CUST-3678,Kabir Jha,Consumer,East
CUST-7867,Kabir Kumar,Corporate,North
CUST-5324,Riya Verma,Home Office,East
CUST-5250,Aditya Kumar,Consumer,West
CUST-8864,Vivaan Patel,Consumer,West
CUST-6586,Vivaan Patel,Home Office,North
CUST-3923,Vivaan Das,Home Office,West
CUST-1136,Arjun Sharma,Corporate,South
CUST-8796,Isha Verma,Home Office,South
CUST-3648,Anaya Roy,Home Office,East
CUST-5983,Diya Jha,Home Office,East
CUST-5891,Arjun Singh,Corporate,North
CUST-6630,Kabir Das,Consumer,South
CUST-2163,Isha Kumar,Home Office,South
CUST-9180,Isha Kumar,Home Office,East
CUST-4362,Arjun Jha,Home Office,South
CUST-5502,Kabir Jha,Consumer,South
CUST-3545,Kabir Patel,Consumer,West
CUST-1899,Anaya Singh,Home Office,North
CUST-9970,Vivaan Patel,Consumer,South
CUST-9437,Meera Sinha,Consumer,South
CUST-3503,Meera Gupta,Corporate,North
CUST-3822,Kabir Kumar,Home Office,South
CUST-1735,Aarav Sharma,Consumer,West
CUST-1673,Kabir Patel,Consumer,North
CUST-5306,Diya Sharma,Home Office,South
CUST-3320,Diya Jha,Home Office,West
CUST-7467,Aditya Singh,Corporate,East
CUST-1459,Aditya Verma,Corporate,South
CUST-2678,Aarav Gupta,Corporate,East
CUST-5429,Aditya Singh,Corporate,West
CUST-1051,Vivaan Singh,Home Office,East
CUST-8792,Aditya Sharma,Consumer,South
CUST-4491,Vivaan Kumar,Home Office,West
CUST-7645,Diya Das,Corporate,North
CUST-8190,Aarav Roy,Consumer,North
CUST-9027,Kabir Verma,Corporate,North
CUST-2541,Aditya Sharma,Corporate,West
CUST-6978,Riya Sinha,Consumer,South
CUST-8075,Vivaan Sinha,Consumer,South
CUST-8305,Anaya Gupta,Consumer,West
CUST-3929,Anaya Sinha,Corporate,East
CUST-6192,Arjun Sinha,Consumer,South
CUST-1321,Aditya Jha,Home Office,West
CUST-2363,Anaya Das,Consumer,West
CUST-8467,Anaya Verma,Home Office,West
CUST-2252,Meera Gupta,Corporate,West
CUST-5653,Vivaan Sharma,Home Office,North
CUST-6700,Kabir Jha,Consumer,South
CUST-1350,Meera Das,Home Office,South
CUST-2585,Arjun Patel,Consumer,West
CUST-8362,Vivaan Kumar,Corporate,East
CUST-3026,Kabir Sinha,Consumer,South
CUST-8495,Riya Kumar,Consumer,East
CUST-3144,Anaya Sharma,Home Office,North
CUST-9141,Riya Verma,Corporate,East
CUST-4134,Anaya Jha,Consumer,North
CUST-4034,Aditya Patel,Consumer,South
CUST-5066,Riya Gupta,Consumer,East
CUST-2153,Riya Jha,Consumer,South
CUST-3384,Meera Sharma,Home Office,North
CUST-3316,Riya Sinha,Consumer,South
CUST-6331,Riya Das,Home Office,East
CUST-4908,Diya Das,Home Office,South
CUST-2256,Diya Sharma,Home Office,West
CUST-8652,Aarav Patel,Home Office,West
CUST-9690,Aditya Das,Consumer,West
CUST-6166,Aditya Gupta,Corporate,East
CUST-5540,Meera Das,Corporate,East
CUST-2050,Anaya Gupta,Home Office,South
CUST-9370,Vivaan Sinha,Consumer,North
CUST-5177,Riya Patel,Home Office,West
CUST-6247,Riya Sinha,Corporate,South
CUST-1018,Arjun Patel,Corporate,North
CUST-1294,Aditya Patel,Home Office,West
CUST-7343,Arjun Kumar,Home Office,East
CUST-2934,Riya Gupta,Corporate,North
CUST-9857,Riya Gupta,Consumer,East
CUST-4259,Aditya Singh,Corporate,West
CUST-5065,Vivaan Patel,Home Office,North
CUST-8050,Anaya Sharma,Home Office,East
CUST-3547,Aditya Das,Corporate,West
CUST-7005,Aarav Roy,Home Office,East
CUST-5573,Anaya Das,Corporate,West
CUST-2196,Riya Sharma,Home Office,East
CUST-5589,Anaya Patel,Home Office,East
CUST-1496,Riya Verma,Corporate,West
CUST-1228,Riya Roy,Home Office,North
CUST-1561,Diya Jha,Consumer,South
CUST-9416,Vivaan Verma,Corporate,East
CUST-5587,Vivaan Jha,Corporate,West
CUST-7858,Arjun Kumar,Corporate,East
CUST-7513,Kabir Roy,Home Office,North
CUST-4469,Vivaan Roy,Consumer,West
CUST-3346,Aarav Singh,Consumer,West
CUST-3302,Diya Jha,Home Office,East
CUST-8005,Meera Singh,Home Office,North
CUST-1175,Anaya Sharma,Consumer,East
CUST-8688,Anaya Verma,Home Office,South
CUST-4045,Kabir Kumar,Corporate,East
CUST-3414,Diya Verma,Home Office,East
CUST-3529,Aditya Das,Home Office,South
CUST-7603,Meera Singh,Consumer,North
CUST-2729,Arjun Sharma,Corporate,North
CUST-5721,Arjun Kumar,Home Office,East
CUST-7374,Meera Sharma,Consumer,East
CUST-6937,Isha Verma,Home Office,West
CUST-3075,Meera Sinha,Home Office,East
CUST-7899,Riya Patel,Corporate,West
CUST-7408,Anaya Singh,Home Office,North
CUST-5952,Isha Singh,Consumer,East
CUST-2852,Aditya Sharma,Consumer,South
CUST-7148,Riya Jha,Home Office,East
CUST-6543,Arjun Sinha,Corporate,North
CUST-4315,Isha Das,Home Office,West
CUST-7934,Riya Sinha,Corporate,South
CUST-3522,Diya Jha,Home Office,South
CUST-9099,Diya Kumar,Corporate,South
CUST-7996,Isha Sinha,Home Office,East
CUST-3691,Aditya Patel,Home Office,South
CUST-5823,Anaya Gupta,Home Office,West
CUST-9422,Arjun Roy,Consumer,South
CUST-8964,Arjun Gupta,Corporate,South
CUST-1122,Meera Verma,Home Office,South
CUST-5709,Riya Singh,Consumer,West
CUST-2482,Aditya Patel,Consumer,North
CUST-9151,Anaya Sinha,Corporate,North
CUST-4432,Vivaan Sharma,Home Office,West
CUST-6162,Anaya Patel,Consumer,East
CUST-2049,Riya Das,Corporate,South
CUST-1705,Isha Patel,Corporate,West
CUST-3674,Aarav Verma,Home Office,North
CUST-2613,Isha Jha,Corporate,West
CUST-6067,Aditya Patel,Corporate,North
CUST-6531,Aarav Singh,Corporate,East
CUST-6437,Arjun Singh,Consumer,East
CUST-6408,Vivaan Roy,Consumer,North
CUST-6147,Vivaan Jha,Consumer,East
CUST-7180,Aditya Sinha,Consumer,West
CUST-4292,Vivaan Sinha,Consumer,North
CUST-5262,Anaya Jha,Corporate,North
CUST-5655,Kabir Singh,Home Office,South
CUST-6945,Vivaan Roy,Home Office,East
CUST-3578,Aditya Sinha,Corporate,North
CUST-7634,Aarav Das,Consumer,North
CUST-3552,Meera Jha,Consumer,South
CUST-4597,Riya Patel,Home Office,North
CUST-9935,Anaya Sharma,Consumer,South
CUST-2318,Diya Kumar,Home Office,East
CUST-2141,Aarav Das,Home Office,North
CUST-8514,Arjun Das,Consumer,West
CUST-5430,Anaya Patel,Home Office,East
CUST-8589,Aditya Das,Home Office,North
CUST-7814,Arjun Patel,Consumer,West
CUST-7619,Anaya Das,Home Office,North
CUST-6140,Aditya Das,Consumer,West
CUST-7201,Diya Jha,Home Office,South
CUST-1989,Arjun Sharma,Corporate,West
CUST-7596,Diya Jha,Home Office,South
CUST-5010,Riya Sinha,Home Office,South
CUST-3536,Diya Singh,Corporate,East
CUST-5063,Riya Verma,Consumer,West
CUST-7989,Isha Das,Consumer,East
CUST-7099,Riya Kumar,Corporate,East
CUST-5808,Aarav Verma,Home Office,North
CUST-8119,Diya Verma,Corporate,South
CUST-8105,Vivaan Patel,Consumer,East
CUST-9725,Isha Jha,Consumer,North
CUST-9573,Aarav Das,Consumer,South
CUST-7058,Anaya Patel,Corporate,North
CUST-3981,Isha Kumar,Consumer,East
CUST-5696,Isha Roy,Consumer,North
CUST-5411,Diya Sinha,Consumer,South
CUST-1230,Anaya Kumar,Consumer,East
CUST-2778,Kabir Das,Corporate,South
CUST-3142,Aarav Roy,Home Office,South
CUST-5271,Arjun Sharma,Home Office,North
CUST-4907,Diya Patel,Corporate,South
CUST-2904,Riya Patel,Consumer,North
CUST-3832,Riya Das,Home Office,South
CUST-4536,Isha Das,Corporate,North
CUST-5830,Aditya Verma,Consumer,West
CUST-7175,Meera Sinha,Consumer,North
CUST-2408,Diya Sinha,Corporate,West
CUST-5801,Aditya Das,Home Office,South
CUST-2341,Riya Sinha,Corporate,East
CUST-7457,Meera Singh,Home Office,North
CUST-4047,Anaya Gupta,Home Office,South
CUST-8602,Riya Patel,Consumer,South
CUST-8775,Aditya Verma,Consumer,West
CUST-8091,Kabir Jha,Corporate,South
CUST-2582,Aarav Kumar,Home Office,South
CUST-4768,Anaya Patel,Consumer,North
CUST-6490,Isha Sharma,Consumer,West
CUST-7379,Kabir Kumar,Corporate,South
CUST-1101,Anaya Patel,Corporate,South
CUST-8039,Isha Gupta,Home Office,North
CUST-4655,Anaya Sharma,Home Office,North
CUST-8973,Aarav Kumar,Consumer,South
CUST-3253,Diya Jha,Consumer,South
CUST-8123,Isha Roy,Corporate,North
CUST-2334,Riya Gupta,Home Office,East
CUST-1474,Meera Sharma,Consumer,West
CUST-3307,Arjun Singh,Home Office,North
CUST-6724,Meera Gupta,Home Office,North
CUST-7601,Vivaan Roy,Corporate,East
CUST-3028,Aditya Sharma,Home Office,North
CUST-4043,Riya Kumar,Home Office,West
CUST-1656,Aarav Patel,Home Office,North
CUST-9643,Aarav Kumar,Consumer,South
CUST-7471,Arjun Sinha,Consumer,West
CUST-1034,Anaya Singh,Home Office,North
CUST-3153,Aditya Kumar,Corporate,South
CUST-3871,Diya Patel,Home Office,East
CUST-6626,Aarav Singh,Corporate,South
CUST-2685,Meera Gupta,Consumer,West
CUST-1833,Vivaan Roy,Consumer,South
CUST-6112,Arjun Singh,Corporate,North
CUST-2260,Arjun Kumar,Corporate,North
CUST-5602,Vivaan Sinha,Corporate,West
CUST-6869,Diya Verma,Corporate,North
CUST-1984,Aditya Verma,Home Office,East
CUST-4682,Riya Jha,Home Office,East
CUST-7468,Anaya Gupta,Corporate,East
CUST-2171,Diya Singh,Home Office,East
CUST-3602,Riya Kumar,Consumer,East
CUST-3588,Vivaan Das,Home Office,North
CUST-2347,Isha Verma,Corporate,West
CUST-9116,Meera Verma,Consumer,East
CUST-4590,Anaya Jha,Consumer,East
CUST-7368,Diya Patel,Home Office,East
CUST-6635,Isha Sinha,Consumer,South
CUST-4481,Anaya Kumar,Consumer,South
CUST-3312,Aditya Kumar,Corporate,South
CUST-7486,Anaya Kumar,Home Office,North
CUST-2009,Vivaan Roy,Corporate,North
CUST-6709,Meera Singh,Consumer,North
CUST-2882,Arjun Patel,Corporate,North
CUST-2547,Vivaan Das,Consumer,North
CUST-2581,Riya Das,Corporate,West
CUST-9032,Aarav Roy,Consumer,West
CUST-5652,Arjun Sinha,Consumer,East
CUST-7530,Arjun Sinha,Corporate,East
CUST-4589,Aditya Gupta,Consumer,East
CUST-1677,Isha Sinha,Home Office,East
CUST-5734,Diya Singh,Corporate,West
CUST-7315,Meera Verma,Consumer,North
CUST-5339,Aditya Kumar,Home Office,West
CUST-8537,Vivaan Sharma,Consumer,West
CUST-7933,Diya Roy,Corporate,South
CUST-5137,Meera Kumar,Corporate,South
CUST-4938,Vivaan Jha,Corporate,West
CUST-5314,Anaya Sharma,Corporate,East
CUST-8856,Isha Das,Home Office,East
CUST-2321,Kabir Jha,Consumer,East
CUST-4027,Kabir Sinha,Consumer,South
CUST-1859,Anaya Das,Consumer,North
CUST-2964,Diya Sinha,Home Office,North
CUST-9613,Aarav Sinha,Home Office,East
CUST-9766,Aditya Das,Home Office,East
CUST-5269,Arjun Singh,Corporate,North
CUST-7265,Diya Kumar,Consumer,South
CUST-5046,Isha Verma,Consumer,East
CUST-9889,Aarav Verma,Corporate,South
CUST-1130,Isha Jha,Corporate,South
CUST-3193,Aditya Singh,Corporate,East
CUST-1540,Aditya Singh,Corporate,West
CUST-6523,Vivaan Sinha,Consumer,East
CUST-1015,Kabir Sharma,Corporate,East
CUST-4984,Kabir Roy,Home Office,East
CUST-8419,Meera Sinha,Corporate,East
CUST-4166,Meera Sinha,Home Office,East
CUST-6574,Isha Kumar,Home Office,South
CUST-6349,Isha Patel,Home Office,West
CUST-9260,Isha Sharma,Home Office,North
CUST-1878,Isha Kumar,Corporate,West
CUST-2466,Isha Kumar,Home Office,North
CUST-7025,Riya Verma,Home Office,West
CUST-4844,Arjun Gupta,Home Office,North
CUST-4411,Aditya Sharma,Home Office,West
CUST-9796,Meera Singh,Consumer,South
CUST-4300,Kabir Gupta,Corporate,East
CUST-5955,Aditya Jha,Consumer,South
CUST-5227,Riya Sinha,Consumer,South
CUST-5810,Riya Gupta,Home Office,South
CUST-6755,Diya Patel,Home Office,West
CUST-6018,Diya Roy,Consumer,South
CUST-4718,Aarav Kumar,Corporate,East
CUST-5921,Riya Kumar,Consumer,East
CUST-1986,Isha Gupta,Consumer,North
CUST-6254,Isha Patel,Corporate,South
CUST-8213,Aditya Patel,Consumer,South
CUST-4403,Anaya Das,Corporate,North
CUST-3614,Diya Verma,Corporate,South
CUST-4334,Anaya Verma,Home Office,East
CUST-1801,Arjun Roy,Home Office,South
CUST-5293,Aarav Patel,Home Office,West
CUST-3168,Arjun Sinha,Corporate,West
CUST-8483,Kabir Verma,Corporate,North
CUST-8174,Isha Patel,Consumer,South
CUST-6334,Vivaan Patel,Consumer,South
CUST-4345,Diya Das,Corporate,East
CUST-3264,Anaya Verma,Corporate,East
CUST-3983,Riya Jha,Consumer,South
CUST-8001,Vivaan Patel,Consumer,East
CUST-2456,Kabir Singh,Consumer,South
CUST-3006,Meera Patel,Home Office,South
CUST-1598,Isha Das,Home Office,East
CUST-4457,Riya Patel,Corporate,East
CUST-4284,Anaya Roy,Consumer,West
CUST-5380,Kabir Patel,Home Office,North
CUST-2429,Arjun Jha,Home Office,West
CUST-8051,Vivaan Das,Home Office,East
CUST-1871,Vivaan Patel,Home Office,South
CUST-7823,Meera Das,Home Office,East
CUST-5590,Aditya Gupta,Home Office,West
CUST-5545,Diya Sharma,Consumer,East
CUST-3931,Aditya Das,Corporate,East
CUST-8216,Kabir Jha,Home Office,West
CUST-1431,Vivaan Singh,Consumer,East
CUST-6078,Aditya Patel,Corporate,West
CUST-1723,Arjun Verma,Corporate,East
CUST-6960,Isha Sinha,Consumer,North
CUST-5191,Anaya Das,Consumer,North
CUST-5014,Aditya Kumar,Home Office,South
CUST-3448,Aarav Patel,Consumer,East
CUST-2890,Meera Jha,Corporate,East
CUST-6155,Diya Sinha,Home Office,North
CUST-4344,Arjun Gupta,Corporate,North
CUST-4078,Riya Roy,Corporate,West
CUST-9354,Arjun Singh,Corporate,East
CUST-5819,Aarav Verma,Corporate,West
CUST-6421,Isha Sinha,Corporate,West
CUST-5477,Anaya Patel,Corporate,West
CUST-3358,Vivaan Singh,Consumer,North
CUST-7186,Diya Patel,Corporate,East
CUST-7893,Arjun Das,Home Office,West
CUST-5142,Diya Sharma,Corporate,East
CUST-2568,Riya Singh,Home Office,West
CUST-8606,Diya Verma,Corporate,South
CUST-3676,Kabir Patel,Home Office,North
CUST-8370,Kabir Patel,Home Office,South
CUST-6336,Diya Roy,Consumer,North
CUST-8755,Aditya Singh,Corporate,West
CUST-8720,Aarav Patel,Corporate,East
CUST-8617,Aditya Singh,Corporate,West
CUST-5824,Aarav Jha,Consumer,West
CUST-3091,Isha Das,Home Office,North
CUST-2113,Isha Roy,Consumer,South
CUST-7652,Arjun Kumar,Home Office,South
CUST-2348,Meera Roy,Home Office,East
CUST-6450,Kabir Singh,Home Office,East
CUST-9629,Isha Sinha,Corporate,East
CUST-8328,Riya Jha,Home Office,South
CUST-3748,Aditya Das,Consumer,North
CUST-3974,Meera Sharma,Corporate,South
CUST-4314,Diya Singh,Consumer,South
CUST-2269,Diya Sharma,Home Office,West
CUST-9493,Anaya Sharma,Home Office,South
CUST-3995,Aditya Das,Consumer,South
CUST-9608,Meera Kumar,Home Office,North
CUST-7991,Isha Sharma,Corporate,North
CUST-5957,Kabir Patel,Consumer,North
CUST-6776,Riya Gupta,Home Office,East
CUST-7770,Aarav Patel,Corporate,West
CUST-1733,Meera Singh,Consumer,South
CUST-7725,Riya Gupta,Home Office,South
CUST-5800,Anaya Das,Consumer,North
CUST-3333,Aditya Roy,Corporate,West
CUST-9269,Aditya Das,Consumer,North
CUST-9300,Isha Roy,Consumer,South
CUST-4645,Arjun Sinha,Consumer,West
CUST-5650,Vivaan Verma,Consumer,West
CUST-4487,Arjun Gupta,Corporate,South
CUST-4483,Meera Gupta,Home Office,North
CUST-7246,Aarav Sinha,Home Office,East
CUST-6609,Meera Singh,Home Office,West
CUST-4193,Vivaan Das,Consumer,East
CUST-1479,Aditya Sinha,Home Office,North
CUST-3349,Diya Sharma,Home Office,North
CUST-4258,Diya Verma,Consumer,East
CUST-6098,Vivaan Verma,Corporate,West
CUST-9418,Arjun Das,Home Office,North
CUST-6775,Meera Verma,Consumer,West
CUST-2262,Diya Singh,Home Office,South
CUST-4495,Meera Gupta,Consumer,South
CUST-3622,Meera Das,Consumer,East
CUST-5235,Vivaan Roy,Corporate,East
CUST-1227,Isha Sinha,Corporate,East
CUST-1698,Riya Das,Consumer,West
CUST-6760,Diya Sharma,Consumer,East
CUST-5974,Isha Das,Home Office,North
CUST-9518,Anaya Singh,Corporate,East
CUST-4249,Kabir Verma,Corporate,North
CUST-5214,Anaya Das,Corporate,South
CUST-9593,Kabir Patel,Corporate,East
CUST-1670,Aditya Verma,Consumer,East
CUST-5431,Diya Patel,Corporate,South
CUST-7275,Vivaan Roy,Home Office,South
CUST-2365,Isha Sharma,Home Office,East
CUST-3367,Meera Sinha,Corporate,North
CUST-8325,Isha Singh,Home Office,East
CUST-4102,Vivaan Singh,Home Office,East
CUST-3858,Diya Singh,Corporate,North
CUST-5582,Aarav Das,Home Office,North
CUST-3590,Aarav Jha,Consumer,East
CUST-5497,Arjun Jha,Corporate,South
CUST-6652,Diya Das,Consumer,East
CUST-3216,Riya Jha,Consumer,South
CUST-1788,Meera Gupta,Home Office,North
CUST-7815,Meera Sinha,Consumer,West
CUST-1977,Isha Roy,Home Office,North
CUST-8194,Diya Verma,Consumer,North
CUST-4522,Aditya Singh,Corporate,North
CUST-8692,Meera Roy,Consumer,North
CUST-3898,Aarav Sinha,Consumer,South
CUST-3272,Riya Das,Consumer,South
CUST-2332,Vivaan Singh,Consumer,South
CUST-3177,Riya Sinha,Home Office,West
CUST-7968,Kabir Singh,Home Office,West
CUST-5420,Aarav Singh,Consumer,East
CUST-7146,Isha Roy,Consumer,West
CUST-9709,Riya Patel,Consumer,South
CUST-7346,Vivaan Roy,Corporate,South
CUST-4876,Meera Patel,Home Office,West
CUST-4622,Vivaan Sharma,Consumer,West
CUST-7473,Meera Sharma,Consumer,South
CUST-1449,Riya Kumar,Home Office,East
CUST-2399,Meera Sinha,Corporate,South
CUST-2751,Diya Roy,Home Office,South
CUST-6884,Isha Sharma,Corporate,North
CUST-8049,Isha Kumar,Consumer,South
CUST-4381,Isha Kumar,Corporate,South
CUST-1447,Arjun Sinha,Consumer,South
CUST-3254,Anaya Kumar,Corporate,East
CUST-5913,Diya Gupta,Corporate,East
CUST-7466,Aarav Roy,Home Office,East
CUST-9017,Anaya Patel,Corporate,North
CUST-5197,Diya Gupta,Corporate,West
CUST-1596,Vivaan Kumar,Home Office,South
CUST-8221,Arjun Das,Corporate,West
CUST-3052,Isha Singh,Home Office,West
CUST-8369,Isha Roy,Consumer,West
CUST-4914,Kabir Singh,Consumer,South
CUST-9198,Vivaan Jha,Consumer,East
CUST-8671,Isha Sharma,Corporate,West
CUST-1013,Arjun Verma,Corporate,West
CUST-8940,Anaya Singh,Home Office,North
CUST-4389,Isha Kumar,Home Office,South
CUST-9560,Diya Sharma,Corporate,South
CUST-3380,Kabir Patel,Corporate,South
CUST-2529,Diya Roy,Home Office,West
CUST-2426,Arjun Patel,Home Office,North
CUST-3563,Arjun Kumar,Consumer,North
CUST-6829,Riya Singh,Corporate,West
CUST-1773,Aarav Kumar,Corporate,South
CUST-8835,Diya Gupta,Corporate,West
CUST-7924,Vivaan Patel,Consumer,South
CUST-7283,Aditya Sharma,Corporate,East
CUST-6053,Vivaan Gupta,Consumer,West
CUST-5665,Arjun Gupta,Home Office,South
CUST-1401,Aditya Sinha,Consumer,East
CUST-4282,Arjun Sharma,Home Office,West
CUST-1489,Isha Gupta,Corporate,South
CUST-8777,Meera Sinha,Home Office,North
CUST-7680,Aditya Singh,Corporate,East
CUST-3318,Meera Verma,Corporate,West
CUST-5051,Arjun Kumar,Consumer,North
CUST-8912,Aditya Kumar,Home Office,East
CUST-3696,Aditya Jha,Consumer,North
CUST-4063,Vivaan Sharma,Consumer,North
CUST-4395,Isha Gupta,Corporate,East
CUST-4733,Anaya Jha,Corporate,South
CUST-6221,Arjun Kumar,Corporate,South
CUST-7543,Aditya Verma,Home Office,North
CUST-3966,Diya Patel,Home Office,East
CUST-6796,Meera Jha,Consumer,North
CUST-4524,Riya Verma,Consumer,North
CUST-9803,Aarav Das,Home Office,East
CUST-1645,Diya Sharma,Home Office,West
CUST-4479,Vivaan Patel,Corporate,North
CUST-7837,Aditya Das,Corporate,South
CUST-2660,Aditya Sinha,Home Office,South
CUST-1412,Kabir Sinha,Home Office,South
CUST-3882,Isha Roy,Consumer,South
CUST-6038,Riya Gupta,Home Office,South
CUST-5984,Kabir Das,Consumer,North
CUST-7460,Meera Jha,Consumer,South
CUST-3877,Isha Roy,Corporate,West
CUST-5695,Arjun Jha,Corporate,East
CUST-1181,Arjun Singh,Corporate,North
CUST-3831,Aarav Kumar,Consumer,South
CUST-4643,Vivaan Jha,Home Office,East
CUST-8969,Anaya Patel,Corporate,North
CUST-5680,Arjun Gupta,Corporate,East
CUST-7546,Isha Verma,Consumer,East
CUST-3357,Isha Gupta,Corporate,West
CUST-6784,Arjun Kumar,Corporate,West
CUST-4868,Aarav Kumar,Corporate,South
CUST-5307,Aditya Verma,Corporate,North
CUST-5346,Anaya Das,Home Office,North
CUST-9122,Aditya Roy,Corporate,South
CUST-5838,Diya Patel,Corporate,North
CUST-1881,Kabir Roy,Consumer,East
CUST-8768,Arjun Jha,Consumer,West
CUST-5629,Aarav Singh,Corporate,East
CUST-2189,Kabir Gupta,Consumer,East
CUST-5369,Kabir Verma,Consumer,South
CUST-6292,Anaya Sharma,Consumer,East
CUST-4641,Meera Sinha,Home Office,North
CUST-7131,Kabir Gupta,Home Office,West
CUST-9553,Meera Kumar,Corporate,South
CUST-5083,Isha Sharma,Consumer,East
CUST-1097,Anaya Jha,Home Office,East
CUST-1682,Arjun Kumar,Home Office,North
CUST-5239,Vivaan Patel,Home Office,North
CUST-6008,Isha Singh,Home Office,South
CUST-3645,Vivaan Sharma,Consumer,West
CUST-7958,Diya Sharma,Home Office,South
CUST-2927,Aditya Sharma,Consumer,North
CUST-8654,Aarav Singh,Consumer,South
CUST-6145,Riya Patel,Consumer,North
CUST-9323,Kabir Gupta,Corporate,South
CUST-8618,Riya Verma,Consumer,West
CUST-6446,Diya Jha,Corporate,South
CUST-8697,Diya Sharma,Corporate,North
CUST-1591,Meera Sinha,Consumer,North
CUST-7521,Anaya Sinha,Home Office,North
CUST-8480,Vivaan Sinha,Home Office,East
CUST-9062,Diya Jha,Corporate,West
CUST-5204,Isha Patel,Home Office,South
CUST-1741,Aditya Patel,Home Office,East
CUST-6209,Riya Singh,Corporate,North
CUST-6325,Riya Patel,Consumer,West
CUST-7661,Riya Verma,Consumer,East
CUST-7475,Meera Gupta,Corporate,South
CUST-3117,Isha Sharma,Corporate,West
CUST-2988,Isha Sinha,Home Office,East
CUST-6029,Aditya Sharma,Corporate,South
CUST-2831,Arjun Jha,Consumer,West
CUST-6351,Meera Gupta,Consumer,North
CUST-6650,Vivaan Sharma,Home Office,East
CUST-9891,Diya Jha,Consumer,South
CUST-7963,Anaya Kumar,Home Office,East
CUST-2540,Vivaan Roy,Home Office,West
CUST-8710,Aditya Patel,Consumer,East
CUST-2478,Meera Patel,Corporate,East
CUST-7856,Arjun Gupta,Consumer,East
CUST-5401,Meera Roy,Consumer,South
CUST-2133,Anaya Roy,Home Office,East
CUST-2884,Meera Kumar,Corporate,South
CUST-5466,Isha Verma,Consumer,North
CUST-5856,Vivaan Roy,Home Office,East
CUST-3635,Kabir Verma,Home Office,East
CUST-2210,Aarav Patel,Home Office,West
CUST-1434,Arjun Kumar,Home Office,West
CUST-7463,Kabir Roy,Corporate,South
CUST-4512,Aditya Jha,Home Office,South
CUST-9253,Riya Kumar,Corporate,North
CUST-4498,Anaya Verma,Corporate,East
CUST-8811,Diya Kumar,Consumer,East
CUST-2748,Anaya Roy,Corporate,East
CUST-3649,Isha Das,Corporate,North
CUST-4942,Diya Sharma,Home Office,North
CUST-7611,Arjun Kumar,Home Office,North
CUST-1196,Kabir Verma,Corporate,West
CUST-7253,Diya Das,Home Office,East
CUST-7988,Anaya Sharma,Corporate,West
CUST-1648,Riya Roy,Corporate,South
CUST-1121,Riya Singh,Corporate,South
CUST-7817,Aarav Patel,Consumer,South
CUST-6706,Anaya Kumar,Home Office,West
CUST-8238,Kabir Patel,Home Office,West
CUST-5851,Kabir Patel,Consumer,West
CUST-6859,Aditya Kumar,Home Office,South
CUST-9212,Kabir Verma,Home Office,North
CUST-2098,Vivaan Patel,Consumer,South
CUST-1943,Aarav Roy,Home Office,North
CUST-7962,Riya Sinha,Home Office,East
CUST-9567,Meera Patel,Corporate,West
CUST-9601,Riya Patel,Consumer,North
CUST-3677,Riya Patel,Consumer,North
CUST-4501,Kabir Sharma,Consumer,South
CUST-1932,Anaya Patel,Corporate,West
CUST-6885,Arjun Kumar,Consumer,South
CUST-3718,Riya Verma,Corporate,North
CUST-1643,Kabir Sharma,Home Office,West
CUST-8377,Isha Das,Consumer,South
CUST-4656,Arjun Jha,Consumer,East
CUST-7739,Diya Sharma,Home Office,South
CUST-7535,Meera Sinha,Home Office,South
CUST-6352,Riya Roy,Corporate,East
CUST-5854,Diya Roy,Consumer,West
CUST-5500,Riya Verma,Consumer,West
CUST-6020,Kabir Patel,Consumer,West
CUST-9189,Aarav Sharma,Corporate,South
CUST-7879,Anaya Jha,Home Office,East
CUST-7690,Arjun Sharma,Consumer,South
CUST-9906,Isha Singh,Corporate,West
CUST-9581,Aditya Roy,Consumer,South
CUST-3466,Isha Jha,Corporate,West
CUST-1003,Aarav Roy,Home Office,East
CUST-5843,Anaya Singh,Corporate,South
CUST-8820,Arjun Verma,Home Office,West
CUST-1841,Meera Sinha,Consumer,West
CUST-5416,Meera Sinha,Consumer,East
CUST-7350,Meera Verma,Home Office,North
CUST-9504,Anaya Das,Consumer,West
CUST-6502,Arjun Sharma,Corporate,North
CUST-8815,Isha Sinha,Corporate,North
CUST-6991,Aditya Jha,Home Office,East
CUST-2554,Arjun Kumar,Home Office,North
CUST-5194,Meera Das,Corporate,West
CUST-1675,Vivaan Jha,Corporate,South
CUST-6976,Aarav Das,Home Office,North
CUST-9545,Riya Sinha,Consumer,North
CUST-8738,Isha Sinha,Consumer,North
CUST-2387,Anaya Gupta,Consumer,North
CUST-5462,Meera Das,Corporate,East
CUST-2948,Riya Sharma,Home Office,South
CUST-9695,Arjun Sinha,Consumer,West
CUST-4999,Meera Roy,Home Office,East
CUST-3773,Aarav Gupta,Consumer,South
CUST-8491,Aarav Roy,Home Office,South
CUST-3824,Aarav Roy,Corporate,East
CUST-8832,Arjun Jha,Consumer,South
CUST-3300,Vivaan Kumar,Consumer,West
CUST-8861,Meera Kumar,Consumer,West
CUST-5874,Arjun Roy,Consumer,North
CUST-4287,Aarav Gupta,Consumer,West
CUST-5301,Arjun Gupta,Home Office,West
CUST-4507,Meera Sharma,Corporate,South
CUST-9845,Arjun Sinha,Consumer,South
CUST-2693,Kabir Jha,Home Office,North
CUST-4961,Anaya Gupta,Home Office,East
CUST-8539,Kabir Gupta,Consumer,West
CUST-9206,Aditya Kumar,Corporate,North
CUST-8778,Kabir Patel,Home Office,North
CUST-5024,Kabir Singh,Corporate,West
CUST-4128,Aditya Kumar,Consumer,East
CUST-8301,Arjun Gupta,Consumer,West
CUST-6415,Riya Sinha,Corporate,East
CUST-7256,Kabir Sharma,Consumer,East
CUST-8087,Anaya Sinha,Consumer,East
CUST-9220,Riya Roy,Consumer,North
CUST-5183,Diya Kumar,Home Office,South
CUST-6117,Arjun Singh,Corporate,West
CUST-2730,Riya Verma,Corporate,South
CUST-9587,Aarav Patel,Consumer,South
CUST-8959,Vivaan Verma,Corporate,West
CUST-2032,Meera Sharma,Consumer,East
CUST-2877,Riya Kumar,Corporate,East
CUST-1857,Diya Kumar,Corporate,West
CUST-5556,Riya Sharma,Consumer,North
CUST-5750,Aditya Patel,Home Office,East
CUST-4231,Aarav Sinha,Corporate,North
CUST-5659,Arjun Kumar,Home Office,West
CUST-9373,Vivaan Kumar,Home Office,North
CUST-7979,Arjun Jha,Home Office,East
CUST-3413,Arjun Jha,Consumer,East
CUST-4937,Isha Gupta,Corporate,South
CUST-9312,Aarav Das,Corporate,East
CUST-7495,Arjun Sharma,Corporate,East
CUST-4852,Arjun Verma,Consumer,East
CUST-3754,Aarav Singh,Home Office,South
CUST-7906,Kabir Das,Corporate,West
CUST-5908,Meera Das,Home Office,North
CUST-2789,Vivaan Das,Home Office,North
CUST-9175,Arjun Singh,Home Office,West
CUST-1327,Isha Sinha,Consumer,South
CUST-7428,Riya Das,Consumer,South
CUST-2880,Arjun Roy,Home Office,South
CUST-8874,Kabir Sinha,Consumer,North
CUST-8605,Kabir Verma,Home Office,East
CUST-7592,Vivaan Sharma,Consumer,West
CUST-2962,Riya Sinha,Corporate,East
CUST-6736,Kabir Sinha,Consumer,East
CUST-5047,Vivaan Verma,Consumer,South
CUST-7699,Riya Roy,Home Office,West
CUST-9485,Arjun Verma,Home Office,North
CUST-8025,Diya Jha,Corporate,South
CUST-6648,Vivaan Patel,Consumer,East
CUST-7868,Diya Roy,Home Office,East
CUST-3797,Arjun Verma,Home Office,South
CUST-6199,Diya Sinha,Consumer,North
CUST-2838,Anaya Sharma,Corporate,West
CUST-1937,Diya Kumar,Home Office,North
CUST-7171,Aditya Sinha,Corporate,West
CUST-4692,Anaya Kumar,Consumer,East
CUST-3817,Anaya Jha,Corporate,East
CUST-1894,Aarav Patel,Home Office,East
CUST-5673,Aarav Patel,Consumer,South
CUST-5368,Riya Roy,Consumer,East
CUST-9491,Diya Sinha,Corporate,West
CUST-5159,Isha Gupta,Corporate,South
CUST-9895,Anaya Verma,Home Office,South
CUST-2912,Vivaan Gupta,Corporate,South
CUST-1317,Aarav Gupta,Home Office,East
CUST-5664,Aarav Verma,Home Office,East
CUST-9531,Vivaan Patel,Home Office,South
CUST-3857,Vivaan Singh,Home Office,North
CUST-2028,Isha Kumar,Home Office,East
CUST-3897,Vivaan Sinha,Home Office,North
CUST-4991,Aarav Gupta,Home Office,East
CUST-3377,Isha Singh,Consumer,East
CUST-5457,Kabir Gupta,Consumer,South
CUST-2371,Aditya Patel,Corporate,North
CUST-1063,Kabir Sinha,Consumer,West
CUST-3158,Diya Kumar,Consumer,West
CUST-4008,Meera Sharma,Consumer,South
CUST-8446,Riya Sinha,Corporate,North
CUST-8071,Anaya Patel,Consumer,East
CUST-9250,Diya Roy,Consumer,East
CUST-9262,Arjun Singh,Corporate,West
CUST-1266,Isha Sharma,Consumer,South
CUST-3034,Vivaan Patel,Consumer,East
CUST-2111,Meera Sinha,Consumer,South
CUST-9142,Riya Jha,Corporate,North
CUST-3600,Kabir Kumar,Consumer,South
CUST-7973,Aarav Kumar,Home Office,South
CUST-4898,Meera Das,Consumer,West
CUST-9706,Meera Sharma,Home Office,East
CUST-5319,Diya Patel,Corporate,South
CUST-1768,Arjun Jha,Home Office,South
CUST-6697,Aditya Sinha,Corporate,North
CUST-1916,Aarav Sinha,Home Office,East
CUST-4694,Arjun Roy,Home Office,South
CUST-7564,Riya Das,Corporate,South
CUST-9310,Aarav Roy,Corporate,West
CUST-7969,Aditya Roy,Corporate,East
CUST-9442,Arjun Das,Home Office,South
CUST-7600,Vivaan Verma,Consumer,West
CUST-6326,Vivaan Patel,Corporate,West
CUST-5785,Aarav Roy,Home Office,West
CUST-4734,Kabir Sinha,Home Office,East
CUST-4843,Diya Jha,Home Office,East
CUST-4675,Arjun Verma,Home Office,East
CUST-8059,Vivaan Roy,Corporate,West
CUST-8348,Anaya Sinha,Home Office,South
CUST-3403,Riya Verma,Corporate,North
CUST-3119,Arjun Sinha,Home Office,South
CUST-6357,Vivaan Das,Corporate,South
CUST-4092,Diya Gupta,Consumer,North
CUST-8935,Aarav Patel,Home Office,South
CUST-3371,Aditya Das,Corporate,South
CUST-2565,Kabir Sinha,Home Office,North
CUST-3534,Riya Kumar,Consumer,North
CUST-1996,Arjun Roy,Corporate,North
CUST-2780,Vivaan Patel,Home Office,North
CUST-3485,Meera Patel,Corporate,West
CUST-7422,Anaya Sharma,Home Office,South
CUST-3419,Meera Patel,Consumer,West
CUST-4905,Aarav Singh,Consumer,West
CUST-6822,Meera Roy,Corporate,North
CUST-9445,Aarav Patel,Corporate,West
CUST-3484,Isha Sinha,Corporate,West
CUST-3215,Vivaan Gupta,Corporate,West
CUST-3145,Anaya Sharma,Home Office,East
CUST-4771,Arjun Das,Home Office,North
CUST-8259,Anaya Verma,Consumer,East
CUST-7727,Isha Das,Consumer,South
CUST-8246,Kabir Gupta,Home Office,South
CUST-3202,Aditya Singh,Home Office,South
CUST-8158,Isha Roy,Home Office,East
CUST-6995,Diya Jha,Home Office,East
CUST-8155,Riya Roy,Consumer,East
CUST-8426,Kabir Gupta,Home Office,West
CUST-1346,Diya Jha,Home Office,North
CUST-2707,Riya Jha,Consumer,West
CUST-8806,Aditya Verma,Corporate,South
CUST-9656,Isha Roy,Corporate,North
CUST-4693,Arjun Singh,Home Office,West
CUST-7767,Isha Jha,Corporate,North
CUST-6825,Meera Jha,Home Office,East
CUST-6212,Anaya Gupta,Corporate,North
CUST-1760,Arjun Verma,Consumer,South
CUST-4460,Kabir Roy,Consumer,West
CUST-4171,Meera Sharma,Consumer,West
CUST-4488,Isha Sinha,Home Office,East
CUST-1409,Riya Sharma,Consumer,East
CUST-4061,Vivaan Das,Corporate,North
CUST-2304,Meera Gupta,Corporate,North
CUST-6120,Kabir Kumar,Consumer,West
CUST-1120,Aarav Kumar,Corporate,North
CUST-2132,Aarav Roy,Consumer,West
CUST-1839,Diya Jha,Consumer,North
CUST-3581,Anaya Sharma,Consumer,West
CUST-8574,Aarav Das,Corporate,South
CUST-3693,Diya Verma,Consumer,West
CUST-3067,Arjun Kumar,Corporate,South
CUST-5178,Riya Roy,Corporate,North
CUST-5373,Arjun Roy,Corporate,South
CUST-9731,Kabir Gupta,Consumer,North
CUST-9433,Aarav Das,Consumer,West
CUST-8207,Aarav Singh,Home Office,South
CUST-6382,Diya Patel,Corporate,East
CUST-9061,Anaya Verma,Home Office,West
CUST-8955,Riya Verma,Corporate,East
CUST-8464,Kabir Sinha,Corporate,East
CUST-7281,Riya Verma,Consumer,North
CUST-9821,Aditya Patel,Consumer,West
CUST-7897,Arjun Sharma,Corporate,West
CUST-8003,Meera Gupta,Home Office,South
CUST-1403,Arjun Roy,Consumer,North
CUST-6062,Diya Kumar,Corporate,North
CUST-4612,Diya Verma,Consumer,South
CUST-2796,Vivaan Verma,Home Office,East
CUST-1562,Vivaan Sharma,Home Office,South
CUST-3716,Diya Gupta,Home Office,South
CUST-1742,Diya Sinha,Corporate,East
CUST-3386,Kabir Kumar,Consumer,North
CUST-1203,Isha Jha,Consumer,East
CUST-4051,Isha Jha,Corporate,North
CUST-4165,Arjun Kumar,Consumer,West
CUST-6388,Kabir Singh,Home Office,East
CUST-7068,Arjun Jha,Corporate,South
CUST-4329,Riya Gupta,Corporate,East
CUST-5778,Vivaan Sharma,Corporate,South
CUST-9102,Riya Verma,Consumer,East
CUST-9958,Anaya Patel,Corporate,North
CUST-4018,Kabir Patel,Corporate,East
CUST-1052,Riya Sinha,Consumer,North
CUST-9377,Aditya Das,Consumer,South
CUST-5537,Anaya Kumar,Corporate,South
CUST-2769,Diya Singh,Home Office,East
CUST-6217,Aditya Kumar,Home Office,South
CUST-9837,Vivaan Gupta,Home Office,West
CUST-4232,Vivaan Patel,Home Office,South
CUST-9243,Riya Das,Corporate,North
CUST-6418,Aditya Singh,Home Office,West
CUST-2320,Aarav Gupta,Home Office,East
CUST-1750,Aditya Das,Home Office,North
CUST-6100,Riya Gupta,Home Office,West
CUST-4169,Riya Gupta,Consumer,South
CUST-5231,Vivaan Sinha,Consumer,West
CUST-3455,Meera Patel,Consumer,South
CUST-3139,Anaya Singh,Corporate,East
CUST-7069,Isha Gupta,Consumer,East
CUST-4486,Vivaan Das,Home Office,West
CUST-7016,Isha Gupta,Consumer,South
CUST-3799,Meera Sharma,Consumer,West
CUST-3473,Riya Roy,Consumer,East
CUST-9263,Meera Roy,Consumer,East
CUST-4663,Anaya Sharma,Consumer,North
CUST-1177,Meera Sharma,Consumer,West
CUST-2258,Anaya Patel,Corporate,West
CUST-3488,Meera Sharma,Home Office,West
CUST-5133,Vivaan Patel,Corporate,South
CUST-7261,Aarav Das,Corporate,North
CUST-8610,Meera Das,Consumer,North
CUST-9861,Meera Kumar,Consumer,North
CUST-1267,Aarav Kumar,Consumer,West
CUST-2201,Aditya Das,Consumer,South
CUST-2713,Meera Jha,Home Office,East
CUST-1096,Anaya Sinha,Home Office,South
CUST-6553,Aarav Das,Consumer,East
CUST-9322,Riya Jha,Consumer,West
CUST-1813,Aditya Verma,Corporate,South
CUST-2058,Diya Patel,Home Office,West
CUST-2418,Aditya Verma,Home Office,North
CUST-1116,Riya Kumar,Consumer,North
CUST-2953,Arjun Jha,Home Office,North
CUST-5135,Kabir Jha,Consumer,East
CUST-5213,Arjun Jha,Home Office,North
CUST-6049,Riya Sinha,Consumer,South
CUST-7585,Kabir Jha,Home Office,East
CUST-1743,Anaya Jha,Consumer,West
CUST-9129,Aditya Verma,Consumer,South
CUST-5479,Riya Jha,Corporate,North
CUST-6335,Isha Sinha,Consumer,West
CUST-7901,Arjun Singh,Home Office,North
CUST-4807,Riya Singh,Consumer,North
CUST-2823,Anaya Das,Home Office,North
CUST-4133,Aditya Roy,Corporate,East
CUST-3323,Diya Kumar,Corporate,West
CUST-5559,Isha Verma,Corporate,South
CUST-8286,Diya Patel,Consumer,North
CUST-9556,Meera Jha,Corporate,East
CUST-9911,Diya Gupta,Home Office,West
CUST-2767,Riya Roy,Consumer,North
CUST-4423,Aarav Sinha,Consumer,South
CUST-8521,Diya Gupta,Consumer,East
CUST-7420,Meera Sharma,Home Office,East
CUST-1297,Kabir Sinha,Consumer,West
CUST-9962,Vivaan Gupta,Home Office,North
CUST-4831,Kabir Sharma,Corporate,East
CUST-4289,Kabir Gupta,Consumer,West
CUST-5839,Diya Jha,Consumer,South
CUST-7794,Isha Roy,Consumer,North
CUST-6661,Anaya Gupta,Consumer,South
CUST-3397,Aditya Verma,Corporate,North
CUST-8993,Meera Das,Home Office,East
CUST-8609,Vivaan Roy,Home Office,South
CUST-6403,Aditya Singh,Home Office,West
CUST-5104,Anaya Patel,Home Office,North
CUST-4936,Aditya Singh,Home Office,East
CUST-9443,Aditya Singh,Home Office,South
CUST-2343,Diya Singh,Corporate,North
CUST-8558,Aarav Sinha,Corporate,West
CUST-4719,Diya Sinha,Consumer,East
CUST-5445,Riya Verma,Home Office,West
CUST-5123,Aarav Singh,Home Office,East
CUST-7046,Riya Das,Corporate,South
CUST-3848,Riya Gupta,Corporate,East
CUST-3919,Isha Patel,Consumer,West
CUST-8188,Isha Kumar,Corporate,South
CUST-6984,Arjun Verma,Corporate,North
CUST-5351,Diya Sharma,Consumer,North
CUST-9113,Anaya Gupta,Consumer,South
CUST-1481,Isha Sinha,Consumer,West
CUST-5982,Aditya Patel,Consumer,South
CUST-9465,Diya Singh,Corporate,South
CUST-7162,Anaya Roy,Consumer,East
CUST-4562,Meera Kumar,Home Office,West
CUST-5783,Meera Jha,Home Office,West
CUST-8392,Isha Das,Consumer,West
CUST-3175,Kabir Sinha,Corporate,West
CUST-6144,Aditya Gupta,Corporate,South
CUST-2152,Aarav Roy,Consumer,North
CUST-4066,Diya Verma,Consumer,South
CUST-9585,Aarav Roy,Consumer,East
CUST-2987,Riya Sharma,Home Office,East
CUST-7635,Riya Kumar,Corporate,South
CUST-5249,Meera Kumar,Home Office,South
CUST-7231,Vivaan Verma,Home Office,South
CUST-2742,Arjun Das,Consumer,North
CUST-3078,Aarav Roy,Home Office,West
CUST-8891,Arjun Kumar,Consumer,North
CUST-4526,Aditya Singh,Home Office,West
CUST-6044,Diya Singh,Home Office,West
CUST-8833,Riya Verma,Consumer,East
CUST-8658,Anaya Verma,Consumer,East
CUST-2018,Kabir Patel,Consumer,East
CUST-1547,Kabir Sinha,Home Office,North
CUST-6924,Arjun Sinha,Consumer,West
CUST-3925,Meera Kumar,Consumer,West
CUST-4539,Diya Singh,Corporate,West
CUST-5681,Vivaan Singh,Corporate,South
CUST-1944,Aditya Verma,Home Office,East
CUST-9459,Diya Verma,Home Office,South
CUST-9268,Isha Patel,Corporate,West
CUST-5525,Diya Sharma,Consumer,South
CUST-6036,Isha Gupta,Corporate,North
CUST-5857,Vivaan Roy,Home Office,East
CUST-5949,Aditya Roy,Home Office,North
CUST-8159,Meera Verma,Consumer,North
CUST-1609,Vivaan Jha,Corporate,South
CUST-5330,Vivaan Sinha,Home Office,East
CUST-5310,Diya Roy,Home Office,South
CUST-8745,Diya Kumar,Home Office,East
CUST-1882,Isha Kumar,Consumer,South
CUST-2443,Vivaan Das,Corporate,East
CUST-4439,Riya Singh,Consumer,North
CUST-2244,Riya Patel,Corporate,North
CUST-8153,Diya Sharma,Consumer,North
CUST-6681,Arjun Patel,Corporate,West
CUST-8939,Diya Sinha,Consumer,South
CUST-3573,Diya Singh,Home Office,North
CUST-7888,Vivaan Kumar,Corporate,South
CUST-9552,Arjun Jha,Home Office,South
CUST-2067,Vivaan Singh,Corporate,South
CUST-1393,Anaya Gupta,Corporate,North
CUST-8669,Isha Das,Home Office,East
CUST-5630,Anaya Roy,Corporate,West
CUST-1082,Kabir Gupta,Corporate,West
CUST-7347,Diya Sharma,Consumer,South
CUST-4883,Isha Verma,Home Office,South
CUST-8356,Isha Verma,Corporate,East
CUST-3180,Kabir Patel,Consumer,South
CUST-6629,Meera Gupta,Corporate,South
CUST-4422,Aditya Singh,Consumer,South
CUST-3019,Riya Gupta,Home Office,South
CUST-4757,Riya Verma,Corporate,West
CUST-2310,Anaya Gupta,Consumer,South
CUST-9929,Kabir Gupta,Corporate,West
CUST-8410,Arjun Kumar,Consumer,North
CUST-8817,Diya Roy,Home Office,North
CUST-9178,Kabir Sinha,Home Office,North
CUST-3345,Aditya Roy,Home Office,North
CUST-2427,Anaya Das,Corporate,North
CUST-9304,Aarav Jha,Corporate,North
CUST-6252,Aditya Roy,Corporate,North
CUST-8544,Isha Jha,Home Office,North
CUST-5442,Meera Das,Corporate,South
CUST-3120,Diya Roy,Corporate,West
CUST-6009,Anaya Sharma,Home Office,West
CUST-9431,Riya Kumar,Home Office,North
CUST-9650,Isha Das,Home Office,North
CUST-3531,Arjun Roy,Home Office,South
CUST-9387,Anaya Gupta,Consumer,West
CUST-7360,Vivaan Singh,Consumer,East
CUST-6019,Arjun Roy,Consumer,West
CUST-5827,Aarav Verma,Consumer,West
CUST-7796,Riya Jha,Consumer,North
CUST-7228,Aarav Patel,Corporate,North
CUST-8958,Isha Patel,Home Office,North
CUST-9085,Diya Jha,Consumer,West
CUST-4351,Meera Roy,Corporate,East
CUST-2928,Arjun Sinha,Consumer,South
CUST-6483,Anaya Sharma,Consumer,South
CUST-3537,Anaya Gupta,Home Office,North
CUST-1635,Anaya Roy,Corporate,North
CUST-2474,Aarav Gupta,Consumer,East
CUST-5925,Vivaan Singh,Home Office,South
CUST-7874,Diya Roy,Corporate,North
CUST-2941,Riya Patel,Corporate,West
CUST-4417,Diya Patel,Consumer,West
CUST-2183,Aarav Patel,Corporate,North
CUST-6237,Vivaan Singh,Consumer,East
CUST-5216,Arjun Sinha,Home Office,West
CUST-1838,Riya Sinha,Corporate,West
CUST-5624,Arjun Verma,Consumer,South
CUST-8057,Riya Kumar,Home Office,South
CUST-8735,Anaya Sharma,Consumer,North
CUST-7129,Aditya Singh,Corporate,North
CUST-7955,Riya Verma,Consumer,North
CUST-9697,Vivaan Jha,Consumer,South
CUST-5979,Anaya Das,Consumer,North
CUST-7798,Riya Patel,Corporate,North
CUST-2704,Aditya Verma,Home Office,West
CUST-5963,Aarav Verma,Consumer,West
CUST-1134,Isha Patel,Consumer,West
CUST-2232,Meera Sinha,Corporate,North
CUST-8779,Kabir Singh,Home Office,East
CUST-8549,Aditya Verma,Corporate,West
CUST-1647,Arjun Jha,Corporate,South
CUST-3005,Vivaan Das,Consumer,North
CUST-7492,Riya Verma,Corporate,West
CUST-9764,Riya Sinha,Corporate,North
CUST-7967,Meera Patel,Home Office,South
CUST-6790,Riya Kumar,Corporate,West
CUST-6487,Diya Das,Home Office,North
CUST-6401,Arjun Roy,Corporate,North
CUST-7405,Aditya Sinha,Corporate,North
CUST-5139,Riya Jha,Corporate,South
CUST-9923,Arjun Sharma,Corporate,South
CUST-5490,Diya Sharma,Home Office,South
CUST-8831,Vivaan Sharma,Corporate,South
CUST-5188,Vivaan Kumar,Home Office,East
CUST-4639,Aditya Singh,Home Office,West
CUST-2544,Vivaan Kumar,Consumer,West
CUST-5837,Isha Singh,Home Office,North
CUST-4268,Aditya Singh,Home Office,West
CUST-8099,Vivaan Sharma,Home Office,East
CUST-9278,Diya Jha,Corporate,North
CUST-8930,Aditya Das,Consumer,East
CUST-9779,Kabir Sinha,Consumer,West
CUST-2213,Riya Roy,Home Office,South
CUST-6679,Aarav Patel,Home Office,North
CUST-3755,Aarav Verma,Corporate,West
CUST-7982,Meera Gupta,Corporate,North
CUST-6678,Anaya Das,Corporate,East
CUST-1048,Isha Das,Consumer,South
CUST-3301,Aarav Das,Consumer,East
CUST-9681,Kabir Sharma,Home Office,West
CUST-6281,Meera Kumar,Corporate,North
CUST-5585,Arjun Sinha,Consumer,North
CUST-5333,Isha Singh,Consumer,South
CUST-2248,Anaya Gupta,Corporate,East
CUST-6218,Vivaan Patel,Consumer,South
CUST-6204,Diya Singh,Consumer,West
CUST-6636,Kabir Singh,Consumer,South
CUST-2135,Kabir Sinha,Home Office,West
CUST-5855,Riya Patel,Corporate,East
CUST-3613,Riya Roy,Consumer,South
CUST-4608,Anaya Singh,Home Office,West
CUST-4933,Kabir Kumar,Home Office,East
CUST-2650,Kabir Sinha,Consumer,South
CUST-4946,Arjun Kumar,Home Office,South
CUST-6121,Meera Kumar,Corporate,North
CUST-7331,Riya Roy,Corporate,West
CUST-1535,Aditya Gupta,Home Office,West
CUST-8218,Aditya Verma,Corporate,South
CUST-3733,Arjun Gupta,Consumer,South
CUST-2274,Isha Das,Consumer,South
CUST-2471,Isha Verma,Home Office,North
CUST-4185,Riya Roy,Corporate,North
CUST-7646,Arjun Roy,Home Office,West
CUST-3725,Arjun Jha,Consumer,East
CUST-8904,Arjun Verma,Corporate,East
CUST-7041,Riya Jha,Consumer,East
CUST-7039,Diya Das,Consumer,South
CUST-9536,Meera Sinha,Consumer,West
CUST-3595,Kabir Roy,Corporate,East
CUST-8600,Kabir Sharma,Home Office,West
CUST-7960,Anaya Verma,Home Office,South
CUST-9441,Vivaan Patel,Corporate,East
CUST-9021,Vivaan Kumar,Home Office,North
CUST-8102,Arjun Kumar,Corporate,East
CUST-5518,Aarav Singh,Home Office,South
CUST-2234,Aditya Das,Corporate,West
CUST-2249,Diya Verma,Home Office,East
CUST-5471,Isha Verma,Consumer,East
CUST-3421,Riya Sinha,Home Office,East
CUST-7523,Anaya Jha,Home Office,East
CUST-9669,Isha Sharma,Home Office,South
CUST-7562,Anaya Singh,Corporate,North
CUST-6729,Arjun Gupta,Consumer,West
CUST-2377,Arjun Gupta,Corporate,South
CUST-1724,Meera Sharma,Home Office,East
CUST-6614,Vivaan Sinha,Consumer,West
CUST-1778,Anaya Sinha,Consumer,West
CUST-7333,Isha Roy,Home Office,West
CUST-1413,Arjun Patel,Home Office,East
CUST-3887,Kabir Roy,Corporate,West
CUST-7117,Riya Singh,Home Office,East
CUST-5103,Vivaan Gupta,Consumer,South
CUST-2841,Kabir Gupta,Corporate,North
CUST-7914,Riya Roy,Corporate,West
CUST-8090,Riya Roy,Consumer,North
CUST-5817,Anaya Jha,Corporate,West
CUST-2468,Vivaan Gupta,Home Office,North
CUST-2013,Riya Singh,Home Office,West
CUST-6506,Meera Verma,Consumer,West
CUST-6332,Isha Roy,Home Office,East
CUST-2564,Riya Roy,Home Office,East
CUST-2924,Isha Sinha,Consumer,North
CUST-8751,Arjun Patel,Home Office,North
CUST-8949,Diya Sharma,Home Office,East
CUST-4200,Diya Patel,Corporate,West
CUST-9031,Diya Roy,Corporate,South
CUST-1400,Aditya Verma,Consumer,West
CUST-2741,Anaya Verma,Home Office,South
CUST-6085,Arjun Singh,Home Office,West
CUST-5542,Meera Sharma,Corporate,East
CUST-7282,Diya Verma,Home Office,North
CUST-3007,Meera Gupta,Corporate,West
CUST-7213,Diya Roy,Corporate,South
CUST-3185,Diya Kumar,Corporate,West
CUST-6286,Arjun Patel,Consumer,West
CUST-5400,Aditya Roy,Corporate,West
CUST-1299,Vivaan Das,Consumer,South
CUST-7683,Kabir Verma,Consumer,South
CUST-5027,Vivaan Singh,Corporate,South
CUST-2843,Meera Das,Home Office,East
CUST-5058,Arjun Sinha,Consumer,North
CUST-2127,Diya Verma,Corporate,East
CUST-4420,Aarav Kumar,Corporate,West
CUST-2393,Vivaan Roy,Consumer,East
CUST-4892,Kabir Kumar,Home Office,West
CUST-4880,Aditya Sharma,Consumer,South
CUST-7245,Aditya Gupta,Consumer,East
CUST-8135,Anaya Gupta,Consumer,South
CUST-2352,Anaya Singh,Consumer,East
CUST-3226,Kabir Kumar,Home Office,East
CUST-2849,Isha Singh,Home Office,North
CUST-5470,Isha Verma,Corporate,East
CUST-5583,Diya Roy,Corporate,West
CUST-5200,Riya Roy,Consumer,South
CUST-3586,Isha Sinha,Home Office,West
CUST-7208,Isha Kumar,Home Office,East
CUST-5973,Riya Sharma,Corporate,East
CUST-7809,Diya Das,Consumer,South
CUST-3013,Meera Roy,Consumer,South
CUST-7653,Arjun Kumar,Consumer,West
CUST-9532,Kabir Verma,Home Office,North
CUST-1665,Vivaan Gupta,Consumer,South
CUST-6052,Diya Patel,Home Office,South
CUST-8911,Arjun Gupta,Consumer,West
CUST-5454,Anaya Das,Consumer,East
CUST-4444,Anaya Gupta,Corporate,East
CUST-6764,Isha Das,Corporate,East
CUST-1592,Aarav Singh,Home Office,West
CUST-4105,Aarav Sinha,Consumer,South
CUST-2550,Riya Gupta,Corporate,North
CUST-3149,Aditya Sharma,Corporate,West
CUST-6366,Kabir Sinha,Corporate,West
CUST-3633,Aarav Patel,Consumer,North
CUST-5964,Anaya Sharma,Consumer,North
CUST-6852,Anaya Patel,Home Office,East
CUST-9819,Diya Verma,Corporate,North
CUST-6289,Aarav Sharma,Corporate,East
CUST-2955,Aarav Singh,Consumer,South
CUST-9955,Isha Gupta,Home Office,North
CUST-7073,Anaya Gupta,Corporate,North
CUST-5531,Anaya Patel,Home Office,North
CUST-9793,Arjun Kumar,Home Office,North
CUST-5770,Meera Kumar,Home Office,West
CUST-7694,Vivaan Singh,Home Office,South
CUST-4012,Aarav Sinha,Home Office,West
CUST-2360,Vivaan Gupta,Corporate,West
CUST-8435,Isha Sharma,Corporate,North
CUST-8271,Meera Das,Consumer,West
CUST-8076,Riya Roy,Consumer,North
CUST-3993,Vivaan Gupta,Corporate,South
CUST-2226,Riya Sinha,Home Office,North
CUST-9043,Vivaan Sharma,Home Office,West
CUST-1279,Vivaan Jha,Home Office,South
CUST-7762,Anaya Gupta,Consumer,South
CUST-5348,Riya Gupta,Home Office,East
CUST-5121,Aarav Singh,Consumer,South
CUST-8571,Isha Roy,Corporate,North
CUST-7255,Isha Jha,Corporate,East
CUST-8744,Vivaan Patel,Consumer,South
CUST-1560,Isha Kumar,Consumer,East
CUST-3174,Isha Sinha,Corporate,North
CUST-2984,Arjun Jha,Home Office,North
CUST-1308,Aarav Patel,Corporate,West
CUST-6617,Kabir Patel,Home Office,West
CUST-7095,Aditya Sinha,Home Office,North
CUST-8954,Kabir Sinha,Consumer,North
CUST-5604,Vivaan Sinha,Consumer,South
CUST-5460,Anaya Sharma,Home Office,West
CUST-8708,Anaya Singh,Corporate,South
CUST-8456,Isha Kumar,Home Office,West
CUST-3304,Kabir Das,Home Office,West
CUST-2740,Isha Singh,Home Office,East
CUST-7017,Vivaan Gupta,Home Office,South
CUST-8841,Meera Sharma,Corporate,East
CUST-3266,Arjun Gupta,Corporate,East
CUST-7503,Kabir Kumar,Consumer,South
CUST-5131,Aarav Patel,Consumer,West
CUST-2124,Meera Verma,Consumer,East
CUST-3917,Aarav Jha,Home Office,North
CUST-6934,Aarav Singh,Home Office,East
CUST-1219,Kabir Roy,Corporate,East
CUST-8926,Meera Sinha,Home Office,South
CUST-9359,Riya Patel,Home Office,West
CUST-7813,Meera Sharma,Consumer,East
CUST-1537,Anaya Kumar,Home Office,East
CUST-5075,Anaya Jha,Corporate,West
CUST-5043,Aditya Verma,Corporate,East
CUST-7599,Anaya Gupta,Corporate,North
CUST-3811,Anaya Verma,Home Office,North
CUST-1491,Kabir Verma,Corporate,North
CUST-3157,Meera Sharma,Home Office,West
CUST-3658,Arjun Verma,Home Office,South
CUST-3899,Meera Sharma,Home Office,East
CUST-8045,Isha Patel,Consumer,West
CUST-6545,Kabir Kumar,Corporate,South
CUST-8643,Riya Sharma,Home Office,South
CUST-3702,Aditya Sharma,Home Office,North
CUST-4764,Aditya Jha,Corporate,North
CUST-6849,Aditya Verma,Consumer,East
CUST-7259,Isha Jha,Consumer,West
CUST-5110,Diya Kumar,Home Office,North
CUST-4965,Meera Kumar,Home Office,West
CUST-5720,Vivaan Sharma,Home Office,South
CUST-3489,Aarav Sharma,Corporate,East
CUST-5106,Kabir Kumar,Home Office,East
CUST-1016,Kabir Verma,Consumer,South
CUST-9979,Meera Sinha,Consumer,South
CUST-3085,Aditya Jha,Consumer,South
CUST-4196,Arjun Jha,Corporate,East
CUST-1058,Vivaan Verma,Corporate,West
CUST-8104,Riya Roy,Consumer,West
CUST-2957,Isha Sinha,Corporate,West
CUST-8139,Diya Kumar,Consumer,North
CUST-1634,Diya Patel,Corporate,North
CUST-4065,Riya Roy,Consumer,South
CUST-7935,Aarav Das,Home Office,South
CUST-6380,Vivaan Verma,Consumer,North
CUST-3296,Aarav Verma,Corporate,West
CUST-3164,Kabir Sinha,Consumer,East
CUST-3191,Aditya Patel,Corporate,North
CUST-6290,Riya Patel,Corporate,West
CUST-4653,Diya Verma,Consumer,South
CUST-2735,Anaya Gupta,Consumer,North
CUST-5866,Vivaan Sinha,Consumer,North
CUST-5570,Aditya Das,Corporate,East
CUST-5367,Isha Sinha,Corporate,South
CUST-3823,Kabir Das,Corporate,West
CUST-9172,Diya Sharma,Consumer,East
CUST-1974,Kabir Sharma,Home Office,West
CUST-8818,Aditya Das,Consumer,West
CUST-7031,Aarav Verma,Corporate,East
CUST-5048,Isha Sinha,Consumer,West
CUST-5050,Aditya Sinha,Consumer,East
CUST-6407,Aarav Sinha,Home Office,West
CUST-2537,Aarav Jha,Corporate,South
CUST-8551,Meera Das,Home Office,South
CUST-4784,Kabir Roy,Corporate,South
CUST-4644,Isha Jha,Home Office,West
CUST-5802,Arjun Kumar,Corporate,South
CUST-5290,Aditya Kumar,Consumer,East
CUST-8630,Aarav Singh,Home Office,South
CUST-1246,Arjun Singh,Corporate,North
CUST-6521,Arjun Das,Home Office,East
CUST-6838,Diya Singh,Consumer,South
CUST-8915,Meera Gupta,Home Office,South
CUST-1970,Aditya Kumar,Home Office,East
CUST-3375,Diya Singh,Corporate,South
CUST-4968,Vivaan Singh,Consumer,South
CUST-2069,Aditya Sharma,Consumer,East
CUST-3943,Arjun Verma,Home Office,North
CUST-4747,Kabir Sharma,Home Office,West
CUST-5705,Riya Singh,Consumer,North
CUST-5504,Diya Roy,Consumer,North
CUST-6921,Meera Sinha,Consumer,South
CUST-9713,Kabir Singh,Corporate,North
CUST-6911,Riya Verma,Home Office,East
CUST-6183,Kabir Patel,Home Office,East
CUST-8461,Anaya Das,Consumer,South
CUST-3852,Aarav Das,Home Office,East
CUST-1020,Meera Patel,Home Office,West
CUST-9094,Diya Sinha,Consumer,North
CUST-8227,Arjun Jha,Consumer,South
CUST-4035,Vivaan Gupta,Consumer,East
CUST-1138,Riya Das,Consumer,North
CUST-1100,Aarav Gupta,Consumer,North
CUST-1604,Diya Singh,Corporate,West
CUST-9687,Aarav Sinha,Consumer,North
CUST-9735,Isha Kumar,Home Office,North
CUST-4975,Anaya Verma,Consumer,South
CUST-5425,Anaya Patel,Consumer,East
CUST-9908,Isha Sharma,Corporate,South
CUST-5738,Riya Das,Corporate,East
CUST-2765,Riya Verma,Home Office,East
CUST-9082,Kabir Sharma,Home Office,East
CUST-3790,Isha Kumar,Consumer,East
CUST-1147,Aditya Singh,Consumer,East
CUST-8144,Isha Roy,Consumer,West
CUST-2326,Arjun Verma,Corporate,East
CUST-7021,Anaya Singh,Corporate,North
CUST-6704,Kabir Roy,Consumer,East
CUST-3394,Anaya Sinha,Consumer,West
CUST-1284,Arjun Roy,Home Office,West
CUST-4331,Arjun Das,Corporate,North
CUST-8191,Aarav Das,Consumer,West
CUST-1376,Aarav Kumar,Consumer,South
CUST-7662,Kabir Sinha,Consumer,South
CUST-7047,Isha Das,Home Office,East
CUST-5642,Riya Verma,Corporate,South
CUST-3370,Arjun Patel,Corporate,East
CUST-8813,Aditya Gupta,Consumer,South
CUST-7663,Kabir Sharma,Consumer,East
CUST-3639,Anaya Das,Corporate,South
CUST-6827,Vivaan Gupta,Home Office,North
CUST-4442,Meera Kumar,Corporate,West
CUST-1238,Isha Sinha,Consumer,South
CUST-7632,Anaya Roy,Corporate,South
CUST-9134,Arjun Singh,Consumer,North
CUST-5745,Isha Verma,Home Office,West
CUST-8535,Aditya Verma,Corporate,East
CUST-4551,Aditya Roy,Corporate,North
CUST-9048,Aditya Singh,Home Office,North
CUST-1465,Vivaan Kumar,Corporate,West
CUST-2434,Vivaan Jha,Corporate,West
CUST-4203,Meera Das,Consumer,North
CUST-2077,Diya Gupta,Corporate,North
CUST-5009,Meera Patel,Home Office,West
CUST-7740,Riya Verma,Corporate,South
CUST-3742,Diya Verma,Corporate,East
CUST-1174,Arjun Patel,Consumer,North
CUST-5634,Kabir Jha,Corporate,North
CUST-3873,Aarav Verma,Home Office,South
CUST-7413,Meera Sinha,Corporate,South
CUST-2889,Aditya Jha,Consumer,East
CUST-6135,Kabir Singh,Consumer,North
CUST-7313,Anaya Roy,Consumer,West
CUST-7695,Anaya Jha,Home Office,East
CUST-5096,Meera Sinha,Home Office,East
CUST-9748,Diya Gupta,Home Office,South
CUST-7294,Arjun Gupta,Corporate,West
CUST-7262,Aditya Verma,Consumer,North
CUST-8753,Riya Roy,Home Office,West
CUST-7631,Arjun Roy,Home Office,South
CUST-1817,Aarav Gupta,Corporate,East
CUST-3520,Diya Roy,Home Office,North
CUST-2261,Meera Singh,Consumer,West
CUST-3450,Aditya Kumar,Corporate,East
CUST-2752,Arjun Jha,Corporate,West
CUST-8358,Riya Sinha,Consumer,East
CUST-5265,Isha Jha,Corporate,West
CUST-4492,Anaya Jha,Corporate,West
CUST-3835,Riya Kumar,Corporate,West
CUST-1072,Aditya Kumar,Home Office,East
CUST-5496,Isha Jha,Corporate,East
CUST-1358,Isha Singh,Corporate,West
CUST-5881,Kabir Verma,Corporate,South
CUST-6899,Arjun Jha,Consumer,East
CUST-8313,Kabir Sinha,Home Office,West
CUST-7119,Vivaan Gupta,Home Office,North
CUST-2388,Diya Gupta,Home Office,West
CUST-6749,Vivaan Singh,Corporate,East
CUST-6606,Meera Das,Consumer,West
CUST-7325,Anaya Sharma,Consumer,North
CUST-6411,Isha Singh,Consumer,South
CUST-7312,Anaya Gupta,Home Office,West
CUST-9131,Isha Das,Corporate,South
CUST-1061,Diya Sinha,Corporate,East
CUST-4303,Riya Sharma,Home Office,North
CUST-2302,Meera Singh,Corporate,North
CUST-3092,Anaya Patel,Consumer,East
CUST-7216,Riya Sharma,Corporate,East
CUST-6149,Meera Das,Consumer,North
CUST-8109,Arjun Roy,Corporate,North
CUST-5668,Meera Roy,Home Office,East
CUST-5465,Arjun Kumar,Corporate,South
CUST-2051,Aarav Gupta,Corporate,North
CUST-9920,Aarav Sinha,Corporate,South
CUST-2109,Meera Gupta,Consumer,South
CUST-2481,Aarav Sharma,Consumer,North
CUST-6154,Diya Gupta,Consumer,North
CUST-5618,Riya Roy,Home Office,West
CUST-2917,Vivaan Sinha,Consumer,South
CUST-3861,Arjun Jha,Home Office,South
CUST-7362,Kabir Sharma,Corporate,West
CUST-6670,Kabir Singh,Consumer,West
CUST-4245,Riya Kumar,Consumer,North
CUST-8066,Riya Jha,Consumer,West
CUST-3816,Anaya Roy,Corporate,West
CUST-7006,Diya Gupta,Consumer,East
CUST-9133,Meera Roy,Corporate,North
CUST-5388,Kabir Sinha,Home Office,East
CUST-4681,Anaya Sinha,Consumer,West
CUST-7128,Diya Kumar,Consumer,North
CUST-5055,Arjun Sinha,Consumer,West
CUST-4069,Riya Gupta,Corporate,West
CUST-8900,Anaya Gupta,Corporate,West
CUST-6953,Diya Verma,Home Office,South
CUST-2452,Arjun Patel,Corporate,East
CUST-7576,Anaya Gupta,Consumer,South
CUST-9343,Isha Das,Corporate,North
CUST-2473,Aarav Sharma,Corporate,South
CUST-8192,Riya Patel,Home Office,West
CUST-5044,Vivaan Das,Home Office,North
CUST-2369,Kabir Verma,Consumer,North
CUST-8826,Vivaan Roy,Consumer,East
CUST-7578,Aarav Kumar,Home Office,North
CUST-5378,Anaya Roy,Home Office,West
CUST-4016,Aditya Gupta,Home Office,West
CUST-4604,Isha Sinha,Home Office,South
CUST-1241,Arjun Roy,Corporate,West
CUST-3454,Vivaan Kumar,Home Office,East
CUST-6701,Arjun Singh,Corporate,West
CUST-7971,Arjun Roy,Corporate,West
CUST-7007,Isha Gupta,Consumer,South
CUST-4197,Aditya Patel,Home Office,North
CUST-9328,Diya Das,Consumer,West
CUST-5164,Diya Sharma,Corporate,North
CUST-4669,Aarav Roy,Corporate,West
CUST-7269,Isha Das,Home Office,East
CUST-1657,Aarav Das,Consumer,West
CUST-8439,Diya Singh,Consumer,West
CUST-4921,Diya Sinha,Corporate,West
CUST-2666,Meera Patel,Consumer,North
CUST-1933,Anaya Roy,Corporate,West
CUST-7015,Diya Kumar,Corporate,East
CUST-1248,Kabir Singh,Corporate,South
CUST-6232,Riya Singh,Corporate,South
CUST-3161,Meera Gupta,Home Office,South
CUST-1780,Aarav Sharma,Home Office,East
CUST-8327,Vivaan Jha,Corporate,East
CUST-1686,Isha Sinha,Corporate,North
CUST-4982,Aditya Das,Home Office,East
CUST-2475,Vivaan Roy,Consumer,North
CUST-1250,Isha Sinha,Corporate,North
CUST-4478,Meera Jha,Consumer,South
CUST-2950,Isha Das,Consumer,North
CUST-1065,Aditya Patel,Corporate,North
CUST-8474,Meera Sinha,Home Office,South
CUST-9980,Vivaan Das,Corporate,East
CUST-6739,Aarav Jha,Consumer,West
CUST-6547,Anaya Das,Corporate,North
CUST-7951,Kabir Patel,Corporate,North
CUST-1328,Aditya Jha,Corporate,West
CUST-8800,Aarav Das,Consumer,South
CUST-6842,Arjun Patel,Consumer,East
CUST-2376,Vivaan Roy,Consumer,East
CUST-6735,Riya Roy,Consumer,North
CUST-6306,Vivaan Gupta,Consumer,East
CUST-8734,Vivaan Kumar,Consumer,South
CUST-6581,Meera Roy,Consumer,North
CUST-8247,Anaya Gupta,Home Office,South
CUST-5155,Diya Das,Corporate,North
CUST-4172,Kabir Patel,Consumer,West
CUST-9237,Anaya Jha,Corporate,South
CUST-5724,Anaya Kumar,Home Office,South
CUST-5473,Kabir Patel,Home Office,West
CUST-8632,Aarav Kumar,Corporate,North
CUST-8595,Vivaan Roy,Consumer,East
CUST-2881,Isha Patel,Corporate,West
CUST-7900,Vivaan Singh,Consumer,South
CUST-8097,Aditya Kumar,Corporate,South
CUST-4803,Aditya Sinha,Consumer,North
CUST-6675,Kabir Kumar,Corporate,North
CUST-2275,Aditya Verma,Consumer,East
CUST-7965,Meera Sinha,Consumer,East
CUST-8450,Isha Patel,Corporate,East
CUST-5399,Isha Roy,Consumer,West
CUST-6249,Anaya Jha,Home Office,North
CUST-8166,Anaya Gupta,Corporate,East
CUST-6615,Vivaan Verma,Home Office,West
CUST-2624,Vivaan Sinha,Home Office,South
CUST-7354,Kabir Singh,Corporate,West
CUST-9622,Isha Sinha,Consumer,North
CUST-6400,Riya Roy,Consumer,West
CUST-2415,Isha Sinha,Home Office,West
CUST-2263,Anaya Jha,Home Office,East
CUST-7474,Arjun Jha,Home Office,East
CUST-4929,Diya Jha,Home Office,North
CUST-8298,Diya Patel,Corporate,North
CUST-8534,Aditya Kumar,Consumer,South
CUST-4766,Kabir Kumar,Corporate,North
CUST-2137,Vivaan Kumar,Home Office,West
CUST-6017,Arjun Verma,Corporate,West
CUST-6505,Meera Patel,Consumer,North
CUST-1827,Aditya Gupta,Consumer,West
CUST-1978,Isha Patel,Home Office,East
CUST-6438,Meera Roy,Corporate,North
CUST-4778,Arjun Gupta,Corporate,West
CUST-8968,Riya Jha,Consumer,West
CUST-5105,Arjun Das,Corporate,East
CUST-5771,Meera Sharma,Consumer,North
CUST-1210,Anaya Gupta,Corporate,East
CUST-3147,Arjun Sinha,Home Office,East
CUST-6432,Aditya Jha,Consumer,South
CUST-2150,Kabir Roy,Consumer,West
CUST-6269,Isha Das,Corporate,East
CUST-8417,Riya Singh,Corporate,East
CUST-3452,Diya Das,Home Office,West
CUST-7595,Vivaan Kumar,Home Office,West
CUST-9921,Kabir Verma,Home Office,South
CUST-1608,Meera Das,Consumer,North
CUST-1738,Isha Roy,Corporate,South
CUST-9338,Isha Singh,Consumer,South
CUST-9394,Anaya Gupta,Corporate,West
CUST-9927,Isha Verma,Home Office,North
CUST-3463,Diya Sinha,Home Office,East
CUST-8670,Aarav Jha,Consumer,North
CUST-3163,Anaya Das,Home Office,North
CUST-5601,Meera Verma,Home Office,East
CUST-3907,Arjun Das,Home Office,West
CUST-3073,Isha Das,Corporate,West
CUST-8683,Anaya Singh,Home Office,North
CUST-7943,Aditya Verma,Consumer,West
CUST-9882,Aditya Gupta,Corporate,South
CUST-8138,Isha Jha,Home Office,South
CUST-4998,Diya Kumar,Consumer,South
CUST-7336,Arjun Roy,Home Office,South
CUST-3818,Arjun Verma,Consumer,West
CUST-7697,Vivaan Jha,Home Office,South
CUST-6394,Aarav Das,Corporate,West
CUST-6150,Meera Das,Corporate,East
CUST-5140,Aarav Verma,Home Office,North
CUST-1170,Meera Patel,Home Office,East
CUST-8922,Anaya Sinha,Corporate,South
CUST-8473,Aditya Das,Home Office,South
CUST-6513,Kabir Das,Consumer,East
CUST-3761,Arjun Sharma,Corporate,North
CUST-1290,Riya Singh,Consumer,West
CUST-3889,Arjun Das,Corporate,West
CUST-1851,Meera Sharma,Home Office,West
CUST-2048,Isha Sharma,Corporate,North
CUST-3668,Diya Das,Consumer,West
CUST-3684,Isha Roy,Home Office,North
CUST-3775,Riya Gupta,Consumer,East
CUST-4154,Kabir Sinha,Corporate,East
CUST-8829,Aditya Patel,Consumer,West
CUST-6932,Meera Jha,Home Office,South
CUST-3935,Aarav Singh,Home Office,South
CUST-5236,Isha Verma,Home Office,North
CUST-2139,Diya Sharma,Consumer,East
CUST-9106,Arjun Das,Corporate,West
CUST-8234,Isha Verma,Corporate,South
CUST-3201,Diya Gupta,Corporate,East
CUST-1626,Diya Patel,Consumer,South
CUST-5464,Anaya Roy,Corporate,North
CUST-4014,Kabir Gupta,Corporate,West
CUST-5565,Aditya Das,Corporate,South
CUST-4364,Arjun Sharma,Corporate,West
CUST-5387,Riya Roy,Home Office,East
CUST-1057,Kabir Roy,Consumer,East
CUST-6136,Diya Verma,Corporate,West
CUST-3068,Anaya Singh,Consumer,East
CUST-9761,Anaya Verma,Home Office,North
CUST-3630,Isha Jha,Corporate,East
CUST-7808,Diya Sinha,Corporate,West
CUST-1249,Anaya Jha,Corporate,South
CUST-2114,Aditya Sinha,Consumer,North
CUST-2145,Aditya Kumar,Consumer,North
CUST-6504,Kabir Verma,Corporate,East
CUST-8437,Kabir Sharma,Corporate,West
CUST-5344,Arjun Gupta,Home Office,East
CUST-5632,Aditya Sharma,Corporate,North
CUST-7224,Vivaan Sinha,Home Office,East
CUST-9988,Aditya Jha,Corporate,North
CUST-4184,Kabir Verma,Consumer,South
CUST-1538,Diya Das,Corporate,East
CUST-6612,Kabir Sinha,Consumer,West
CUST-1969,Vivaan Jha,Consumer,East
CUST-7189,Vivaan Roy,Consumer,West
CUST-9326,Kabir Roy,Consumer,East
CUST-2968,Diya Patel,Consumer,South
CUST-1935,Riya Patel,Consumer,East
CUST-2814,Kabir Gupta,Corporate,West
CUST-2601,Aditya Verma,Corporate,South
CUST-1407,Meera Sinha,Consumer,East
CUST-8140,Kabir Das,Corporate,North
CUST-8846,Diya Singh,Consumer,North
CUST-7053,Isha Das,Home Office,East
CUST-6647,Meera Patel,Corporate,South
CUST-4073,Diya Sinha,Consumer,South
CUST-6881,Isha Gupta,Home Office,North
CUST-4804,Anaya Sharma,Corporate,West
CUST-2299,Diya Gupta,Corporate,East
CUST-9174,Diya Sharma,Corporate,North
CUST-1514,Kabir Kumar,Consumer,North
CUST-3001,Isha Sinha,Consumer,East
CUST-9752,Diya Roy,Home Office,North
CUST-8172,Vivaan Gupta,Corporate,South
CUST-2053,Arjun Verma,Consumer,East
CUST-8169,Riya Verma,Home Office,East
CUST-8412,Isha Roy,Consumer,West
CUST-5127,Meera Jha,Consumer,North
CUST-3260,Anaya Sharma,Corporate,East
CUST-3499,Diya Verma,Corporate,North
CUST-3483,Arjun Singh,Home Office,South
CUST-2368,Anaya Kumar,Consumer,South
CUST-9757,Diya Jha,Consumer,North
CUST-9429,Isha Gupta,Corporate,North
CUST-8881,Isha Singh,Consumer,North
CUST-6801,Diya Jha,Home Office,East
CUST-5561,Aarav Sinha,Home Office,South
CUST-9572,Isha Roy,Consumer,South
CUST-4873,Meera Gupta,Home Office,East
CUST-1037,Anaya Patel,Corporate,West
CUST-6105,Riya Sinha,Home Office,East
CUST-6925,Anaya Verma,Home Office,West
CUST-6789,Riya Roy,Home Office,East
CUST-6933,Riya Verma,Home Office,West
CUST-6350,Aarav Singh,Corporate,South
CUST-4542,Isha Verma,Consumer,South
CUST-4039,Kabir Sharma,Corporate,West
CUST-6069,Anaya Gupta,Home Office,North
CUST-6840,Diya Roy,Home Office,North
CUST-5580,Riya Kumar,Corporate,South
CUST-1006,Aarav Jha,Corporate,East
CUST-8263,Vivaan Roy,Consumer,North
CUST-1074,Kabir Roy,Home Office,East
CUST-3314,Isha Patel,Corporate,North
CUST-8487,Riya Singh,Corporate,West
CUST-7477,Vivaan Gupta,Corporate,South
CUST-5289,Meera Roy,Corporate,East
CUST-6452,Anaya Das,Consumer,North
CUST-5395,Aarav Sinha,Home Office,South
CUST-5187,Isha Singh,Corporate,West
CUST-4995,Kabir Singh,Consumer,West
CUST-6878,Meera Roy,Corporate,North
CUST-7056,Kabir Sinha,Home Office,North
CUST-7657,Meera Sharma,Corporate,North
CUST-8390,Meera Kumar,Home Office,South
CUST-3709,Meera Das,Corporate,North
CUST-2108,Kabir Singh,Corporate,West
CUST-4228,Diya Sinha,Corporate,West
CUST-7818,Aditya Verma,Home Office,South
CUST-7527,Arjun Patel,Home Office,West
CUST-9057,Aarav Roy,Corporate,North
CUST-4116,Meera Kumar,Consumer,East
CUST-4096,Riya Patel,Corporate,East
CUST-4774,Arjun Singh,Consumer,West
CUST-8034,Anaya Sharma,Corporate,East
CUST-4912,Isha Roy,Home Office,East
CUST-3957,Meera Gupta,Home Office,West
CUST-1900,Kabir Gupta,Consumer,East
CUST-2140,Kabir Sinha,Corporate,East
CUST-5758,Isha Roy,Corporate,East
CUST-3332,Aarav Patel,Home Office,North
CUST-5095,Arjun Patel,Home Office,West
CUST-6772,Vivaan Jha,Home Office,West
CUST-1240,Kabir Gupta,Home Office,East
CUST-2866,Diya Singh,Consumer,West
CUST-3971,Diya Sharma,Corporate,West
CUST-4277,Arjun Verma,Home Office,East
CUST-1012,Aarav Kumar,Home Office,North
CUST-5253,Isha Patel,Corporate,West
CUST-1794,Arjun Singh,Corporate,West
CUST-8364,Isha Patel,Consumer,West
CUST-4263,Isha Jha,Consumer,North
CUST-1649,Meera Kumar,Corporate,South
CUST-6320,Meera Sinha,Corporate,West
CUST-2083,Aarav Verma,Home Office,West
CUST-8443,Diya Patel,Corporate,South
CUST-1610,Riya Gupta,Home Office,East
CUST-1265,Diya Das,Corporate,West
CUST-9049,Arjun Kumar,Corporate,South
CUST-6774,Riya Gupta,Corporate,East
CUST-8106,Diya Verma,Home Office,North
CUST-8306,Anaya Roy,Corporate,South
CUST-3737,Riya Das,Home Office,North
CUST-3575,Meera Kumar,Home Office,West
CUST-5030,Isha Roy,Home Office,East
CUST-5914,Arjun Kumar,Corporate,East
CUST-3258,Meera Roy,Corporate,West
CUST-7529,Meera Das,Home Office,South
CUST-8601,Kabir Kumar,Consumer,South
CUST-7703,Vivaan Patel,Home Office,West
CUST-4461,Aditya Sinha,Corporate,South
CUST-9363,Aarav Roy,Corporate,North
CUST-5021,Diya Gupta,Home Office,South
CUST-3680,Meera Verma,Home Office,North
CUST-4890,Aarav Jha,Home Office,West
CUST-6158,Aarav Sharma,Home Office,South
CUST-4684,Isha Kumar,Consumer,East
CUST-1235,Diya Kumar,Consumer,West
CUST-2850,Riya Verma,Home Office,North
CUST-1766,Anaya Das,Home Office,South
CUST-9139,Meera Das,Consumer,North
CUST-1584,Kabir Das,Consumer,East
CUST-4832,Vivaan Verma,Home Office,South
CUST-9902,Aarav Gupta,Consumer,North
CUST-7892,Riya Patel,Consumer,West
CUST-2147,Riya Jha,Corporate,East
CUST-8484,Riya Gupta,Consumer,East
CUST-4722,Kabir Roy,Home Office,South
CUST-4077,Vivaan Roy,Corporate,West
CUST-7544,Arjun Patel,Consumer,South
CUST-9054,Aditya Kumar,Consumer,South
CUST-9236,Arjun Das,Corporate,West
CUST-5686,Vivaan Sinha,Home Office,East
CUST-2996,Aarav Singh,Corporate,North
CUST-1814,Aarav Singh,Consumer,North
CUST-7590,Anaya Jha,Corporate,West
CUST-9011,Arjun Roy,Corporate,South
CUST-9403,Aarav Sharma,Consumer,North
CUST-4846,Aarav Jha,Home Office,East
CUST-1757,Anaya Sharma,Consumer,West
CUST-6125,Kabir Roy,Home Office,West
CUST-1863,Vivaan Singh,Corporate,South
CUST-3336,Riya Singh,Home Office,North
CUST-6071,Anaya Sharma,Corporate,North
CUST-6165,Riya Das,Home Office,South
CUST-2270,Anaya Gupta,Consumer,West
CUST-9632,Kabir Sinha,Home Office,East
CUST-6559,Meera Patel,Corporate,West
CUST-1045,Arjun Roy,Consumer,East
CUST-4919,Meera Singh,Corporate,East
CUST-9718,Aarav Patel,Corporate,North
CUST-3239,Arjun Kumar,Home Office,South
CUST-7550,Riya Sinha,Corporate,West
CUST-2516,Anaya Kumar,Home Office,West
CUST-7179,Kabir Jha,Home Office,North
CUST-6511,Aditya Sinha,Consumer,West
CUST-4705,Aarav Verma,Consumer,West
CUST-7418,Isha Jha,Consumer,West
CUST-9494,Arjun Sharma,Corporate,North
CUST-8788,Isha Kumar,Corporate,West
CUST-2433,Aarav Sharma,Corporate,East
CUST-3042,Isha Jha,Home Office,East
CUST-5714,Vivaan Jha,Corporate,West
CUST-8381,Aarav Jha,Corporate,South
CUST-8719,Arjun Sinha,Consumer,South
CUST-8627,Meera Jha,Corporate,East
CUST-5860,Kabir Singh,Corporate,North
CUST-8764,Anaya Roy,Consumer,South
CUST-2328,Diya Kumar,Home Office,East
CUST-8341,Diya Das,Corporate,West
CUST-7734,Riya Verma,Home Office,North
CUST-2974,Arjun Verma,Consumer,South
CUST-8895,Diya Patel,Consumer,South
CUST-8127,Aditya Singh,Home Office,East
CUST-7779,Diya Jha,Consumer,West
CUST-2045,Vivaan Roy,Home Office,East
CUST-3585,Aarav Das,Corporate,South
CUST-7912,Kabir Das,Home Office,South
CUST-6756,Arjun Sharma,Corporate,West
CUST-4424,Arjun Das,Consumer,East
CUST-1847,Diya Kumar,Corporate,East
CUST-3561,Aditya Das,Home Office,North
CUST-7448,Arjun Jha,Corporate,West
CUST-5996,Arjun Verma,Home Office,West
CUST-5463,Anaya Jha,Home Office,East
CUST-4594,Riya Roy,Consumer,South
CUST-3901,Meera Das,Corporate,East
CUST-2036,Meera Patel,Home Office,North
CUST-2345,Kabir Patel,Consumer,South
CUST-3750,Kabir Kumar,Home Office,West
CUST-5726,Anaya Kumar,Consumer,East
CUST-8233,Arjun Roy,Corporate,West
CUST-5953,Aditya Patel,Home Office,South
CUST-2901,Arjun Sinha,Corporate,North
CUST-6562,Arjun Singh,Corporate,East
CUST-4153,Aditya Das,Corporate,North
CUST-2608,Anaya Das,Home Office,North
CUST-7536,Aarav Gupta,Corporate,South
CUST-9084,Meera Patel,Corporate,East
CUST-5712,Isha Jha,Corporate,South
CUST-1429,Riya Patel,Corporate,East
CUST-4715,Diya Verma,Home Office,East
CUST-8073,Arjun Sharma,Corporate,North
CUST-7665,Meera Sharma,Consumer,North
CUST-3111,Meera Jha,Home Office,North
CUST-5323,Isha Patel,Consumer,South
CUST-4992,Vivaan Roy,Home Office,West
CUST-6467,Anaya Verma,Corporate,North
CUST-8597,Riya Jha,Consumer,South
CUST-1586,Anaya Jha,Home Office,West
CUST-9605,Diya Roy,Corporate,East
CUST-1337,Riya Patel,Home Office,North
CUST-3265,Arjun Jha,Corporate,South
CUST-5039,Riya Roy,Home Office,North
CUST-2543,Aditya Sinha,Home Office,West
CUST-1587,Vivaan Roy,Corporate,North
CUST-8918,Isha Verma,Corporate,North
CUST-8482,Riya Jha,Corporate,West
CUST-2122,Kabir Roy,Corporate,East
CUST-7729,Diya Jha,Home Office,North
CUST-7539,Isha Roy,Corporate,East
CUST-6191,Meera Singh,Corporate,South
CUST-2227,Isha Patel,Home Office,West
CUST-9228,Kabir Jha,Corporate,East
CUST-5547,Aarav Sinha,Home Office,North
CUST-6723,Aarav Roy,Consumer,West
CUST-3411,Arjun Das,Consumer,East
CUST-2202,Kabir Verma,Consumer,East
CUST-8250,Kabir Sharma,Corporate,West
CUST-6656,Meera Singh,Consumer,West
CUST-4409,Riya Jha,Corporate,North
CUST-4106,Riya Singh,Corporate,North
CUST-3209,Vivaan Singh,Consumer,North
CUST-4738,Arjun Kumar,Consumer,West
CUST-9671,Vivaan Roy,Consumer,West
CUST-9653,Arjun Singh,Consumer,North
CUST-9019,Meera Kumar,Consumer,North
CUST-4673,Riya Singh,Home Office,West
CUST-8300,Diya Verma,Home Office,West
CUST-5405,Meera Das,Consumer,North
CUST-6915,Anaya Gupta,Consumer,South
CUST-7701,Isha Gupta,Corporate,East
CUST-7944,Anaya Patel,Corporate,West
CUST-1826,Arjun Gupta,Corporate,West
CUST-3851,Diya Singh,Consumer,West
CUST-6517,Arjun Kumar,Corporate,North
CUST-9566,Meera Sharma,Consumer,North
CUST-7197,Diya Jha,Consumer,West
CUST-8048,Diya Sharma,Corporate,East
CUST-1155,Arjun Sharma,Corporate,North
CUST-6274,Isha Gupta,Consumer,North
CUST-2699,Aditya Sharma,Corporate,West
CUST-4821,Vivaan Verma,Corporate,East
CUST-2247,Diya Gupta,Home Office,West
CUST-8254,Anaya Sharma,Consumer,East
CUST-3283,Aarav Kumar,Corporate,South
CUST-3701,Kabir Sharma,Consumer,South
CUST-4939,Diya Das,Consumer,North
CUST-4067,Aditya Verma,Home Office,East
CUST-5097,Diya Roy,Corporate,East
CUST-6485,Arjun Kumar,Consumer,West
CUST-6495,Arjun Patel,Corporate,South
CUST-8963,Arjun Patel,Home Office,South
CUST-8513,Meera Verma,Home Office,East
CUST-3221,Aarav Das,Corporate,South
CUST-1326,Riya Jha,Corporate,West
CUST-6857,Meera Gupta,Corporate,South
CUST-3518,Isha Verma,Consumer,North
CUST-1381,Arjun Singh,Home Office,South
CUST-5753,Vivaan Patel,Consumer,North
CUST-2791,Aditya Verma,Home Office,East
CUST-9115,Arjun Patel,Home Office,South
CUST-6007,Vivaan Jha,Home Office,North
CUST-6783,Isha Sharma,Consumer,South
CUST-2162,Isha Sharma,Consumer,South
CUST-6698,Diya Singh,Home Office,West
CUST-9654,Kabir Sinha,Corporate,North
CUST-6317,Meera Patel,Consumer,South
CUST-7072,Isha Verma,Home Office,South
CUST-8871,Aditya Gupta,Home Office,West
CUST-9254,Vivaan Gupta,Consumer,East
CUST-9038,Diya Kumar,Home Office,West
CUST-8014,Meera Jha,Consumer,South
CUST-5644,Anaya Singh,Corporate,North
CUST-8130,Aarav Gupta,Home Office,North
CUST-2973,Aarav Verma,Home Office,West
CUST-1593,Aarav Verma,Home Office,South
CUST-4822,Anaya Roy,Consumer,South
CUST-9881,Isha Sinha,Home Office,North
CUST-7627,Vivaan Verma,Home Office,West
CUST-6589,Meera Patel,Corporate,East
CUST-6045,Aditya Das,Home Office,East
CUST-1727,Arjun Singh,Consumer,West
CUST-9523,Riya Jha,Consumer,West
CUST-1740,Meera Patel,Home Office,East
CUST-7540,Kabir Das,Home Office,North
CUST-3984,Kabir Patel,Home Office,East
CUST-9453,Isha Gupta,Consumer,South
CUST-7583,Isha Gupta,Corporate,East
CUST-9602,Arjun Sinha,Corporate,North
CUST-1706,Aditya Sharma,Consumer,West
CUST-2746,Vivaan Patel,Corporate,West
CUST-5742,Aarav Sinha,Home Office,East
CUST-8476,Riya Patel,Home Office,South
CUST-7348,Anaya Roy,Corporate,North
CUST-9670,Isha Kumar,Corporate,South
CUST-2315,Diya Patel,Home Office,West
CUST-1502,Kabir Jha,Consumer,East
CUST-3170,Isha Sinha,Corporate,East
CUST-2702,Anaya Roy,Corporate,North
CUST-4583,Kabir Roy,Consumer,North
CUST-2598,Anaya Patel,Home Office,North
CUST-1748,Aditya Singh,Consumer,East
CUST-9095,Riya Sharma,Home Office,South
CUST-5787,Kabir Das,Corporate,North
CUST-5041,Aditya Roy,Home Office,North
CUST-5842,Meera Sharma,Consumer,North
CUST-9720,Vivaan Das,Home Office,West
CUST-7029,Meera Verma,Consumer,West
CUST-7051,Anaya Jha,Corporate,South
CUST-5094,Aarav Sinha,Consumer,North
CUST-8204,Vivaan Singh,Consumer,South
CUST-6339,Diya Roy,Consumer,West
CUST-1038,Meera Singh,Home Office,East
CUST-2445,Arjun Kumar,Corporate,South
CUST-1108,Aarav Singh,Home Office,South
CUST-3497,Aarav Das,Corporate,West
CUST-1959,Isha Patel,Home Office,South
CUST-2992,Aarav Roy,Consumer,North
CUST-4002,Arjun Gupta,Home Office,South
CUST-9423,Aditya Das,Corporate,East
CUST-3476,Arjun Kumar,Corporate,East
CUST-3653,Riya Gupta,Corporate,South
CUST-2539,Aditya Jha,Corporate,North
CUST-3069,Diya Sinha,Consumer,South
CUST-5091,Arjun Singh,Consumer,East
CUST-4615,Meera Das,Consumer,East
CUST-7357,Diya Singh,Consumer,East
CUST-4021,Meera Jha,Consumer,North
CUST-8243,Kabir Das,Corporate,West
CUST-5725,Kabir Sharma,Consumer,East
CUST-1387,Arjun Sinha,Consumer,North
CUST-3396,Diya Verma,Consumer,North
CUST-9127,Aarav Gupta,Home Office,South
CUST-8977,Aarav Das,Home Office,West
CUST-8280,Meera Singh,Corporate,North
CUST-2724,Isha Roy,Corporate,East
CUST-7114,Riya Gupta,Corporate,South
CUST-6453,Arjun Jha,Home Office,West
CUST-7341,Anaya Sharma,Corporate,West
CUST-8884,Riya Singh,Home Office,North
CUST-4575,Isha Kumar,Consumer,South
CUST-9830,Vivaan Singh,Consumer,West
CUST-5294,Vivaan Kumar,Home Office,South
CUST-2754,Aditya Sharma,Home Office,North
CUST-1808,Anaya Sharma,Consumer,South
CUST-8346,Vivaan Singh,Home Office,West
CUST-4806,Diya Sharma,Consumer,East
CUST-8228,Vivaan Verma,Corporate,East
CUST-2103,Meera Das,Corporate,East
CUST-9559,Isha Das,Home Office,North
CUST-4862,Meera Sinha,Consumer,East
CUST-8665,Meera Roy,Corporate,South
CUST-7195,Isha Verma,Consumer,South
CUST-6010,Anaya Roy,Consumer,East
CUST-2784,Kabir Das,Home Office,East
CUST-6536,Vivaan Singh,Corporate,North
CUST-5352,Anaya Patel,Consumer,East
CUST-9994,Meera Gupta,Home Office,East
CUST-4297,Isha Jha,Home Office,South
CUST-4142,Aditya Sharma,Corporate,North
CUST-2621,Kabir Verma,Home Office,East
CUST-7142,Isha Gupta,Home Office,South
CUST-3895,Meera Kumar,Home Office,North
CUST-5130,Isha Singh,Corporate,West
CUST-2072,Meera Das,Home Office,West
CUST-6439,Riya Verma,Corporate,South
CUST-7218,Arjun Jha,Corporate,North
CUST-8570,Riya Jha,Home Office,West
CUST-2448,Aditya Das,Corporate,West
CUST-2698,Isha Sharma,Corporate,North
CUST-4437,Vivaan Verma,Corporate,North
CUST-3860,Anaya Patel,Corporate,South
CUST-8368,Meera Verma,Home Office,North
CUST-9034,Aditya Patel,Consumer,East
CUST-8980,Arjun Sinha,Home Office,East
CUST-1463,Riya Jha,Home Office,West
CUST-7589,Isha Roy,Home Office,North
CUST-4385,Riya Roy,Consumer,East
CUST-5220,Arjun Gupta,Corporate,North
CUST-2383,Meera Sharma,Home Office,West
CUST-3644,Kabir Patel,Consumer,West
CUST-1918,Arjun Sinha,Consumer,South
CUST-2097,Kabir Sinha,Home Office,South
CUST-4141,Isha Singh,Consumer,North
CUST-1344,Arjun Singh,Home Office,East
CUST-7723,Vivaan Sinha,Home Office,East
CUST-8743,Aarav Gupta,Corporate,South
CUST-3712,Arjun Kumar,Consumer,East
CUST-2985,Vivaan Gupta,Corporate,South
CUST-5379,Kabir Jha,Consumer,North
CUST-2616,Aarav Singh,Home Office,North
CUST-9023,Vivaan Patel,Corporate,West
CUST-3252,Kabir Jha,Home Office,South
CUST-6702,Diya Singh,Corporate,North
CUST-7323,Aditya Roy,Corporate,North
CUST-4131,Aditya Verma,Consumer,East
CUST-2979,Kabir Roy,Corporate,South
CUST-8019,Arjun Verma,Consumer,East
CUST-4571,Aditya Verma,Consumer,South
CUST-5606,Anaya Das,Home Office,South
CUST-6959,Diya Sharma,Consumer,North
CUST-6260,Riya Roy,Corporate,East
CUST-2726,Aarav Sinha,Consumer,East
CUST-1751,Meera Roy,Corporate,East
CUST-1206,Kabir Das,Home Office,South
CUST-2084,Kabir Verma,Corporate,North
CUST-8035,Kabir Sharma,Home Office,South
CUST-5619,Aditya Gupta,Corporate,East
CUST-7905,Meera Patel,Consumer,North
CUST-6174,Meera Sinha,Consumer,East
CUST-3360,Riya Sharma,Home Office,South
CUST-3101,Vivaan Singh,Home Office,South
CUST-7451,Aditya Das,Consumer,West
CUST-7947,Aditya Singh,Home Office,West
CUST-9961,Aditya Singh,Corporate,East
CUST-5875,Meera Patel,Home Office,South
CUST-1322,Meera Kumar,Corporate,North
CUST-2121,Vivaan Patel,Consumer,East
CUST-7769,Arjun Das,Home Office,South
CUST-1769,Arjun Singh,Consumer,East
CUST-7023,Kabir Gupta,Consumer,South
CUST-6890,Anaya Das,Corporate,South
CUST-2820,Vivaan Sinha,Consumer,West
CUST-4701,Aditya Verma,Home Office,South
CUST-5774,Riya Verma,Home Office,South
CUST-5621,Meera Roy,Home Office,North
CUST-1200,Vivaan Patel,Corporate,North
CUST-6190,Anaya Gupta,Home Office,East
CUST-9904,Vivaan Jha,Corporate,East
CUST-4624,Anaya Das,Consumer,South
CUST-5111,Diya Jha,Consumer,West
CUST-4851,Isha Patel,Consumer,South
CUST-1197,Meera Kumar,Consumer,South
CUST-1578,Arjun Patel,Home Office,North
CUST-8181,Kabir Das,Corporate,West
CUST-4955,Aarav Singh,Home Office,South
CUST-3090,Meera Roy,Consumer,West
CUST-4398,Kabir Kumar,Corporate,North
CUST-8182,Anaya Jha,Corporate,East
CUST-1247,Vivaan Sinha,Corporate,North
CUST-9838,Isha Verma,Corporate,North
CUST-3783,Anaya Patel,Consumer,South
CUST-4707,Kabir Singh,Consumer,West
CUST-3618,Vivaan Gupta,Corporate,West
CUST-3950,Arjun Kumar,Corporate,North
CUST-5638,Isha Singh,Consumer,East
CUST-1420,Vivaan Sinha,Consumer,North
CUST-3617,Arjun Roy,Home Office,North
CUST-5389,Riya Verma,Consumer,East
CUST-2039,Vivaan Sharma,Home Office,North
CUST-7221,Anaya Verma,Home Office,North
CUST-2580,Anaya Patel,Consumer,East
CUST-9039,Anaya Das,Corporate,North
CUST-5614,Arjun Sharma,Home Office,West
CUST-9327,Isha Sharma,Home Office,East
CUST-8886,Anaya Singh,Corporate,South
CUST-9878,Isha Patel,Consumer,East
CUST-1987,Kabir Jha,Home Office,East
CUST-2546,Diya Verma,Home Office,East
CUST-1555,Aditya Sinha,Consumer,East
CUST-6703,Meera Gupta,Corporate,West
CUST-1866,Kabir Gupta,Corporate,East
CUST-5904,Aditya Das,Consumer,West
CUST-9233,Kabir Jha,Corporate,North
CUST-8151,Kabir Gupta,Consumer,North
CUST-9755,Riya Roy,Consumer,North
CUST-5998,Arjun Sinha,Home Office,South
CUST-7507,Riya Gupta,Home Office,North
CUST-7202,Vivaan Roy,Corporate,East
CUST-1389,Riya Roy,Consumer,South
CUST-9200,Aarav Jha,Corporate,West
CUST-6680,Aditya Sinha,Corporate,North
CUST-6238,Meera Kumar,Home Office,North
CUST-8885,Riya Roy,Corporate,East
CUST-4900,Anaya Roy,Consumer,South
CUST-2775,Arjun Sharma,Corporate,South
CUST-7505,Arjun Sharma,Home Office,West
CUST-1280,Aarav Sharma,Corporate,South
CUST-6228,Isha Verma,Corporate,West
CUST-8382,Aditya Sharma,Corporate,West
CUST-1843,Vivaan Jha,Home Office,South
CUST-5406,Meera Roy,Corporate,South
CUST-2476,Aditya Sharma,Corporate,South
CUST-2631,Aditya Roy,Consumer,North
CUST-4773,Vivaan Kumar,Corporate,South
CUST-9578,Vivaan Singh,Consumer,North
CUST-2773,Vivaan Patel,Home Office,West
CUST-2346,Arjun Singh,Consumer,West
CUST-8916,Meera Verma,Home Office,East
CUST-6359,Anaya Sinha,Consumer,North
CUST-5661,Isha Verma,Corporate,South
CUST-9610,Arjun Das,Corporate,North
CUST-6528,Meera Gupta,Home Office,North
CUST-3290,Anaya Jha,Corporate,East
CUST-5057,Aditya Singh,Home Office,West
CUST-4834,Kabir Sharma,Corporate,South
CUST-3863,Isha Kumar,Corporate,North
CUST-9753,Isha Sinha,Corporate,South
CUST-5961,Kabir Roy,Corporate,North
CUST-1669,Anaya Verma,Home Office,South
CUST-5719,Aarav Sharma,Consumer,North
CUST-2400,Aditya Roy,Corporate,North
CUST-9856,Aditya Roy,Consumer,West
CUST-7012,Kabir Kumar,Corporate,North
CUST-6189,Arjun Jha,Home Office,East
CUST-2037,Riya Gupta,Home Office,South
CUST-1199,Aditya Roy,Corporate,West
CUST-4640,Diya Patel,Home Office,East
CUST-8536,Riya Gupta,Consumer,East
CUST-8024,Aarav Jha,Consumer,West
CUST-6986,Arjun Verma,Consumer,West
CUST-5244,Meera Das,Corporate,North
CUST-1464,Aditya Kumar,Consumer,North
CUST-2862,Riya Singh,Corporate,West
CUST-3263,Anaya Gupta,Home Office,West
CUST-9346,Aditya Sinha,Home Office,North
CUST-4819,Kabir Patel,Corporate,South
CUST-4448,Diya Singh,Home Office,East
CUST-2851,Arjun Das,Consumer,East
CUST-5557,Vivaan Verma,Consumer,East
CUST-9117,Kabir Kumar,Consumer,East
CUST-3044,Riya Roy,Corporate,East
CUST-2317,Riya Verma,Consumer,North
CUST-4753,Aditya Verma,Corporate,East
CUST-3269,Aditya Singh,Corporate,West
CUST-5163,Isha Verma,Home Office,North
CUST-3772,Riya Jha,Corporate,North
CUST-7612,Anaya Sinha,Consumer,East
CUST-9480,Diya Verma,Consumer,West
CUST-8914,Aditya Singh,Home Office,East
CUST-1736,Vivaan Gupta,Corporate,East
CUST-7311,Kabir Patel,Corporate,North
CUST-1176,Riya Gupta,Consumer,East
CUST-8232,Isha Singh,Home Office,North
CUST-6640,Isha Sinha,Corporate,North
CUST-7932,Meera Jha,Home Office,South
CUST-5934,Vivaan Gupta,Corporate,North
CUST-6262,Vivaan Roy,Consumer,North
CUST-2254,Vivaan Gupta,Consumer,North
CUST-5898,Riya Sharma,Home Office,North
CUST-1007,Aditya Kumar,Consumer,East
CUST-9534,Arjun Jha,Home Office,North
CUST-9164,Arjun Gupta,Consumer,South
CUST-3432,Aarav Verma,Home Office,West
CUST-9372,Kabir Patel,Consumer,South
CUST-6461,Vivaan Sinha,Home Office,West
CUST-6048,Arjun Gupta,Home Office,West
CUST-6508,Meera Patel,Corporate,East
CUST-3285,Kabir Roy,Consumer,North
CUST-3765,Diya Jha,Corporate,West
CUST-8987,Isha Verma,Corporate,North
CUST-4136,Kabir Gupta,Corporate,East
CUST-9618,Vivaan Verma,Consumer,West
CUST-7538,Anaya Patel,Consumer,North
CUST-9561,Aarav Gupta,Corporate,South
CUST-7565,Vivaan Das,Corporate,West
CUST-9798,Kabir Roy,Corporate,East
CUST-9571,Riya Roy,Corporate,North
CUST-4316,Diya Patel,Consumer,South
CUST-6068,Kabir Singh,Consumer,North
CUST-9336,Anaya Patel,Consumer,North
CUST-7526,Vivaan Gupta,Consumer,South
CUST-2695,Diya Roy,Home Office,North
CUST-2228,Aditya Singh,Consumer,West
CUST-1795,Arjun Sharma,Corporate,East
CUST-4178,Riya Gupta,Consumer,East
CUST-7120,Anaya Verma,Corporate,East
CUST-7736,Aditya Kumar,Home Office,South
CUST-8156,Meera Patel,Corporate,East
CUST-9860,Aarav Gupta,Home Office,South
CUST-1296,Meera Patel,Corporate,North
CUST-5331,Vivaan Jha,Consumer,South
CUST-4235,Isha Kumar,Corporate,West
CUST-2587,Kabir Gupta,Consumer,South
CUST-7981,Arjun Roy,Corporate,West
CUST-4928,Aditya Das,Home Office,North
CUST-9788,Vivaan Jha,Consumer,West
CUST-2222,Aditya Gupta,Consumer,West
CUST-9538,Isha Singh,Consumer,South
CUST-3104,Arjun Sinha,Corporate,West
CUST-8761,Isha Verma,Corporate,West
CUST-7759,Aarav Das,Corporate,West
CUST-9030,Riya Roy,Consumer,East
CUST-4578,Arjun Kumar,Consumer,North
CUST-4349,Meera Das,Home Office,West
CUST-8651,Aarav Sharma,Corporate,North
CUST-4294,Isha Verma,Home Office,West
CUST-6114,Isha Patel,Consumer,West
CUST-5226,Aarav Singh,Corporate,West
CUST-3631,Vivaan Sinha,Consumer,West
CUST-3016,Vivaan Roy,Home Office,North
CUST-1896,Aditya Patel,Consumer,North
CUST-8006,Arjun Jha,Home Office,South
CUST-7206,Aarav Sharma,Consumer,South
CUST-9079,Riya Sharma,Corporate,North
CUST-5258,Anaya Singh,Home Office,South
CUST-3011,Diya Kumar,Corporate,West
CUST-9374,Isha Roy,Consumer,South
CUST-5467,Vivaan Singh,Consumer,South
CUST-8859,Aditya Sinha,Corporate,South
CUST-1208,Anaya Sharma,Corporate,East
CUST-7587,Vivaan Patel,Consumer,West
CUST-2349,Aditya Gupta,Home Office,North
CUST-6384,Isha Singh,Consumer,West
CUST-6762,Meera Jha,Corporate,East
CUST-7417,Riya Verma,Home Office,West
CUST-8518,Isha Verma,Corporate,East
CUST-5242,Kabir Jha,Consumer,West
CUST-8646,Aarav Verma,Corporate,South
CUST-9515,Isha Gupta,Consumer,South
CUST-5202,Aarav Kumar,Corporate,West
CUST-2005,Diya Sinha,Corporate,North
CUST-4470,Vivaan Kumar,Consumer,East
CUST-1198,Meera Kumar,Consumer,South
CUST-6230,Diya Verma,Consumer,North
CUST-7718,Meera Kumar,Corporate,East
CUST-3747,Kabir Roy,Consumer,South
CUST-1385,Arjun Sinha,Corporate,West
CUST-4826,Aditya Singh,Home Office,North
CUST-1836,Meera Das,Consumer,North
CUST-8272,Aarav Singh,Home Office,West
CUST-4327,Riya Patel,Home Office,East
CUST-7992,Diya Gupta,Consumer,West
CUST-8027,Riya Verma,Consumer,West
CUST-2997,Isha Kumar,Corporate,South
CUST-8888,Meera Roy,Consumer,North
CUST-3342,Arjun Roy,Home Office,East
CUST-8863,Arjun Das,Consumer,South
CUST-4010,Vivaan Kumar,Corporate,North
CUST-8009,Diya Sinha,Consumer,North
CUST-6525,Isha Kumar,Consumer,North
CUST-3975,Kabir Jha,Corporate,West
CUST-4215,Arjun Roy,Corporate,North
CUST-3217,Meera Verma,Home Office,North
CUST-7483,Meera Singh,Home Office,South
CUST-7853,Meera Roy,Corporate,West
CUST-7845,Meera Verma,Home Office,East
CUST-2785,Vivaan Sinha,Home Office,South
CUST-9715,Meera Jha,Consumer,North
CUST-2170,Anaya Jha,Consumer,North
CUST-6201,Riya Singh,Corporate,West
CUST-3629,Aditya Patel,Consumer,North
CUST-6793,Diya Roy,Consumer,North
CUST-5791,Kabir Roy,Consumer,East
CUST-2710,Arjun Patel,Corporate,East
CUST-3611,Riya Roy,Corporate,South
CUST-9624,Isha Patel,Home Office,East
CUST-1212,Aditya Patel,Corporate,West
CUST-6563,Anaya Kumar,Corporate,West
CUST-2106,Vivaan Jha,Corporate,East
CUST-1359,Riya Kumar,Consumer,West
CUST-2875,Anaya Verma,Home Office,West
CUST-1898,Isha Gupta,Corporate,East
CUST-3229,Arjun Das,Consumer,South
CUST-5485,Riya Roy,Consumer,West
CUST-4120,Anaya Kumar,Corporate,West
CUST-1553,Diya Roy,Consumer,North
CUST-4135,Vivaan Verma,Corporate,West
CUST-3659,Aditya Sinha,Consumer,East
CUST-8399,Aarav Sharma,Home Office,West
CUST-9105,Aditya Roy,Corporate,East
CUST-6106,Arjun Jha,Home Office,West
CUST-5850,Aarav Verma,Consumer,East
CUST-1678,Diya Gupta,Home Office,West
CUST-5993,Meera Singh,Corporate,South
CUST-6066,Riya Das,Corporate,East
CUST-5218,Meera Singh,Corporate,South
CUST-4358,Aarav Patel,Home Office,South
CUST-4094,Anaya Sinha,Consumer,West
CUST-9729,Vivaan Jha,Corporate,East
CUST-7143,Aarav Sinha,Corporate,West
CUST-6195,Anaya Verma,Consumer,East
CUST-8997,Anaya Roy,Home Office,East
CUST-9750,Kabir Sharma,Home Office,South
CUST-1790,Vivaan Sinha,Corporate,East
CUST-3679,Kabir Sharma,Consumer,South
CUST-8553,Arjun Roy,Corporate,South
CUST-8293,Riya Sinha,Consumer,North
CUST-9333,Aditya Singh,Consumer,East
CUST-6818,Aarav Sinha,Corporate,West
CUST-5828,Diya Jha,Consumer,South
CUST-9195,Isha Sharma,Consumer,South
CUST-6242,Meera Sinha,Corporate,North
CUST-4988,Isha Das,Consumer,East
CUST-9196,Vivaan Das,Corporate,South
CUST-6758,Meera Sharma,Home Office,East
CUST-2991,Anaya Patel,Home Office,East
CUST-5327,Diya Patel,Consumer,East
CUST-9408,Vivaan Das,Consumer,South
CUST-1940,Vivaan Sinha,Consumer,South
CUST-3436,Aditya Roy,Home Office,East
CUST-7528,Aarav Gupta,Corporate,North
CUST-5364,Anaya Kumar,Corporate,South
CUST-7250,Arjun Singh,Home Office,North
CUST-9547,Arjun Roy,Consumer,South
CUST-5359,Kabir Jha,Corporate,West
CUST-9776,Meera Verma,Consumer,South
CUST-8047,Meera Roy,Consumer,South
CUST-3921,Isha Patel,Consumer,West
CUST-4671,Arjun Jha,Corporate,East
CUST-1257,Isha Sharma,Home Office,North
CUST-9474,Aarav Jha,Corporate,North
CUST-8385,Riya Singh,Consumer,South
CUST-5645,Arjun Sharma,Consumer,East
CUST-2381,Arjun Sinha,Corporate,North
CUST-3140,Aditya Patel,Corporate,North
CUST-9975,Isha Roy,Consumer,West
CUST-4752,Aditya Sharma,Corporate,West
CUST-8107,Diya Sharma,Home Office,West
CUST-1217,Aditya Patel,Home Office,North
CUST-3081,Diya Gupta,Home Office,North
CUST-9204,Diya Jha,Consumer,North
CUST-2810,Isha Sinha,Corporate,West
CUST-1133,Aarav Das,Home Office,East
CUST-8716,Aditya Gupta,Home Office,East
CUST-3214,Anaya Jha,Consumer,East
CUST-2756,Aarav Das,Home Office,North
CUST-9449,Kabir Sharma,Corporate,East
CUST-4569,Vivaan Gupta,Consumer,West
CUST-9179,Arjun Gupta,Home Office,South
CUST-1022,Riya Verma,Consumer,South
CUST-7825,Kabir Sinha,Consumer,West
CUST-6831,Aarav Sinha,Corporate,East
CUST-1758,Diya Kumar,Home Office,West
CUST-3492,Aditya Das,Consumer,North
CUST-5947,Diya Sinha,Consumer,North
CUST-1988,Diya Patel,Home Office,North
CUST-5633,Vivaan Jha,Consumer,South
CUST-9016,Riya Jha,Corporate,North
CUST-8245,Isha Roy,Consumer,North
CUST-3000,Anaya Patel,Corporate,South
CUST-7307,Anaya Sharma,Home Office,East
CUST-6516,Meera Sinha,Corporate,West
CUST-2895,Riya Sharma,Corporate,West
CUST-8202,Isha Verma,Home Office,East
CUST-9992,Kabir Sharma,Home Office,North
CUST-9361,Aarav Roy,Consumer,South
CUST-8287,Isha Das,Consumer,East
CUST-4989,Aditya Patel,Consumer,East
CUST-8320,Meera Gupta,Home Office,East
CUST-1191,Arjun Kumar,Corporate,West
CUST-9282,Isha Verma,Corporate,South
CUST-3165,Aarav Gupta,Home Office,South
CUST-7698,Arjun Sinha,Home Office,South
CUST-4113,Aditya Verma,Corporate,West
CUST-2425,Meera Gupta,Corporate,South
CUST-7908,Kabir Gupta,Corporate,North
CUST-9721,Anaya Sinha,Consumer,North
CUST-3987,Meera Roy,Consumer,North
CUST-9042,Aditya Patel,Consumer,West
CUST-3299,Aarav Jha,Home Office,South
CUST-8920,Aditya Sinha,Corporate,South
CUST-5138,Diya Roy,Corporate,South
CUST-6537,Riya Sharma,Home Office,East
CUST-1651,Vivaan Sharma,Home Office,East
CUST-6883,Anaya Jha,Home Office,West
CUST-9197,Isha Singh,Home Office,North
CUST-7456,Riya Singh,Corporate,North
CUST-9402,Arjun Kumar,Home Office,East
CUST-9723,Meera Gupta,Corporate,North
CUST-3625,Aarav Gupta,Consumer,East
CUST-1520,Vivaan Singh,Corporate,West
CUST-6080,Isha Kumar,Consumer,South
CUST-9468,Isha Sinha,Home Office,West
CUST-3980,Riya Singh,Consumer,South
CUST-9413,Arjun Verma,Home Office,West
CUST-1939,Kabir Das,Corporate,South
CUST-9324,Aditya Verma,Consumer,West
CUST-4987,Vivaan Sharma,Home Office,North
CUST-1762,Riya Patel,Home Office,East
CUST-9621,Arjun Patel,Consumer,North
CUST-1842,Aditya Patel,Home Office,West
CUST-3222,Anaya Sharma,Corporate,West
CUST-7828,Diya Jha,Consumer,North
CUST-7953,Kabir Das,Consumer,East
CUST-3914,Anaya Sinha,Consumer,West
CUST-4971,Arjun Das,Corporate,East
CUST-8561,Aarav Das,Corporate,North
CUST-9917,Arjun Gupta,Home Office,East
CUST-1666,Diya Kumar,Consumer,East
CUST-6445,Anaya Jha,Home Office,South
CUST-4941,Aditya Verma,Consumer,East
CUST-7915,Diya Verma,Corporate,East
CUST-5911,Aarav Kumar,Corporate,West
CUST-5995,Anaya Kumar,Consumer,North
CUST-9275,Aarav Sinha,Consumer,North
CUST-3045,Isha Patel,Corporate,West
CUST-4386,Riya Kumar,Corporate,North
CUST-9477,Meera Jha,Corporate,North
CUST-7011,Kabir Patel,Corporate,West
CUST-9090,Isha Jha,Home Office,South
CUST-9489,Aarav Roy,Consumer,North
CUST-2943,Anaya Roy,Corporate,North
CUST-1807,Meera Jha,Home Office,East
CUST-1119,Isha Jha,Corporate,West
CUST-1734,Isha Das,Home Office,East
CUST-5733,Meera Verma,Corporate,North
CUST-9858,Vivaan Singh,Consumer,West
CUST-1700,Arjun Kumar,Home Office,East
CUST-8678,Aditya Patel,Home Office,North
CUST-9976,Meera Roy,Corporate,East
CUST-5766,Vivaan Das,Home Office,West
CUST-7050,Anaya Roy,Corporate,East
CUST-8352,Diya Patel,Corporate,South
CUST-9156,Riya Jha,Consumer,South
CUST-8563,Aditya Jha,Home Office,North
CUST-3928,Arjun Gupta,Consumer,West
CUST-5716,Diya Roy,Home Office,East
CUST-7289,Anaya Das,Home Office,South
CUST-3549,Meera Kumar,Consumer,South
CUST-6245,Vivaan Singh,Consumer,East
CUST-7676,Meera Das,Consumer,North
CUST-6576,Aditya Gupta,Home Office,North
CUST-2004,Aarav Singh,Home Office,South
CUST-8766,Aarav Sharma,Corporate,West
CUST-7515,Aditya Gupta,Consumer,North
CUST-2835,Arjun Singh,Consumer,East
CUST-5863,Arjun Sinha,Home Office,East
CUST-9957,Aditya Verma,Consumer,East
CUST-2951,Diya Sharma,Home Office,West
CUST-5772,Vivaan Jha,Home Office,West
CUST-1069,Aarav Gupta,Consumer,East
CUST-2081,Aarav Roy,Home Office,North
CUST-1793,Meera Singh,Corporate,South
CUST-1642,Meera Roy,Home Office,West
CUST-6906,Isha Das,Consumer,East
CUST-2872,Aditya Sinha,Corporate,West
CUST-2824,Isha Kumar,Home Office,North
CUST-8594,Isha Verma,Consumer,North
CUST-9789,Arjun Sharma,Consumer,South
CUST-7803,Vivaan Gupta,Corporate,North
CUST-4378,Isha Jha,Consumer,South
CUST-3424,Riya Patel,Corporate,East
CUST-5798,Aarav Roy,Corporate,South
CUST-1161,Kabir Sharma,Consumer,South
CUST-5372,Arjun Sinha,Corporate,East
CUST-3501,Meera Jha,Corporate,West
CUST-7493,Riya Patel,Corporate,West
CUST-8941,Arjun Sharma,Home Office,West
CUST-7222,Isha Kumar,Corporate,North
CUST-3382,Diya Kumar,Home Office,West
CUST-4724,Meera Singh,Home Office,West
CUST-5571,Anaya Roy,Consumer,North
CUST-6673,Meera Das,Consumer,North
CUST-8945,Isha Kumar,Home Office,West
CUST-2023,Arjun Sharma,Corporate,South
CUST-9271,Diya Das,Home Office,South
CUST-3930,Isha Sharma,Consumer,West
CUST-8215,Isha Patel,Home Office,East
CUST-7225,Riya Roy,Corporate,North
CUST-3558,Riya Kumar,Consumer,West
CUST-2419,Meera Sharma,Home Office,North
CUST-5347,Arjun Verma,Home Office,East
CUST-8499,Riya Jha,Corporate,South
CUST-3636,Riya Verma,Consumer,East
CUST-6015,Aarav Roy,Corporate,South
CUST-5255,Diya Singh,Corporate,North
CUST-3095,Aditya Roy,Consumer,East
CUST-7078,Riya Jha,Consumer,East
CUST-1711,Diya Jha,Corporate,East
CUST-7388,Vivaan Gupta,Home Office,North
CUST-9227,Anaya Verma,Consumer,South
CUST-7204,Riya Gupta,Corporate,West
CUST-9691,Isha Jha,Corporate,North
CUST-6657,Arjun Verma,Corporate,West
CUST-7167,Diya Jha,Corporate,South
CUST-7560,Meera Gupta,Consumer,East
CUST-9452,Aditya Singh,Home Office,North
CUST-5081,Riya Verma,Home Office,East
CUST-9510,Aarav Patel,Corporate,North
CUST-5120,Aditya Jha,Home Office,West
CUST-7744,Aarav Jha,Home Office,West
CUST-8170,Aarav Verma,Consumer,West
CUST-9726,Kabir Gupta,Home Office,West
CUST-5415,Anaya Jha,Corporate,West
CUST-5102,Vivaan Sinha,Home Office,South
CUST-1952,Aarav Patel,Consumer,South
CUST-3381,Aditya Roy,Home Office,West
CUST-6973,Kabir Jha,Corporate,East
CUST-8981,Aarav Verma,Corporate,West
CUST-5125,Vivaan Jha,Corporate,South
CUST-1861,Riya Verma,Corporate,West
CUST-6265,Diya Gupta,Consumer,West
CUST-4947,Aarav Gupta,Home Office,South
CUST-9760,Anaya Gupta,Home Office,West
CUST-3059,Anaya Sinha,Home Office,North
CUST-5292,Riya Patel,Home Office,West
CUST-9089,Anaya Verma,Home Office,West
CUST-4679,Kabir Jha,Home Office,West
CUST-4298,Isha Verma,Home Office,East
CUST-6667,Isha Verma,Corporate,East
CUST-9855,Isha Sharma,Corporate,South
CUST-3033,Meera Roy,Consumer,West
CUST-2126,Riya Kumar,Consumer,West
CUST-2047,Diya Verma,Home Office,West
CUST-5045,Anaya Kumar,Home Office,West
CUST-9522,Arjun Patel,Home Office,South
CUST-2532,Anaya Gupta,Home Office,North
CUST-9799,Anaya Kumar,Consumer,South
CUST-6157,Riya Das,Consumer,South
CUST-9332,Vivaan Roy,Home Office,South
CUST-3671,Meera Jha,Consumer,South
CUST-4032,Aditya Das,Consumer,North
CUST-7317,Meera Sinha,Consumer,South
CUST-9410,Aditya Singh,Home Office,North
CUST-2504,Aarav Verma,Corporate,South
CUST-5882,Diya Sinha,Corporate,North
CUST-4160,Isha Kumar,Consumer,West
CUST-8790,Aarav Das,Home Office,South
CUST-5219,Anaya Patel,Consumer,South
CUST-2241,Kabir Kumar,Corporate,West
CUST-9305,Aarav Sharma,Consumer,North
CUST-4181,Isha Sinha,Home Office,South
CUST-5077,Aditya Gupta,Home Office,West
CUST-2267,Isha Das,Consumer,East
CUST-8892,Aarav Sharma,Corporate,West
CUST-5877,Isha Kumar,Consumer,South
CUST-9944,Vivaan Jha,Consumer,North
CUST-5264,Arjun Das,Home Office,South
CUST-1831,Anaya Sharma,Consumer,South
CUST-6659,Riya Roy,Corporate,South
CUST-1315,Kabir Sinha,Corporate,North
CUST-2584,Aditya Sharma,Corporate,East
CUST-5722,Vivaan Roy,Corporate,North
CUST-9006,Meera Das,Home Office,West
CUST-4283,Isha Gupta,Home Office,North
CUST-5085,Diya Jha,Home Office,West
CUST-7692,Diya Singh,Consumer,South
CUST-5160,Meera Singh,Corporate,South
CUST-2923,Diya Jha,Corporate,South
CUST-7984,Vivaan Sinha,Home Office,East
CUST-6370,Isha Singh,Consumer,East
CUST-6889,Meera Roy,Consumer,East
CUST-9922,Diya Sinha,Home Office,West
CUST-8715,Vivaan Roy,Corporate,North
CUST-8866,Aditya Gupta,Corporate,South
CUST-8375,Meera Jha,Corporate,North
CUST-6901,Arjun Singh,Consumer,East
CUST-1904,Riya Jha,Corporate,East
CUST-3440,Meera Jha,Corporate,North
CUST-7270,Anaya Patel,Corporate,North
CUST-7308,Arjun Kumar,Corporate,South
CUST-4369,Vivaan Gupta,Consumer,West
CUST-3687,Meera Jha,Consumer,East
CUST-9365,Aarav Verma,Corporate,North
CUST-8133,Anaya Das,Corporate,West
CUST-8391,Meera Singh,Consumer,West
CUST-6374,Aditya Sharma,Home Office,West
CUST-3406,Kabir Verma,Home Office,East
CUST-8988,Isha Gupta,Home Office,West
CUST-2696,Aditya Gupta,Corporate,North
CUST-8934,Arjun Sharma,Home Office,East
CUST-5233,Arjun Sinha,Consumer,South
CUST-7765,Anaya Sharma,Home Office,West
CUST-2634,Isha Kumar,Corporate,North
CUST-9185,Anaya Singh,Consumer,East
CUST-9360,Isha Sinha,Home Office,West
CUST-6319,Vivaan Verma,Corporate,North
CUST-9147,Anaya Jha,Consumer,North
CUST-2160,Aarav Singh,Corporate,South
CUST-9778,Meera Roy,Corporate,West
CUST-9246,Aarav Singh,Corporate,South
CUST-5168,Arjun Roy,Consumer,North
CUST-2819,Riya Sharma,Home Office,North
CUST-5896,Diya Kumar,Corporate,South
CUST-8197,Riya Sharma,Home Office,West
CUST-2061,Aditya Sharma,Corporate,West
CUST-9807,Kabir Jha,Consumer,East
CUST-4211,Isha Verma,Consumer,North
CUST-9344,Isha Jha,Corporate,East
CUST-5318,Kabir Verma,Corporate,South
CUST-8349,Aarav Das,Home Office,South
CUST-2989,Meera Verma,Home Office,South
CUST-3514,Aarav Das,Corporate,South
CUST-6608,Kabir Singh,Consumer,West
CUST-5691,Aarav Jha,Consumer,West
CUST-3582,Aditya Sharma,Consumer,South
CUST-7774,Riya Patel,Home Office,North
CUST-4089,Arjun Sharma,Consumer,South
CUST-3404,Riya Verma,Home Office,North
CUST-8029,Riya Jha,Corporate,West
CUST-6773,Meera Gupta,Corporate,West
CUST-3112,Aarav Das,Consumer,East
CUST-9044,Meera Sharma,Consumer,North
CUST-1633,Vivaan Jha,Corporate,East
CUST-2583,Arjun Patel,Consumer,West
CUST-1704,Aarav Sharma,Corporate,West
CUST-6462,Meera Jha,Corporate,North
CUST-7215,Meera Singh,Consumer,East
CUST-8729,Anaya Kumar,Consumer,North
CUST-1460,Vivaan Sinha,Home Office,North
CUST-9148,Arjun Das,Corporate,North
CUST-2080,Vivaan Verma,Home Office,South
CUST-8251,Isha Das,Corporate,West
CUST-3541,Meera Roy,Consumer,East
CUST-8367,Kabir Verma,Home Office,South
CUST-7887,Isha Roy,Corporate,South
CUST-3519,Kabir Kumar,Consumer,South
CUST-4652,Vivaan Kumar,Corporate,North
CUST-3695,Aditya Das,Consumer,West
CUST-6717,Isha Sinha,Consumer,South
CUST-5769,Arjun Roy,Home Office,East
CUST-2158,Kabir Sharma,Corporate,South
CUST-5529,Vivaan Sinha,Corporate,North
CUST-5418,Anaya Gupta,Consumer,North
CUST-4781,Anaya Patel,Consumer,North
CUST-4602,Diya Sinha,Home Office,North
CUST-1252,Riya Verma,Consumer,West
CUST-3700,Anaya Sinha,Corporate,East
CUST-3152,Meera Singh,Consumer,West
CUST-6893,Aditya Roy,Corporate,East
CUST-3869,Anaya Roy,Corporate,East
CUST-7113,Arjun Gupta,Home Office,South
CUST-2898,Kabir Verma,Home Office,South
CUST-9029,Diya Gupta,Home Office,West
CUST-1150,Riya Singh,Consumer,East
CUST-9609,Diya Sinha,Home Office,West
CUST-4853,Diya Gupta,Consumer,South
CUST-1114,Riya Verma,Corporate,West
CUST-2065,Kabir Verma,Home Office,East
CUST-5506,Anaya Sinha,Home Office,East
CUST-9960,Meera Roy,Home Office,East
CUST-1600,Meera Das,Corporate,West
CUST-4048,Kabir Roy,Home Office,West
CUST-9626,Riya Sinha,Consumer,East
CUST-3945,Diya Sinha,Consumer,West
CUST-1380,Meera Verma,Corporate,East
CUST-7403,Aarav Kumar,Corporate,West
CUST-6234,Kabir Das,Corporate,East
CUST-6004,Isha Das,Corporate,South
CUST-1699,Arjun Singh,Home Office,West
CUST-3308,Arjun Jha,Consumer,North
CUST-5326,Diya Das,Home Office,South
CUST-6345,Meera Kumar,Consumer,East
CUST-9615,Diya Singh,Home Office,North
CUST-2572,Riya Sinha,Home Office,North
CUST-6541,Arjun Das,Consumer,South
CUST-4057,Isha Das,Home Office,East
CUST-6296,Arjun Verma,Consumer,East
CUST-5831,Anaya Gupta,Home Office,North
CUST-1017,Aditya Das,Consumer,East
CUST-5026,Meera Kumar,Corporate,West
CUST-3076,Kabir Singh,Corporate,South
CUST-8901,Isha Kumar,Corporate,North
CUST-9135,Arjun Kumar,Corporate,West
CUST-3082,Kabir Sinha,Consumer,East
CUST-8787,Arjun Sinha,Consumer,North
CUST-2531,Anaya Singh,Home Office,West
CUST-5486,Arjun Sinha,Corporate,West
CUST-4143,Meera Roy,Corporate,West
CUST-6763,Aarav Roy,Home Office,East
CUST-3023,Diya Sharma,Home Office,West
CUST-7961,Kabir Jha,Consumer,East
CUST-2384,Anaya Jha,Consumer,West
CUST-8917,Aarav Gupta,Corporate,West
CUST-8406,Diya Patel,Corporate,South
CUST-4107,Diya Gupta,Corporate,South
CUST-9181,Aditya Sinha,Home Office,East
CUST-8336,Vivaan Sharma,Consumer,East
CUST-2959,Isha Singh,Home Office,East
CUST-1318,Aditya Kumar,Home Office,North
CUST-7650,Meera Kumar,Home Office,South
CUST-3652,Vivaan Kumar,Corporate,East
CUST-6287,Anaya Gupta,Consumer,North
CUST-3583,Meera Sinha,Consumer,West
CUST-6362,Anaya Patel,Consumer,West
CUST-5076,Kabir Das,Consumer,West
CUST-9879,Aditya Roy,Consumer,South
CUST-2436,Riya Sharma,Corporate,East
CUST-1844,Meera Patel,Consumer,West
CUST-3116,Riya Sharma,Home Office,North
CUST-7827,Meera Gupta,Home Office,West
CUST-5038,Aditya Sinha,Home Office,North
CUST-1456,Diya Roy,Consumer,East
CUST-8258,Arjun Sharma,Consumer,North
CUST-6206,Vivaan Singh,Home Office,South
CUST-6379,Meera Patel,Consumer,North
CUST-7033,Isha Gupta,Home Office,South
CUST-9875,Arjun Roy,Corporate,South
CUST-5068,Diya Patel,Home Office,South
CUST-1636,Riya Jha,Home Office,East
CUST-5151,Aditya Kumar,Home Office,North
CUST-6001,Kabir Das,Home Office,West
CUST-9349,Anaya Roy,Home Office,North
CUST-6837,Aarav Jha,Consumer,South
CUST-4323,Aarav Patel,Consumer,North
CUST-7945,Diya Verma,Consumer,North
CUST-1858,Meera Kumar,Consumer,West
CUST-1367,Kabir Verma,Consumer,East
CUST-7716,Kabir Patel,Consumer,East
CUST-2438,Aarav Singh,Consumer,North
CUST-4447,Isha Sharma,Home Office,West
CUST-2409,Kabir Jha,Home Office,East
CUST-2284,Riya Sharma,Consumer,West
CUST-5584,Kabir Patel,Corporate,North
CUST-3270,Isha Sharma,Corporate,West
CUST-3874,Anaya Jha,Home Office,West
CUST-4075,Kabir Roy,Consumer,West
CUST-1710,Anaya Singh,Home Office,East
CUST-3353,Meera Das,Home Office,South
CUST-1324,Diya Sinha,Corporate,South
CUST-8212,Aditya Verma,Home Office,East
CUST-1313,Aarav Verma,Home Office,West
CUST-9586,Aarav Patel,Corporate,South
CUST-9194,Arjun Sinha,Corporate,East
CUST-6223,Aarav Kumar,Home Office,North
CUST-2217,Anaya Kumar,Home Office,South
CUST-8877,Isha Sinha,Home Office,West
CUST-3746,Isha Das,Corporate,North
CUST-9168,Meera Roy,Consumer,East
CUST-9143,Aarav Sharma,Corporate,North
CUST-2356,Meera Das,Corporate,West
CUST-9395,Isha Jha,Corporate,North
CUST-6833,Isha Roy,Home Office,South
CUST-6720,Diya Roy,Home Office,West
CUST-1261,Isha Sharma,Consumer,West
CUST-2027,Isha Kumar,Consumer,East
CUST-1189,Aditya Verma,Consumer,South
CUST-7846,Diya Roy,Corporate,South
CUST-4820,Anaya Sinha,Corporate,East
CUST-7427,Riya Das,Consumer,North
CUST-7440,Anaya Das,Corporate,East
CUST-9886,Meera Sinha,Consumer,East
CUST-8241,Aditya Sinha,Home Office,West
CUST-6449,Kabir Gupta,Corporate,South
CUST-7702,Kabir Kumar,Consumer,East
CUST-8834,Aarav Jha,Home Office,West
CUST-2743,Riya Singh,Home Office,North
CUST-6560,Arjun Patel,Consumer,South
CUST-4548,Aditya Singh,Home Office,South
CUST-1469,Aditya Jha,Corporate,North
CUST-3063,Riya Jha,Corporate,South
CUST-9512,Vivaan Verma,Home Office,North
CUST-4710,Aditya Verma,Home Office,North
CUST-3065,Arjun Sinha,Consumer,North
CUST-3328,Kabir Sharma,Corporate,East
CUST-6529,Kabir Das,Corporate,West
CUST-5308,Meera Verma,Consumer,East
CUST-9912,Riya Verma,Corporate,West
CUST-1478,Diya Sharma,Consumer,West
CUST-1558,Aditya Jha,Corporate,East
CUST-4685,Aditya Kumar,Corporate,South
CUST-7147,Arjun Roy,Home Office,West
CUST-9770,Arjun Verma,Corporate,West
CUST-5394,Meera Patel,Consumer,West
CUST-8712,Riya Das,Corporate,West
CUST-9763,Diya Sharma,Home Office,South
CUST-4986,Isha Gupta,Home Office,West
CUST-9067,Anaya Roy,Consumer,North
CUST-6377,Aditya Patel,Corporate,North
CUST-5553,Anaya Gupta,Corporate,North
CUST-4477,Aarav Verma,Home Office,South
CUST-2649,Vivaan Roy,Home Office,North
CUST-3279,Anaya Patel,Corporate,East
CUST-2638,Aditya Roy,Corporate,North
CUST-8560,Riya Sinha,Home Office,South
CUST-5141,Arjun Sharma,Home Office,West
CUST-9985,Meera Gupta,Corporate,South
CUST-3410,Meera Sharma,Corporate,North
CUST-2900,Diya Gupta,Home Office,South
CUST-2102,Vivaan Das,Consumer,North
CUST-6499,Arjun Jha,Home Office,West
CUST-2886,Meera Sharma,Consumer,North
CUST-8098,Vivaan Das,Home Office,East
CUST-9503,Anaya Sinha,Home Office,North
CUST-4666,Vivaan Kumar,Corporate,North
CUST-3287,Diya Das,Consumer,West
CUST-3844,Arjun Patel,Home Office,West
CUST-7872,Aarav Kumar,Corporate,West
CUST-7847,Aditya Das,Consumer,South
CUST-1001,Isha Jha,Corporate,West
CUST-2382,Vivaan Roy,Corporate,West
CUST-3909,Aditya Roy,Consumer,West
CUST-2379,Arjun Gupta,Corporate,West
CUST-8007,Vivaan Patel,Corporate,South
CUST-9405,Riya Das,Corporate,East
CUST-3868,Arjun Das,Home Office,North
CUST-2187,Meera Singh,Home Office,East
CUST-3115,Isha Patel,Corporate,East
CUST-4780,Meera Patel,Corporate,North
CUST-2530,Anaya Roy,Corporate,North
CUST-6312,Anaya Sharma,Consumer,East
CUST-7602,Aarav Gupta,Home Office,South
CUST-1439,Anaya Sinha,Home Office,South
CUST-2733,Vivaan Singh,Home Office,West
CUST-6940,Anaya Kumar,Corporate,North
CUST-7442,Isha Kumar,Home Office,West
CUST-8771,Vivaan Sinha,Consumer,West
CUST-7306,Diya Gupta,Home Office,South
CUST-7849,Anaya Sharma,Home Office,South
CUST-7424,Arjun Gupta,Corporate,East
CUST-1601,Aditya Patel,Corporate,North
CUST-7948,Aarav Roy,Corporate,West
CUST-3833,Aditya Kumar,Corporate,East
CUST-4359,Diya Patel,Consumer,North
CUST-6385,Kabir Jha,Corporate,West
CUST-9464,Riya Verma,Home Office,West
CUST-2180,Vivaan Sinha,Consumer,East
CUST-4122,Aarav Sharma,Consumer,East
CUST-6466,Arjun Patel,Consumer,East
CUST-7447,Vivaan Singh,Home Office,East
CUST-1499,Meera Kumar,Home Office,South
CUST-4125,Aarav Singh,Consumer,West
CUST-4234,Diya Sinha,Corporate,East
CUST-8173,Aditya Das,Corporate,North
CUST-9217,Meera Kumar,Consumer,East
CUST-6095,Anaya Kumar,Consumer,South
CUST-9252,Anaya Patel,Home Office,East
CUST-6832,Anaya Verma,Home Office,North
CUST-4884,Diya Roy,Home Office,West
CUST-7675,Aditya Sinha,Home Office,South
CUST-4382,Meera Kumar,Consumer,North
CUST-7639,Arjun Gupta,Home Office,East
CUST-7330,Riya Das,Corporate,West
CUST-2865,Meera Das,Consumer,East
CUST-7990,Anaya Gupta,Home Office,South
CUST-6587,Anaya Singh,Corporate,West
CUST-4163,Anaya Sinha,Corporate,North
CUST-8620,Vivaan Verma,Consumer,South
CUST-6996,Arjun Sharma,Home Office,West
CUST-4017,Aditya Sharma,Corporate,South
CUST-1498,Meera Sinha,Home Office,East
CUST-1352,Vivaan Kumar,Corporate,West
CUST-8296,Isha Patel,Corporate,East
CUST-5198,Aarav Das,Consumer,South
CUST-1224,Kabir Das,Home Office,East
CUST-1957,Kabir Jha,Consumer,East
CUST-2385,Kabir Roy,Consumer,East
CUST-9784,Isha Sinha,Home Office,East
CUST-4847,Anaya Das,Consumer,West
CUST-8064,Aditya Kumar,Consumer,West
CUST-5924,Meera Das,Corporate,North
CUST-4019,Arjun Patel,Consumer,North
CUST-8084,Arjun Sharma,Corporate,East
CUST-1444,Diya Kumar,Consumer,West
CUST-1812,Kabir Roy,Home Office,West
CUST-5067,Isha Verma,Consumer,West
CUST-6564,Meera Sinha,Corporate,North
CUST-5288,Aditya Sinha,Corporate,East
CUST-4739,Vivaan Gupta,Home Office,West
CUST-1107,Kabir Jha,Home Office,East
CUST-9931,Riya Gupta,Corporate,East
CUST-1955,Aarav Sharma,Consumer,North
CUST-6227,Arjun Sinha,Corporate,East
CUST-6198,Meera Gupta,Consumer,South
CUST-5209,Isha Gupta,Consumer,East
CUST-8621,Aarav Roy,Corporate,South
CUST-1091,Aditya Jha,Consumer,South
CUST-9854,Isha Verma,Home Office,North
CUST-7048,Arjun Kumar,Home Office,West
CUST-5550,Diya Sharma,Home Office,South
CUST-3385,Anaya Roy,Home Office,East
CUST-3913,Riya Sharma,Corporate,South
CUST-1961,Meera Das,Consumer,South
CUST-8132,Aarav Sharma,Home Office,West
CUST-1309,Aditya Verma,Consumer,North
CUST-1371,Isha Sinha,Home Office,North
CUST-2336,Meera Gupta,Corporate,North
CUST-2922,Anaya Gupta,Corporate,North
CUST-3459,Riya Verma,Consumer,West
CUST-6079,Vivaan Sharma,Home Office,West
CUST-6160,Kabir Roy,Home Office,North
CUST-4058,Riya Kumar,Corporate,East
CUST-3363,Isha Singh,Home Office,West
CUST-3681,Diya Verma,Consumer,South
CUST-2293,Riya Singh,Home Office,South
CUST-8640,Arjun Sinha,Home Office,South
CUST-8308,Riya Roy,Home Office,West
CUST-2916,Arjun Patel,Consumer,North
CUST-5025,Diya Singh,Home Office,South
CUST-5685,Diya Patel,Consumer,East
CUST-7264,Riya Das,Corporate,North
CUST-3738,Aditya Sinha,Corporate,South
CUST-3842,Anaya Patel,Corporate,East
CUST-4700,Aarav Gupta,Consumer,South
CUST-1543,Diya Jha,Consumer,South
CUST-4840,Arjun Roy,Consumer,East
CUST-8110,Aarav Verma,Corporate,South
CUST-9937,Vivaan Sharma,Corporate,North
CUST-2614,Arjun Sinha,Corporate,West
CUST-4377,Vivaan Das,Home Office,West
CUST-8847,Aarav Gupta,Home Office,West
CUST-7956,Aarav Verma,Consumer,North
CUST-2771,Arjun Verma,Corporate,West
CUST-5959,Kabir Sharma,Consumer,West
CUST-6027,Isha Singh,Home Office,North
CUST-4233,Anaya Sinha,Consumer,West
CUST-9003,Diya Das,Consumer,North
CUST-3192,Riya Gupta,Home Office,West
CUST-3768,Riya Patel,Consumer,South
CUST-9969,Meera Gupta,Consumer,North
CUST-7248,Vivaan Sinha,Home Office,East
CUST-1307,Meera Singh,Corporate,North
CUST-8146,Aditya Sharma,Home Office,North
CUST-2465,Diya Gupta,Corporate,East
CUST-9160,Riya Jha,Home Office,East
CUST-9951,Diya Gupta,Home Office,North
CUST-4731,Arjun Das,Home Office,South
CUST-8780,Isha Roy,Corporate,West
CUST-5639,Aarav Sharma,Home Office,North
CUST-9000,Kabir Singh,Corporate,West
CUST-6097,Vivaan Sinha,Home Office,South
CUST-7573,Kabir Kumar,Home Office,South
CUST-5631,Kabir Patel,Corporate,South
CUST-9591,Isha Verma,Consumer,West
CUST-1049,Vivaan Sinha,Corporate,West
CUST-9400,Meera Singh,Consumer,West
CUST-2915,Aarav Patel,Home Office,South
CUST-4301,Meera Sinha,Corporate,West
CUST-7130,Diya Verma,Corporate,South
CUST-7946,Arjun Gupta,Consumer,North
CUST-8896,Diya Kumar,Corporate,South
CUST-2758,Meera Kumar,Home Office,North
CUST-2325,Isha Sinha,Consumer,East
CUST-8865,Diya Patel,Corporate,East
CUST-9965,Diya Gupta,Home Office,South
CUST-5019,Arjun Singh,Consumer,West
CUST-2745,Diya Verma,Home Office,North
CUST-7132,Aditya Sharma,Consumer,North
CUST-6054,Kabir Sinha,Corporate,South
CUST-7376,Vivaan Singh,Corporate,South
CUST-4293,Vivaan Singh,Corporate,North
CUST-9261,Anaya Singh,Consumer,West
CUST-1281,Riya Verma,Consumer,North
CUST-7511,Riya Patel,Home Office,North
CUST-3378,Riya Singh,Home Office,West
CUST-9380,Arjun Sharma,Home Office,North
CUST-4629,Anaya Sinha,Corporate,East
CUST-2594,Meera Verma,Consumer,South
CUST-1910,Isha Roy,Consumer,East
CUST-2640,Riya Kumar,Corporate,West
CUST-9590,Vivaan Sinha,Consumer,East
CUST-1236,Riya Sharma,Home Office,West
CUST-8582,Aarav Sinha,Home Office,North
CUST-6549,Vivaan Patel,Corporate,North
CUST-1205,Diya Sinha,Consumer,East
CUST-5296,Diya Patel,Consumer,South
CUST-1451,Meera Gupta,Corporate,North
CUST-9905,Anaya Jha,Corporate,North
CUST-3593,Diya Verma,Corporate,North
CUST-1109,Vivaan Sinha,Consumer,East
CUST-4626,Aarav Jha,Home Office,East
CUST-4540,Aditya Roy,Corporate,East
CUST-4111,Riya Kumar,Home Office,North
CUST-6002,Kabir Patel,Consumer,East
CUST-4799,Meera Das,Consumer,East
CUST-2825,Isha Roy,Consumer,North
CUST-9329,Isha Verma,Home Office,South
CUST-6601,Isha Das,Home Office,West
CUST-3643,Arjun Singh,Consumer,West
CUST-1810,Aditya Singh,Corporate,West
CUST-5599,Meera Gupta,Corporate,West
CUST-9314,Aditya Das,Consumer,South
CUST-7970,Riya Singh,Home Office,North
CUST-3237,Meera Gupta,Home Office,South
CUST-4213,Anaya Jha,Corporate,East
CUST-1521,Arjun Patel,Corporate,South
CUST-7198,Isha Verma,Corporate,East
CUST-7753,Vivaan Verma,Corporate,South
CUST-7974,Anaya Gupta,Home Office,East
CUST-1289,Aditya Das,Consumer,South
CUST-7419,Aarav Das,Consumer,East
CUST-7760,Aditya Singh,Consumer,West
CUST-2288,Kabir Patel,Corporate,South
CUST-7358,Isha Roy,Corporate,West
CUST-2646,Kabir Das,Consumer,West
CUST-7438,Isha Sinha,Corporate,North
CUST-1402,Riya Patel,Corporate,North
CUST-4628,Vivaan Singh,Home Office,West
CUST-1956,Riya Sinha,Consumer,North
CUST-4755,Riya Das,Corporate,South
CUST-1157,Vivaan Das,Home Office,West
CUST-5311,Riya Das,Consumer,North
CUST-2536,Meera Jha,Corporate,West
CUST-1811,Kabir Verma,Home Office,South
CUST-4499,Riya Sharma,Home Office,East
CUST-4380,Kabir Verma,Home Office,South
CUST-7826,Arjun Das,Home Office,West
CUST-9930,Meera Verma,Consumer,South
CUST-8125,Riya Singh,Corporate,East
CUST-8801,Aditya Singh,Home Office,South
CUST-5512,Vivaan Jha,Consumer,West
CUST-7876,Riya Sinha,Consumer,West
CUST-7096,Anaya Verma,Home Office,East
CUST-5915,Meera Patel,Home Office,East
CUST-4903,Arjun Kumar,Consumer,East
CUST-4108,Vivaan Jha,Home Office,South
CUST-6666,Isha Singh,Corporate,West
CUST-8656,Meera Sinha,Corporate,North
CUST-6751,Arjun Gupta,Consumer,West
CUST-3420,Meera Das,Home Office,East
CUST-9186,Aarav Sinha,Corporate,East
CUST-7921,Isha Jha,Home Office,West
CUST-2844,Riya Kumar,Consumer,West
CUST-4401,Riya Kumar,Corporate,North
CUST-5694,Isha Sinha,Corporate,East
CUST-5558,Arjun Das,Corporate,West
CUST-2216,Meera Verma,Home Office,West
CUST-7782,Riya Sharma,Corporate,East
CUST-9984,Arjun Das,Consumer,South
CUST-8762,Kabir Verma,Home Office,North
CUST-5328,Isha Gupta,Corporate,North
CUST-8754,Vivaan Roy,Home Office,West
CUST-5013,Aarav Kumar,Corporate,East
CUST-1946,Vivaan Sharma,Consumer,East
CUST-6860,Kabir Sharma,Home Office,East
CUST-4279,Riya Patel,Corporate,South
CUST-6861,Isha Sharma,Consumer,South
CUST-7335,Isha Singh,Corporate,East
CUST-9069,Isha Jha,Home Office,South
CUST-6210,Aarav Verma,Corporate,North
CUST-9598,Aarav Jha,Consumer,East
CUST-5663,Arjun Roy,Corporate,East
CUST-7254,Riya Singh,Consumer,West
CUST-9177,Kabir Das,Home Office,East
CUST-9871,Arjun Jha,Home Office,East
CUST-5912,Aarav Gupta,Consumer,North
CUST-8458,Aarav Roy,Consumer,North
CUST-7504,Isha Roy,Corporate,East
CUST-2240,Diya Jha,Corporate,South
CUST-3896,Kabir Patel,Corporate,East
CUST-4736,Meera Sinha,Home Office,South
CUST-6167,Anaya Sharma,Consumer,North
CUST-3739,Diya Verma,Home Office,West
CUST-1360,Arjun Das,Consumer,North
CUST-8074,Aditya Roy,Corporate,West
CUST-3566,Arjun Jha,Consumer,North
CUST-3890,Riya Roy,Corporate,South
CUST-9190,Arjun Das,Consumer,East
CUST-9022,Meera Roy,Home Office,South
CUST-1166,Riya Patel,Consumer,East
CUST-6979,Kabir Kumar,Corporate,West
CUST-2545,Anaya Jha,Home Office,West
CUST-7174,Diya Roy,Home Office,North
CUST-4229,Meera Sharma,Corporate,North
CUST-9005,Diya Das,Home Office,North
CUST-3592,Riya Jha,Home Office,East
CUST-5448,Meera Sharma,Corporate,North
CUST-5672,Kabir Roy,Corporate,South
CUST-7950,Anaya Verma,Home Office,West
CUST-5484,Isha Das,Home Office,East
CUST-5640,Aditya Roy,Consumer,East
CUST-1652,Arjun Kumar,Home Office,West
CUST-7674,Isha Kumar,Consumer,North
CUST-3915,Riya Sharma,Consumer,East
CUST-2669,Isha Roy,Consumer,West
CUST-5523,Diya Singh,Home Office,West
CUST-1772,Aditya Jha,Consumer,South
CUST-2806,Meera Verma,Corporate,North
CUST-6577,Anaya Roy,Consumer,North
CUST-1945,Meera Singh,Corporate,South
CUST-1513,Arjun Das,Consumer,West
CUST-3267,Diya Roy,Corporate,West
CUST-5876,Aditya Sharma,Corporate,West
CUST-4858,Arjun Kumar,Home Office,North
CUST-6771,Kabir Sinha,Consumer,West
CUST-9007,Isha Jha,Corporate,West
CUST-4288,Arjun Verma,Corporate,North
CUST-1076,Isha Singh,Home Office,West
CUST-4906,Meera Sharma,Home Office,West
CUST-2715,Kabir Das,Consumer,West
CUST-1770,Kabir Singh,Consumer,East
CUST-6578,Vivaan Sinha,Consumer,East
CUST-6923,Aarav Gupta,Corporate,East
CUST-5937,Diya Kumar,Corporate,West
CUST-6637,Aarav Gupta,Home Office,West
CUST-5805,Meera Singh,Home Office,South
CUST-5761,Aditya Das,Corporate,West
CUST-4642,Riya Jha,Consumer,North
CUST-9679,Riya Sinha,Home Office,North
CUST-2983,Vivaan Roy,Corporate,East
CUST-5702,Riya Roy,Corporate,East
CUST-6913,Aarav Patel,Consumer,West
CUST-8927,Isha Verma,Consumer,West
CUST-5732,Kabir Patel,Consumer,West
CUST-7510,Aarav Jha,Corporate,East
CUST-9307,Aditya Singh,Corporate,South
CUST-8898,Meera Das,Home Office,South
CUST-2495,Diya Kumar,Consumer,North
CUST-2573,Aarav Singh,Consumer,West
CUST-7569,Meera Sharma,Consumer,South
CUST-7462,Vivaan Patel,Consumer,West
CUST-8421,Isha Verma,Corporate,West
CUST-3565,Anaya Roy,Consumer,North
CUST-5332,Kabir Singh,Consumer,West
CUST-4230,Diya Sinha,Corporate,South
CUST-7754,Isha Jha,Corporate,West
CUST-6808,Diya Singh,Home Office,East
CUST-9781,Vivaan Roy,Consumer,North
CUST-7133,Meera Jha,Home Office,East
CUST-8722,Isha Das,Consumer,West
CUST-4001,Vivaan Jha,Home Office,South
CUST-8161,Isha Gupta,Consumer,West
CUST-5625,Arjun Roy,Home Office,South
CUST-8457,Riya Patel,Home Office,West
CUST-7235,Meera Patel,Consumer,West
CUST-5962,Aditya Das,Consumer,North
CUST-5069,Vivaan Patel,Consumer,West
CUST-7994,Diya Singh,Corporate,North
CUST-2503,Aditya Verma,Home Office,West
CUST-2830,Kabir Kumar,Home Office,West
CUST-9191,Kabir Verma,Corporate,North
CUST-9742,Isha Das,Home Office,East
CUST-5122,Aditya Singh,Corporate,South
CUST-3242,Anaya Roy,Consumer,South
CUST-9612,Aarav Roy,Home Office,East
CUST-1173,Diya Singh,Consumer,North
CUST-4720,Isha Sharma,Consumer,East
CUST-7682,Riya Jha,Home Office,South
CUST-6368,Vivaan Jha,Consumer,East
CUST-4958,Arjun Sharma,Corporate,West
CUST-7925,Aditya Patel,Corporate,North
CUST-8649,Arjun Roy,Corporate,South
CUST-9267,Riya Gupta,Home Office,South
CUST-7721,Kabir Verma,Home Office,South
CUST-3880,Aarav Jha,Corporate,North
CUST-8588,Isha Sharma,Consumer,North
CUST-6151,Arjun Sinha,Home Office,North
CUST-7066,Kabir Singh,Home Office,South
CUST-9173,Riya Gupta,Home Office,East
CUST-8441,Diya Gupta,Corporate,North
CUST-3351,Kabir Patel,Consumer,West
CUST-8947,Riya Singh,Home Office,East
CUST-3976,Kabir Sinha,Home Office,North
CUST-3114,Anaya Sharma,Home Office,North
CUST-8351,Isha Kumar,Consumer,North
CUST-8374,Vivaan Kumar,Consumer,South
CUST-3181,Riya Kumar,Home Office,West
CUST-3110,Aditya Sharma,Corporate,West
CUST-2367,Diya Sharma,Corporate,North
CUST-4553,Riya Jha,Home Office,South
CUST-4723,Kabir Jha,Consumer,North
CUST-6186,Isha Patel,Consumer,North
CUST-7927,Isha Roy,Consumer,South
CUST-9056,Aarav Verma,Consumer,West
CUST-8585,Riya Sharma,Consumer,South
CUST-9193,Riya Verma,Home Office,North
CUST-5295,Arjun Verma,Consumer,East
CUST-5115,Arjun Patel,Home Office,North
CUST-5446,Aarav Gupta,Corporate,East
CUST-2757,Arjun Gupta,Home Office,East
CUST-3894,Riya Sinha,Corporate,East
CUST-6620,Kabir Das,Consumer,North
CUST-3317,Arjun Gupta,Home Office,West
CUST-1574,Kabir Sinha,Corporate,North
CUST-8134,Anaya Kumar,Consumer,East
CUST-5845,Isha Verma,Consumer,East
CUST-1870,Meera Sharma,Consumer,West
CUST-8200,Diya Roy,Consumer,South
CUST-6799,Aditya Roy,Consumer,North
CUST-2977,Meera Verma,Home Office,North
CUST-4387,Arjun Verma,Corporate,East
CUST-9589,Meera Das,Consumer,South
CUST-3825,Aditya Sharma,Corporate,East
CUST-9315,Riya Roy,Corporate,South
CUST-2024,Vivaan Gupta,Consumer,South
CUST-2560,Isha Gupta,Consumer,South
CUST-6967,Aarav Sinha,Home Office,West
CUST-3475,Aarav Gupta,Home Office,South
CUST-8481,Isha Gupta,Home Office,North
CUST-4779,Anaya Roy,Corporate,West
CUST-6551,Isha Gupta,Corporate,West
CUST-7855,Aarav Roy,Consumer,East
CUST-6494,Riya Roy,Home Office,North
CUST-2197,Kabir Patel,Consumer,East
CUST-1756,Aarav Sinha,Corporate,South
CUST-6423,Meera Singh,Corporate,West
CUST-2123,Aditya Das,Consumer,East
CUST-3845,Anaya Gupta,Corporate,East
CUST-7342,Aditya Verma,Consumer,West
CUST-7214,Aarav Kumar,Corporate,East
CUST-8302,Isha Jha,Consumer,South
CUST-5768,Riya Sinha,Home Office,North
CUST-3197,Meera Singh,Corporate,South
CUST-9072,Meera Roy,Home Office,West
CUST-8707,Diya Sharma,Consumer,West
CUST-7722,Anaya Patel,Corporate,South
CUST-1879,Diya Patel,Home Office,East
CUST-8021,Anaya Verma,Consumer,South
CUST-2914,Meera Gupta,Corporate,East
CUST-5737,Vivaan Kumar,Corporate,East
CUST-7919,Riya Sinha,Consumer,North
CUST-4033,Meera Singh,Corporate,West
CUST-6939,Kabir Patel,Corporate,South
CUST-4485,Anaya Verma,Home Office,East
CUST-8129,Vivaan Sharma,Home Office,South
CUST-5513,Aditya Sharma,Corporate,East
CUST-3136,Aditya Singh,Home Office,East
CUST-5402,Arjun Kumar,Corporate,South
CUST-7188,Diya Kumar,Home Office,East
CUST-7885,Anaya Singh,Consumer,East
CUST-4949,Anaya Patel,Corporate,West
CUST-5309,Vivaan Patel,Corporate,West
CUST-1563,Aarav Kumar,Corporate,North
CUST-7975,Riya Das,Consumer,East
CUST-6130,Aarav Jha,Home Office,North
CUST-7844,Vivaan Singh,Home Office,West
CUST-7726,Kabir Roy,Consumer,South
CUST-5422,Vivaan Gupta,Home Office,West
CUST-4210,Meera Sharma,Consumer,North
CUST-8274,Riya Sinha,Consumer,North
CUST-7390,Diya Gupta,Corporate,South
CUST-5977,Meera Singh,Consumer,East
CUST-6903,Meera Jha,Corporate,West
CUST-1433,Riya Gupta,Corporate,East
CUST-6894,Isha Jha,Corporate,West
CUST-1008,Meera Das,Home Office,West
CUST-9321,Kabir Jha,Consumer,East
CUST-9918,Vivaan Roy,Consumer,West
CUST-3186,Aditya Sinha,Corporate,East
CUST-4993,Meera Das,Consumer,West
CUST-6611,Aditya Roy,Home Office,South
CUST-8845,Riya Verma,Home Office,North
CUST-6527,Anaya Gupta,Consumer,North
CUST-5440,Isha Sinha,Corporate,South
CUST-1103,Vivaan Patel,Home Office,West
CUST-8447,Isha Sharma,Consumer,North
CUST-4810,Aditya Gupta,Corporate,South
CUST-3490,Vivaan Das,Corporate,West
CUST-7393,Vivaan Sharma,Home Office,North
CUST-6688,Aditya Jha,Corporate,South
CUST-7049,Aditya Sinha,Consumer,West
CUST-4399,Isha Sinha,Home Office,North
CUST-6101,Aarav Gupta,Home Office,South
CUST-8334,Riya Roy,Home Office,South
CUST-6835,Aditya Gupta,Corporate,South
CUST-4854,Kabir Jha,Home Office,West
CUST-2089,Kabir Gupta,Consumer,East
CUST-8428,Riya Singh,Corporate,North
CUST-4068,Anaya Patel,Consumer,West
CUST-1774,Meera Roy,Corporate,West
CUST-2033,Vivaan Jha,Home Office,North
CUST-2597,Meera Verma,Consumer,East
CUST-2055,Aarav Roy,Corporate,South
CUST-8793,Aarav Sharma,Home Office,South
CUST-6417,Arjun Sinha,Corporate,East
CUST-1487,Arjun Singh,Home Office,East
CUST-1453,Diya Jha,Consumer,East
CUST-9702,Aarav Sinha,Consumer,North
CUST-2182,Aarav Gupta,Home Office,North
CUST-6882,Meera Gupta,Home Office,North
CUST-9382,Aditya Jha,Home Office,South
CUST-2575,Kabir Kumar,Corporate,East
CUST-4592,Aditya Sharma,Corporate,South
CUST-5345,Arjun Sinha,Corporate,East
CUST-7857,Riya Sharma,Home Office,West
CUST-2043,Kabir Singh,Home Office,South
CUST-8530,Isha Verma,Consumer,East
CUST-7449,Diya Kumar,Consumer,North
CUST-3445,Vivaan Kumar,Corporate,South
CUST-7791,Diya Patel,Corporate,North
CUST-2422,Kabir Sinha,Consumer,South
CUST-2073,Arjun Jha,Corporate,North
CUST-9820,Kabir Jha,Consumer,East
CUST-6778,Kabir Patel,Home Office,West
CUST-5362,Riya Sinha,Home Office,South
CUST-5450,Aditya Das,Home Office,North
CUST-9967,Aarav Sinha,Consumer,South
CUST-6005,Isha Roy,Consumer,West
CUST-8783,Isha Kumar,Consumer,East
CUST-4408,Riya Gupta,Corporate,North
CUST-2402,Isha Kumar,Corporate,West
CUST-4593,Aditya Sinha,Consumer,South
CUST-9680,Anaya Singh,Consumer,South
CUST-4973,Kabir Sinha,Corporate,East
CUST-7124,Aditya Sinha,Home Office,East
CUST-4837,Aarav Kumar,Corporate,West
CUST-6798,Vivaan Singh,Corporate,North
CUST-4306,Kabir Sharma,Consumer,South
CUST-9666,Isha Sinha,Home Office,West
CUST-4529,Arjun Patel,Home Office,East
CUST-3920,Diya Roy,Corporate,South
CUST-3528,Kabir Kumar,Corporate,South
CUST-3080,Arjun Das,Home Office,West
CUST-1685,Isha Sinha,Home Office,North
CUST-6716,Diya Kumar,Corporate,East
CUST-3309,Riya Jha,Home Office,North
CUST-8990,Vivaan Roy,Consumer,South
CUST-5132,Arjun Kumar,Consumer,West
CUST-6753,Diya Gupta,Corporate,West
CUST-7200,Vivaan Sinha,Home Office,North
CUST-6056,Arjun Singh,Consumer,South
CUST-9087,Riya Jha,Home Office,North
CUST-7806,Vivaan Verma,Consumer,South
CUST-9481,Riya Sinha,Home Office,East
CUST-6119,Aarav Das,Corporate,South
CUST-4352,Arjun Sinha,Home Office,South
CUST-4452,Isha Sinha,Home Office,South
CUST-2214,Vivaan Kumar,Corporate,North
CUST-4458,Kabir Sharma,Home Office,South
CUST-2278,Riya Das,Corporate,West
CUST-1283,Kabir Gupta,Home Office,East
CUST-4365,Anaya Sinha,Consumer,West
CUST-6280,Anaya Kumar,Corporate,West
CUST-9813,Diya Verma,Home Office,West
CUST-1912,Riya Das,Corporate,West
CUST-4795,Aditya Jha,Home Office,East
CUST-2625,Anaya Sharma,Consumer,West
CUST-5609,Vivaan Das,Corporate,East
CUST-8897,Arjun Sinha,Consumer,East
CUST-1595,Diya Verma,Home Office,South
CUST-1777,Meera Jha,Home Office,South
CUST-6597,Kabir Sharma,Consumer,South
CUST-9869,Isha Sharma,Home Office,South
CUST-1410,Anaya Verma,Corporate,North
CUST-1914,Isha Verma,Home Office,South
CUST-5735,Aarav Sharma,Consumer,West
CUST-9606,Riya Das,Corporate,East
CUST-2632,Isha Kumar,Consumer,West
CUST-4375,Kabir Kumar,Consumer,West
CUST-9291,Isha Jha,Home Office,West
CUST-5092,Kabir Patel,Consumer,West
CUST-8180,Kabir Patel,Corporate,East
CUST-6246,Diya Verma,Consumer,South
CUST-5147,Arjun Verma,Corporate,North
CUST-3461,Vivaan Roy,Consumer,South
CUST-1924,Isha Gupta,Corporate,East
CUST-4814,Aditya Sinha,Home Office,South
CUST-3050,Arjun Patel,Consumer,North
CUST-4861,Riya Patel,Home Office,South
CUST-1040,Aditya Roy,Corporate,North
CUST-2200,Anaya Patel,Corporate,South
CUST-1432,Riya Verma,Consumer,West
CUST-1823,Anaya Singh,Home Office,South
CUST-8030,Vivaan Singh,Home Office,South
CUST-7494,Aditya Gupta,Consumer,East
CUST-7677,Aditya Singh,Consumer,North
CUST-3827,Meera Roy,Home Office,South
CUST-5554,Riya Das,Corporate,South
CUST-1183,Riya Singh,Home Office,West
CUST-3176,Arjun Gupta,Home Office,East
CUST-7737,Kabir Das,Home Office,West
CUST-8114,Riya Sharma,Home Office,North
CUST-6598,Diya Verma,Consumer,East
CUST-3262,Isha Das,Home Office,North
CUST-3359,Riya Roy,Consumer,North
CUST-7170,Isha Sinha,Consumer,North
CUST-7580,Arjun Sinha,Home Office,North
CUST-8705,Aditya Sinha,Corporate,West
CUST-9078,Kabir Singh,Consumer,South
CUST-3275,Isha Patel,Consumer,South
CUST-2829,Arjun Sinha,Home Office,East
CUST-6141,Aarav Kumar,Consumer,East
CUST-5990,Meera Singh,Consumer,West
CUST-9959,Aarav Singh,Corporate,North
CUST-7233,Arjun Sinha,Consumer,East
CUST-3879,Isha Patel,Corporate,West
CUST-8538,Diya Jha,Corporate,South
CUST-8070,Anaya Kumar,Corporate,North
CUST-9576,Arjun Gupta,Consumer,South
CUST-8795,Arjun Jha,Corporate,South
CUST-5238,Meera Das,Consumer,North
CUST-3018,Meera Kumar,Home Office,South
CUST-5885,Arjun Kumar,Home Office,East
CUST-4217,Kabir Gupta,Consumer,North
CUST-8545,Vivaan Jha,Home Office,West
CUST-7054,Isha Verma,Home Office,South
CUST-4393,Isha Jha,Consumer,East
CUST-4275,Isha Verma,Home Office,South
CUST-8276,Vivaan Kumar,Home Office,South
CUST-6807,Isha Kumar,Corporate,North
CUST-9484,Vivaan Gupta,Corporate,West
CUST-9676,Riya Das,Corporate,North
CUST-3608,Diya Roy,Home Office,South
CUST-9562,Diya Roy,Home Office,South
CUST-4519,Arjun Sharma,Corporate,West
CUST-5666,Meera Kumar,Consumer,North
CUST-4930,Diya Sharma,Consumer,North
CUST-7000,Aditya Sinha,Consumer,South
CUST-6397,Aarav Patel,Corporate,North
CUST-5053,Riya Verma,Corporate,South
CUST-5427,Anaya Roy,Home Office,North
CUST-7659,Anaya Kumar,Consumer,West
CUST-1650,Isha Sinha,Home Office,South
CUST-3780,Isha Singh,Consumer,North
CUST-4123,Isha Roy,Home Office,West
CUST-8309,Vivaan Das,Consumer,South
CUST-8827,Meera Gupta,Home Office,East
CUST-6496,Diya Sinha,Corporate,West
CUST-5408,Isha Verma,Home Office,East
CUST-5185,Diya Verma,Home Office,North
CUST-8053,Aditya Sinha,Home Office,South
CUST-2711,Isha Kumar,Home Office,North
CUST-5243,Diya Verma,Home Office,West
CUST-8469,Riya Das,Corporate,South
CUST-5677,Vivaan Gupta,Home Office,West
CUST-5061,Arjun Das,Corporate,West
CUST-5176,Isha Verma,Corporate,West
CUST-2146,Aditya Roy,Corporate,North
CUST-3876,Aditya Verma,Consumer,South
CUST-3036,Vivaan Patel,Corporate,West
CUST-2847,Aarav Patel,Home Office,South
CUST-9223,Aarav Roy,Consumer,West
CUST-2380,Riya Jha,Consumer,East
CUST-2416,Arjun Sharma,Corporate,West
CUST-8026,Vivaan Verma,Corporate,West
CUST-8442,Aarav Singh,Corporate,West
CUST-5192,Diya Roy,Corporate,East
CUST-8343,Kabir Gupta,Corporate,West
CUST-7479,Isha Jha,Corporate,East
CUST-4430,Kabir Singh,Home Office,South
CUST-9620,Vivaan Sharma,Consumer,West
CUST-4855,Riya Roy,Home Office,East
CUST-6070,Riya Roy,Corporate,South
CUST-2148,Anaya Kumar,Corporate,South
CUST-7087,Anaya Patel,Corporate,West
CUST-1503,Kabir Singh,Consumer,East
CUST-6035,Kabir Kumar,Home Office,East
CUST-4891,Aditya Kumar,Corporate,North
CUST-4545,Isha Sharma,Corporate,South
CUST-1828,Kabir Patel,Consumer,East
CUST-8115,Aarav Kumar,Home Office,East
CUST-6787,Diya Jha,Corporate,North
CUST-3234,Aarav Gupta,Corporate,North
CUST-3088,Aditya Singh,Consumer,North
CUST-3527,Kabir Gupta,Consumer,North
CUST-9592,Aditya Roy,Consumer,South
CUST-8249,Riya Sharma,Home Office,South
CUST-8802,Aarav Verma,Home Office,South
CUST-4462,Vivaan Sharma,Home Office,West
CUST-8789,Vivaan Sharma,Home Office,East
CUST-5441,Arjun Das,Consumer,East
CUST-2703,Aditya Jha,Home Office,South
CUST-3443,Arjun Sinha,Home Office,South
CUST-3556,Isha Verma,Home Office,North
CUST-4031,Arjun Das,Corporate,South
CUST-3564,Aditya Jha,Consumer,North
CUST-8522,Riya Das,Consumer,South
CUST-6557,Kabir Das,Home Office,West
CUST-5886,Aditya Gupta,Corporate,South
CUST-5803,Isha Kumar,Consumer,East
CUST-6909,Diya Patel,Corporate,North
CUST-9987,Aarav Jha,Consumer,West
CUST-8160,Isha Jha,Home Office,South
CUST-9509,Vivaan Gupta,Corporate,East
CUST-1516,Aarav Sharma,Consumer,North
CUST-5970,Diya Singh,Home Office,South
CUST-7923,Arjun Jha,Home Office,West
CUST-4302,Meera Kumar,Home Office,West
CUST-4974,Vivaan Das,Consumer,South
CUST-3020,Kabir Gupta,Corporate,West
CUST-1845,Riya Kumar,Consumer,South
CUST-6405,Vivaan Verma,Home Office,East
CUST-3315,Diya Roy,Consumer,South
CUST-6272,Aditya Verma,Corporate,West
CUST-9701,Meera Verma,Consumer,West
CUST-1353,Isha Roy,Consumer,East
CUST-7575,Riya Kumar,Consumer,East
CUST-7568,Meera Verma,Home Office,South
CUST-1068,Diya Patel,Corporate,East
CUST-9500,Vivaan Jha,Home Office,West
CUST-1576,Kabir Jha,Corporate,South
CUST-3129,Aditya Patel,Home Office,East
CUST-6298,Anaya Das,Home Office,South
CUST-5079,Meera Gupta,Corporate,South
CUST-1373,Isha Singh,Corporate,East
CUST-1603,Meera Sinha,Consumer,East
CUST-9229,Vivaan Roy,Corporate,West
CUST-5776,Vivaan Das,Consumer,North
CUST-9722,Kabir Sharma,Home Office,East
CUST-7910,Aditya Verma,Consumer,East
CUST-1494,Anaya Gupta,Corporate,North
CUST-4559,Arjun Sinha,Home Office,South
CUST-6294,Kabir Kumar,Corporate,West
CUST-7666,Aditya Verma,Consumer,West
CUST-8401,Kabir Das,Home Office,West
CUST-8794,Kabir Kumar,Corporate,East
CUST-9584,Anaya Das,Consumer,East
CUST-4286,Diya Sinha,Consumer,West
CUST-6964,Riya Patel,Home Office,South
CUST-8318,Riya Roy,Corporate,West
CUST-9744,Kabir Singh,Corporate,East
CUST-2518,Meera Singh,Corporate,East
CUST-1747,Diya Roy,Consumer,South
CUST-3012,Meera Verma,Consumer,North
CUST-5533,Riya Sinha,Consumer,North
CUST-7922,Isha Jha,Consumer,South
CUST-9388,Meera Patel,Consumer,West
CUST-2319,Riya Verma,Corporate,South
CUST-7558,Aditya Roy,Home Office,South
CUST-6410,Diya Singh,Corporate,South
CUST-4585,Vivaan Verma,Corporate,South
CUST-7252,Aditya Verma,Home Office,South
CUST-2506,Isha Singh,Home Office,East
CUST-4313,Anaya Roy,Home Office,East
CUST-9941,Isha Patel,Home Office,North
CUST-1213,Riya Sharma,Consumer,South
CUST-4530,Kabir Sharma,Home Office,East
CUST-6812,Diya Singh,Consumer,South
CUST-1268,Diya Kumar,Home Office,West
CUST-5762,Diya Patel,Consumer,South
CUST-5708,Isha Roy,Home Office,North
CUST-1263,Riya Sinha,Corporate,South
CUST-2870,Arjun Sinha,Home Office,North
CUST-4828,Aarav Sinha,Consumer,West
CUST-2458,Diya Jha,Consumer,West
CUST-7781,Meera Roy,Corporate,South
CUST-8012,Isha Sinha,Home Office,South
CUST-5166,Diya Kumar,Consumer,North
CUST-8148,Meera Roy,Corporate,West
CUST-5407,Anaya Sinha,Consumer,West
CUST-5592,Arjun Jha,Consumer,South
CUST-8724,Aarav Kumar,Consumer,South
CUST-7898,Diya Verma,Consumer,East
CUST-2035,Kabir Gupta,Home Office,North
CUST-8880,Aditya Roy,Corporate,North
CUST-9950,Kabir Sharma,Consumer,West
CUST-8757,Diya Gupta,Consumer,West
CUST-6954,Vivaan Kumar,Corporate,North
CUST-2828,Arjun Patel,Home Office,South
CUST-7613,Anaya Sinha,Home Office,East
CUST-9848,Diya Das,Home Office,East
CUST-4416,Riya Jha,Consumer,West
CUST-5890,Arjun Patel,Consumer,West
CUST-9240,Kabir Jha,Home Office,East
CUST-2548,Kabir Jha,Corporate,West
CUST-3965,Meera Jha,Corporate,East
CUST-4916,Aarav Verma,Consumer,West
CUST-8270,Aarav Sinha,Home Office,West
CUST-4007,Diya Roy,Consumer,East
CUST-5543,Arjun Gupta,Corporate,South
CUST-7502,Kabir Sharma,Home Office,South
CUST-5336,Meera Jha,Consumer,South
CUST-4072,Diya Gupta,Consumer,East
CUST-7728,Arjun Jha,Corporate,North
CUST-5829,Anaya Kumar,Home Office,West
CUST-9224,Kabir Singh,Home Office,South
CUST-1046,Arjun Verma,Corporate,West
CUST-9163,Riya Singh,Home Office,West
CUST-5086,Vivaan Sinha,Home Office,South
CUST-6719,Riya Verma,Corporate,South
CUST-6124,Arjun Jha,Home Office,North
CUST-8219,Meera Sharma,Consumer,South
CUST-7514,Vivaan Sharma,Consumer,North
CUST-1384,Aarav Verma,Corporate,East
CUST-6522,Aarav Sharma,Home Office,South
CUST-8989,Anaya Kumar,Corporate,South
CUST-7691,Vivaan Singh,Corporate,West
CUST-4743,Aarav Kumar,Corporate,South
CUST-2774,Aditya Das,Home Office,South
CUST-6211,Isha Das,Corporate,North
CUST-8438,Diya Roy,Consumer,South
CUST-4248,Vivaan Verma,Home Office,South
CUST-8455,Aarav Das,Home Office,South
CUST-9831,Anaya Singh,Consumer,East
CUST-2014,Vivaan Gupta,Consumer,North
CUST-3230,Meera Sharma,Home Office,East
CUST-5413,Diya Gupta,Consumer,West
CUST-9386,Anaya Singh,Consumer,North
CUST-6983,Riya Jha,Home Office,East
CUST-6143,Isha Jha,Home Office,East
CUST-7076,Riya Das,Home Office,North
CUST-1123,Aditya Kumar,Consumer,North
CUST-7730,Anaya Roy,Home Office,East
CUST-6477,Anaya Singh,Corporate,North
CUST-2117,Isha Jha,Consumer,West
CUST-6459,Isha Sharma,Consumer,North
CUST-8503,Meera Singh,Corporate,East
CUST-9414,Vivaan Kumar,Consumer,North
CUST-3343,Vivaan Sinha,Consumer,North
CUST-8580,Kabir Kumar,Consumer,East
CUST-3352,Riya Sharma,Consumer,West
CUST-5084,Riya Patel,Home Office,South
CUST-9264,Kabir Das,Consumer,East
CUST-8184,Aditya Kumar,Home Office,East
CUST-6244,Meera Kumar,Corporate,East
CUST-6235,Kabir Kumar,Corporate,West
CUST-4239,Aditya Sinha,Consumer,South
CUST-5689,Aarav Gupta,Consumer,West
CUST-2010,Diya Kumar,Corporate,North
CUST-7820,Aditya Gupta,Corporate,North
CUST-7890,Riya Singh,Consumer,South
CUST-6770,Aarav Sinha,Corporate,West
CUST-8402,Arjun Singh,Corporate,East
CUST-5933,Vivaan Verma,Consumer,South
CUST-1262,Arjun Das,Consumer,North
CUST-8291,Arjun Patel,Home Office,South
CUST-6572,Anaya Sharma,Home Office,North
CUST-5354,Arjun Kumar,Consumer,South
CUST-7079,Aditya Sharma,Home Office,North
CUST-4625,Diya Kumar,Consumer,East
CUST-9698,Riya Sinha,Consumer,West
CUST-4038,Kabir Jha,Consumer,East
CUST-7668,Kabir Kumar,Consumer,West
CUST-7894,Arjun Sharma,Home Office,East
CUST-8415,Meera Kumar,Corporate,South
CUST-3313,Riya Verma,Consumer,East
CUST-1903,Anaya Sinha,Consumer,East
CUST-3952,Kabir Patel,Corporate,East
CUST-8938,Anaya Sharma,Corporate,South
CUST-4610,Kabir Kumar,Corporate,East
CUST-8760,Anaya Das,Corporate,North
CUST-5678,Aarav Verma,Consumer,South
CUST-5134,Vivaan Verma,Corporate,South
CUST-6194,Anaya Gupta,Corporate,West
CUST-3335,Anaya Sharma,Consumer,West
CUST-2965,Isha Sharma,Corporate,West
CUST-2209,Diya Sharma,Consumer,West
CUST-3061,Riya Sharma,Consumer,North
CUST-6722,Vivaan Kumar,Home Office,South
CUST-9109,Kabir Kumar,Consumer,East
CUST-3245,Vivaan Gupta,Home Office,South
CUST-6148,Arjun Das,Corporate,West
CUST-6977,Diya Roy,Corporate,South
CUST-3412,Kabir Das,Consumer,West
CUST-6226,Arjun Das,Consumer,South
CUST-7807,Riya Sharma,Corporate,West
CUST-5793,Riya Sinha,Consumer,South
CUST-2627,Isha Verma,Consumer,West
CUST-7292,Isha Das,Corporate,West
CUST-1911,Anaya Patel,Consumer,South
CUST-6944,Riya Singh,Home Office,South
CUST-5241,Diya Gupta,Consumer,East
CUST-1153,Riya Kumar,Consumer,South
CUST-2867,Diya Kumar,Consumer,East
CUST-6520,Aarav Das,Corporate,South
CUST-7106,Arjun Roy,Corporate,West
CUST-1913,Diya Sinha,Home Office,South
CUST-4657,Riya Roy,Home Office,South
CUST-4582,Aarav Gupta,Corporate,East
CUST-6091,Anaya Kumar,Corporate,East
CUST-2978,Isha Patel,Corporate,East
CUST-2911,Kabir Verma,Home Office,North
CUST-2512,Aditya Patel,Consumer,South
CUST-7481,Riya Kumar,Consumer,East
CUST-2609,Riya Roy,Home Office,East
CUST-1172,Riya Jha,Consumer,South
CUST-7209,Vivaan Roy,Corporate,East
CUST-2787,Anaya Jha,Home Office,East
CUST-9663,Anaya Sinha,Home Office,East
CUST-9439,Anaya Sharma,Corporate,East
CUST-1779,Aarav Gupta,Home Office,East
CUST-5607,Isha Kumar,Consumer,East
CUST-5447,Meera Das,Home Office,West
CUST-2386,Vivaan Jha,Consumer,West
CUST-8956,Aditya Roy,Home Office,South
CUST-5161,Diya Das,Consumer,North
CUST-7584,Aarav Das,Consumer,South
CUST-6107,Vivaan Singh,Home Office,East
CUST-7286,Diya Sinha,Consumer,South
CUST-5873,Kabir Kumar,Corporate,South
CUST-3576,Arjun Gupta,Corporate,South
CUST-9833,Meera Verma,Home Office,East
CUST-2508,Arjun Gupta,Corporate,West
CUST-7093,Aditya Gupta,Consumer,South
CUST-1332,Riya Sinha,Corporate,West
CUST-9293,Anaya Sinha,Consumer,West
CUST-8440,Aditya Kumar,Corporate,East
CUST-7995,Kabir Sharma,Consumer,North
CUST-3785,Anaya Gupta,Corporate,South
CUST-1631,Riya Kumar,Corporate,East
CUST-3651,Vivaan Das,Home Office,West
CUST-5259,Aarav Das,Corporate,West
CUST-2296,Isha Singh,Consumer,South
CUST-5363,Aarav Sinha,Home Office,West
CUST-5072,Anaya Das,Home Office,South
CUST-3828,Arjun Das,Consumer,West
CUST-2453,Diya Sinha,Corporate,East
CUST-1905,Kabir Das,Home Office,South
CUST-1663,Diya Sinha,Consumer,South
CUST-9161,Arjun Das,Consumer,West
CUST-4360,Riya Sharma,Corporate,West
CUST-8680,Meera Das,Home Office,East
CUST-3642,Meera Das,Consumer,North
CUST-6948,Arjun Verma,Home Office,West
CUST-3428,Anaya Singh,Corporate,North
CUST-2353,Anaya Sharma,Home Office,East
CUST-4889,Diya Jha,Home Office,East
CUST-9529,Diya Patel,Consumer,North
CUST-7122,Aditya Gupta,Home Office,South
CUST-4464,Aditya Gupta,Home Office,West
CUST-2846,Vivaan Sinha,Corporate,South
CUST-1915,Isha Sharma,Corporate,South
CUST-9028,Aditya Roy,Corporate,West
CUST-8631,Meera Jha,Corporate,South
CUST-1655,Isha Verma,Corporate,West
CUST-5786,Vivaan Jha,Corporate,East
CUST-1523,Kabir Singh,Consumer,East
CUST-3784,Aarav Verma,Home Office,North
CUST-4601,Isha Das,Home Office,West
CUST-8477,Riya Kumar,Corporate,South
CUST-4790,Riya Sinha,Corporate,North
CUST-3616,Riya Das,Corporate,South
CUST-3812,Kabir Patel,Corporate,North
CUST-9037,Arjun Singh,Home Office,South
CUST-8149,Kabir Kumar,Consumer,North
CUST-3426,Isha Jha,Corporate,North
CUST-4872,Aarav Roy,Home Office,South
CUST-3955,Aditya Verma,Corporate,West
CUST-5820,Aarav Verma,Home Office,South
CUST-3830,Kabir Verma,Home Office,East
CUST-9149,Vivaan Jha,Home Office,West
CUST-6847,Arjun Das,Corporate,South
CUST-7684,Aarav Sinha,Corporate,North
CUST-5929,Kabir Das,Home Office,North
CUST-9925,Kabir Jha,Corporate,North
CUST-2250,Isha Jha,Corporate,East
CUST-4384,Riya Patel,Consumer,West
CUST-1920,Diya Verma,Corporate,South
CUST-9900,Aarav Kumar,Corporate,East
CUST-9004,Diya Patel,Home Office,North
CUST-3839,Meera Singh,Corporate,South
CUST-4186,Vivaan Verma,Home Office,West
CUST-7714,Meera Sharma,Home Office,South
CUST-9091,Meera Sinha,Consumer,East
CUST-4714,Diya Jha,Corporate,West
CUST-5338,Aarav Sharma,Corporate,East
CUST-7788,Kabir Jha,Home Office,North
CUST-7980,Arjun Roy,Corporate,North
CUST-2392,Vivaan Verma,Corporate,North
CUST-2078,Aditya Patel,Corporate,North
CUST-8717,Riya Roy,Home Office,East
CUST-2370,Isha Roy,Consumer,West
CUST-4812,Isha Verma,Corporate,South
CUST-2700,Arjun Roy,Corporate,East
CUST-6663,Kabir Verma,Consumer,South
CUST-1519,Arjun Sinha,Home Office,North
CUST-8890,Meera Jha,Home Office,East
CUST-1702,Vivaan Jha,Home Office,South
CUST-6687,Kabir Gupta,Corporate,East
CUST-6593,Vivaan Verma,Home Office,South
CUST-8782,Meera Verma,Corporate,East
CUST-9655,Anaya Roy,Corporate,South
CUST-4649,Diya Verma,Consumer,West
CUST-5476,Kabir Patel,Consumer,South
CUST-8335,Kabir Singh,Corporate,North
CUST-9068,Aditya Sharma,Consumer,East
CUST-3708,Vivaan Roy,Corporate,West
CUST-6761,Riya Patel,Home Office,East
CUST-1340,Kabir Sinha,Consumer,North
CUST-5710,Kabir Verma,Home Office,North
CUST-6213,Meera Roy,Corporate,North
CUST-7135,Diya Sharma,Consumer,East
CUST-6113,Riya Jha,Consumer,West
CUST-9822,Anaya Verma,Consumer,West
CUST-9040,Aarav Kumar,Home Office,South
CUST-5317,Aditya Gupta,Consumer,North
CUST-6465,Riya Das,Consumer,South
CUST-2701,Arjun Gupta,Corporate,East
CUST-7045,Kabir Sharma,Consumer,West
CUST-8733,Arjun Sinha,Consumer,North
CUST-6804,Vivaan Patel,Corporate,West
CUST-9242,Aditya Gupta,Corporate,East
CUST-5520,Riya Das,Corporate,East
CUST-1622,Kabir Sinha,Corporate,West
CUST-3850,Vivaan Patel,Home Office,South
CUST-4472,Anaya Gupta,Corporate,East
CUST-1025,Anaya Das,Consumer,East
CUST-3437,Aarav Patel,Home Office,North
CUST-9488,Riya Patel,Consumer,West
CUST-9710,Vivaan Singh,Corporate,West
CUST-8694,Aditya Sinha,Home Office,North
CUST-7708,Isha Kumar,Consumer,East
CUST-1288,Kabir Sharma,Home Office,West
CUST-3569,Vivaan Jha,Corporate,West
CUST-3661,Kabir Das,Consumer,West
CUST-9678,Kabir Kumar,Corporate,South
CUST-6910,Diya Verma,Corporate,North
CUST-7957,Isha Sharma,Consumer,East
CUST-6809,Arjun Gupta,Home Office,West
CUST-4000,Kabir Verma,Consumer,West
CUST-8063,Vivaan Das,Corporate,South
CUST-3782,Isha Jha,Corporate,East
CUST-6061,Vivaan Das,Corporate,North
CUST-2892,Isha Sinha,Consumer,West
CUST-9001,Isha Das,Corporate,North
CUST-2413,Diya Sharma,Corporate,West
CUST-9658,Diya Das,Consumer,South
CUST-5409,Anaya Verma,Consumer,East
CUST-2800,Anaya Gupta,Consumer,East
CUST-4894,Anaya Sinha,Consumer,North
CUST-6713,Diya Gupta,Consumer,South
CUST-4023,Aarav Patel,Home Office,North
CUST-9635,Riya Verma,Home Office,West
CUST-4634,Vivaan Sinha,Corporate,West
CUST-5217,Vivaan Roy,Consumer,South
CUST-4087,Kabir Sinha,Consumer,West
CUST-2157,Diya Patel,Consumer,East
CUST-9274,Diya Das,Home Office,East
CUST-8950,Kabir Sinha,Home Office,North
CUST-1783,Vivaan Jha,Home Office,West
CUST-8996,Diya Sinha,Home Office,East
CUST-7144,Aditya Sharma,Consumer,East
CUST-1102,Vivaan Verma,Home Office,West
CUST-5299,Vivaan Singh,Home Office,West
CUST-1962,Aditya Roy,Corporate,West
CUST-9847,Anaya Das,Home Office,East
CUST-6065,Arjun Jha,Consumer,North
CUST-3125,Aditya Sinha,Home Office,East
CUST-3619,Kabir Jha,Consumer,South
CUST-5519,Riya Roy,Consumer,East
CUST-9783,Arjun Roy,Home Office,South
CUST-4864,Meera Verma,Corporate,East
CUST-8564,Kabir Roy,Corporate,South
CUST-6263,Anaya Verma,Home Office,South
CUST-6926,Vivaan Sinha,Home Office,South
CUST-1428,Arjun Gupta,Home Office,East
CUST-7519,Diya Singh,Corporate,West
CUST-7594,Kabir Patel,Home Office,West
CUST-9563,Riya Kumar,Corporate,East
CUST-7429,Aditya Patel,Consumer,North
CUST-5919,Anaya Kumar,Home Office,North
CUST-8867,Aditya Verma,Corporate,North
CUST-6383,Diya Roy,Home Office,West
CUST-6824,Arjun Singh,Corporate,West
CUST-1965,Anaya Das,Consumer,West
CUST-2579,Kabir Patel,Home Office,North
CUST-7145,Vivaan Roy,Corporate,South
CUST-3227,Aditya Das,Consumer,South
CUST-7465,Arjun Singh,Home Office,North
CUST-4342,Vivaan Sharma,Corporate,South
CUST-9675,Diya Verma,Corporate,North
CUST-8587,Kabir Patel,Corporate,West
CUST-8612,Vivaan Jha,Consumer,North
CUST-6395,Arjun Jha,Corporate,South
CUST-2622,Aarav Gupta,Home Office,North
CUST-2937,Aarav Das,Consumer,South
CUST-2511,Arjun Das,Home Office,North
CUST-8253,Isha Sharma,Home Office,West
CUST-2236,Aditya Singh,Home Office,North
CUST-3800,Isha Kumar,Corporate,North
CUST-5743,Arjun Roy,Home Office,West
CUST-5600,Anaya Kumar,Corporate,North
CUST-3729,Vivaan Gupta,Corporate,East
CUST-9539,Kabir Sinha,Consumer,South
CUST-4580,Riya Singh,Consumer,West
CUST-2576,Diya Sharma,Consumer,West
CUST-8196,Aarav Das,Consumer,East
CUST-5020,Riya Roy,Corporate,North
CUST-8673,Aditya Singh,Corporate,North
CUST-1458,Anaya Das,Consumer,North
CUST-5821,Aarav Verma,Consumer,North
CUST-4003,Isha Kumar,Corporate,East
CUST-3281,Kabir Das,Home Office,East
CUST-5707,Meera Jha,Corporate,South
CUST-4776,Aditya Sinha,Corporate,East
CUST-8586,Arjun Sharma,Home Office,North
CUST-2515,Arjun Sinha,Consumer,North
CUST-4576,Meera Patel,Corporate,North
CUST-8759,Riya Jha,Consumer,East
CUST-3615,Isha Singh,Corporate,East
CUST-6931,Arjun Das,Home Office,East
CUST-3763,Meera Jha,Corporate,South
CUST-3523,Kabir Patel,Consumer,South
CUST-5263,Arjun Roy,Home Office,North
CUST-6202,Diya Patel,Corporate,West
CUST-2910,Arjun Das,Consumer,South
CUST-9050,Aarav Verma,Consumer,North
CUST-8092,Isha Sharma,Corporate,North
CUST-1457,Aarav Sinha,Consumer,West
CUST-6705,Isha Jha,Consumer,North
CUST-1541,Anaya Roy,Corporate,East
CUST-8062,Vivaan Das,Home Office,North
CUST-6176,Vivaan Roy,Corporate,West
CUST-6216,Arjun Patel,Corporate,North
CUST-1990,Riya Sinha,Consumer,North
CUST-8268,Isha Singh,Home Office,North
CUST-6662,Arjun Sharma,Home Office,West
CUST-4882,Anaya Singh,Home Office,East
CUST-9427,Arjun Gupta,Home Office,North
CUST-6844,Meera Das,Home Office,East
CUST-5481,Aditya Verma,Consumer,East
CUST-8814,Meera Gupta,Consumer,West
CUST-6051,Diya Gupta,Corporate,South
CUST-9986,Riya Roy,Home Office,North
CUST-6744,Aditya Sharma,Corporate,West
CUST-9331,Aarav Verma,Corporate,West
CUST-2424,Meera Verma,Consumer,South
CUST-2533,Arjun Kumar,Corporate,South
CUST-9221,Aarav Verma,Consumer,South
CUST-3542,Aarav Das,Corporate,North
CUST-3469,Aarav Patel,Corporate,North
CUST-3334,Isha Singh,Corporate,West
CUST-8337,Riya Roy,Corporate,North
CUST-3362,Riya Patel,Home Office,North
CUST-2483,Anaya Patel,Home Office,South
CUST-4187,Vivaan Jha,Consumer,South
CUST-9800,Meera Gupta,Corporate,West
CUST-6500,Diya Sharma,Consumer,East
CUST-7291,Diya Gupta,Consumer,West
CUST-7022,Meera Sinha,Corporate,East
CUST-9617,Arjun Patel,Corporate,North
CUST-9932,Isha Sharma,Consumer,North
CUST-2821,Vivaan Das,Corporate,North
CUST-5895,Isha Kumar,Corporate,North
CUST-9153,Aditya Das,Corporate,South
CUST-6821,Kabir Sharma,Home Office,East
CUST-1860,Meera Jha,Home Office,East
CUST-7654,Isha Sinha,Home Office,North
CUST-8687,Diya Das,Corporate,West
CUST-9928,Riya Jha,Consumer,South
CUST-5421,Diya Jha,Home Office,North
CUST-6164,Meera Kumar,Corporate,North
CUST-2521,Diya Jha,Consumer,West
CUST-8326,Riya Roy,Corporate,South
CUST-5315,Anaya Sharma,Corporate,North
CUST-1124,Riya Sinha,Home Office,East
CUST-9915,Aditya Singh,Corporate,East
CUST-1163,Anaya Jha,Corporate,East
CUST-8230,Diya Verma,Consumer,West
CUST-3610,Diya Kumar,Corporate,North
CUST-4805,Aditya Roy,Home Office,South
CUST-1345,Aarav Roy,Home Office,North
CUST-1902,Arjun Singh,Home Office,West
CUST-4954,Vivaan Sinha,Consumer,South
CUST-3198,Arjun Sinha,Consumer,East
CUST-2679,Anaya Kumar,Corporate,East
CUST-4712,Riya Gupta,Consumer,West
CUST-2760,Meera Sinha,Corporate,West
CUST-7997,Meera Kumar,Home Office,East
CUST-5648,Kabir Das,Corporate,North
CUST-4972,Riya Roy,Consumer,East
CUST-2930,Diya Kumar,Consumer,East
CUST-3626,Kabir Singh,Home Office,North
CUST-7577,Meera Patel,Home Office,East
CUST-1070,Meera Das,Corporate,West
CUST-6794,Meera Verma,Home Office,East
CUST-1081,Diya Sharma,Consumer,North
CUST-3289,Arjun Das,Consumer,West
CUST-9775,Diya Das,Consumer,East
CUST-4926,Kabir Roy,Consumer,South
CUST-2264,Anaya Patel,Consumer,West
CUST-5199,Anaya Gupta,Consumer,North
CUST-4322,Diya Jha,Home Office,West
CUST-2251,Vivaan Sinha,Consumer,North
CUST-2093,Kabir Singh,Corporate,North
CUST-8186,Kabir Sinha,Home Office,West
CUST-1399,Arjun Jha,Home Office,South
CUST-6419,Anaya Das,Home Office,East
CUST-2687,Diya Sinha,Home Office,North
CUST-9614,Riya Sharma,Home Office,East
CUST-1668,Isha Singh,Consumer,West
CUST-2719,Arjun Sinha,Home Office,North
CUST-1590,Arjun Patel,Home Office,East
CUST-6277,Riya Roy,Consumer,West
CUST-7036,Isha Gupta,Consumer,East
CUST-6730,Riya Patel,Home Office,North
CUST-8629,Riya Patel,Consumer,North
CUST-4076,Isha Singh,Consumer,East
CUST-7194,Vivaan Sharma,Consumer,South
CUST-2534,Anaya Roy,Consumer,North
CUST-9020,Arjun Jha,Corporate,West
CUST-9913,Meera Singh,Consumer,East
CUST-1383,Kabir Jha,Home Office,East
CUST-4011,Anaya Kumar,Home Office,East
CUST-8020,Anaya Roy,Corporate,East
CUST-2104,Anaya Sinha,Home Office,East
CUST-2034,Aditya Gupta,Corporate,South
CUST-1884,Kabir Das,Consumer,South
CUST-6046,Aarav Roy,Home Office,North
CUST-4535,Aditya Gupta,Corporate,North
CUST-3997,Kabir Roy,Corporate,North
CUST-2199,Riya Sinha,Consumer,West
CUST-4219,Aarav Gupta,Consumer,South
CUST-1347,Aditya Jha,Home Office,North
CUST-8082,Aarav Jha,Home Office,East
CUST-1517,Aarav Gupta,Corporate,South
CUST-9064,Meera Sinha,Consumer,West
CUST-3205,Riya Sinha,Consumer,South
CUST-7237,Kabir Sinha,Corporate,South
CUST-6993,Isha Patel,Home Office,West
CUST-4419,Aarav Patel,Home Office,East
CUST-4603,Aarav Jha,Corporate,North
CUST-2001,Riya Patel,Corporate,South
CUST-9303,Arjun Verma,Home Office,East
CUST-3906,Anaya Jha,Corporate,South
CUST-3220,Vivaan Patel,Home Office,East
CUST-4150,Diya Patel,Corporate,West
CUST-4435,Vivaan Singh,Corporate,South
CUST-2818,Aarav Das,Corporate,East
CUST-4015,Meera Patel,Consumer,West
CUST-7169,Aarav Jha,Corporate,West
CUST-1971,Kabir Verma,Corporate,North
CUST-6474,Isha Kumar,Home Office,South
CUST-6318,Riya Jha,Consumer,South
CUST-6355,Vivaan Das,Consumer,South
CUST-1821,Meera Verma,Home Office,West
CUST-1763,Isha Roy,Home Office,East
CUST-8516,Diya Roy,Home Office,South
CUST-9634,Diya Roy,Consumer,South
CUST-1269,Meera Roy,Consumer,North
CUST-4619,Meera Gupta,Consumer,North
CUST-4335,Anaya Patel,Home Office,East
CUST-8344,Isha Jha,Consumer,South
CUST-5641,Aditya Gupta,Consumer,East
CUST-7824,Arjun Sinha,Home Office,East
CUST-6792,Vivaan Gupta,Home Office,West
CUST-1095,Diya Verma,Consumer,West
CUST-3037,Arjun Jha,Home Office,West
CUST-3097,Diya Das,Corporate,East
CUST-2731,Anaya Sharma,Consumer,West
CUST-1606,Vivaan Kumar,Consumer,West
CUST-2501,Arjun Kumar,Consumer,West
CUST-4074,Anaya Das,Home Office,West
CUST-7591,Aditya Verma,Home Office,East
CUST-2273,Vivaan Roy,Consumer,East
CUST-4547,Vivaan Sinha,Consumer,South
CUST-4573,Aditya Patel,Home Office,South
CUST-4680,Meera Singh,Home Office,North
CUST-6310,Isha Das,Home Office,East
CUST-2683,Diya Singh,Home Office,North
CUST-9176,Isha Sinha,Corporate,East
CUST-2003,Aarav Sharma,Corporate,West
CUST-3650,Isha Jha,Home Office,West
CUST-2177,Aarav Roy,Corporate,East
CUST-8810,Arjun Jha,Consumer,West
CUST-8781,Aditya Jha,Home Office,East
CUST-6222,Kabir Singh,Home Office,West
CUST-3294,Kabir Patel,Corporate,West
CUST-6992,Aarav Sharma,Corporate,South
CUST-8044,Meera Sinha,Corporate,West
CUST-3927,Kabir Jha,Consumer,South
CUST-7710,Arjun Gupta,Corporate,South
CUST-9251,Kabir Gupta,Corporate,West
CUST-8275,Anaya Singh,Home Office,West
CUST-4195,Meera Kumar,Consumer,North
CUST-8740,Vivaan Jha,Consumer,East
CUST-5935,Kabir Das,Corporate,North
CUST-1222,Anaya Sharma,Corporate,West
CUST-8674,Anaya Das,Corporate,South
CUST-8292,Arjun Roy,Home Office,North
CUST-3292,Isha Roy,Home Office,West
CUST-7773,Meera Verma,Consumer,North
CUST-4467,Aditya Jha,Consumer,West
CUST-7854,Arjun Das,Consumer,South
CUST-5054,Riya Patel,Home Office,West
CUST-2615,Arjun Sharma,Home Office,South
CUST-4070,Riya Kumar,Corporate,North
CUST-7226,Meera Jha,Consumer,West
CUST-7247,Anaya Roy,Home Office,West
CUST-9716,Isha Verma,Home Office,East
CUST-7355,Meera Singh,Consumer,West
CUST-2553,Arjun Gupta,Consumer,South
CUST-9785,Kabir Singh,Home Office,East
CUST-8507,Anaya Singh,Consumer,West
CUST-1087,Aarav Patel,Consumer,South
CUST-1050,Arjun Singh,Corporate,East
CUST-1799,Anaya Patel,Consumer,North
CUST-1999,Vivaan Singh,Home Office,North
CUST-1709,Riya Jha,Home Office,South
CUST-8711,Aarav Kumar,Consumer,North
CUST-1917,Aarav Sinha,Consumer,West
CUST-5377,Aditya Kumar,Home Office,East
CUST-2479,Vivaan Roy,Home Office,North
CUST-7518,Meera Roy,Home Office,North
CUST-8567,Aditya Verma,Home Office,West
CUST-2848,Arjun Das,Home Office,East
CUST-9107,Riya Singh,Corporate,East
CUST-7446,Diya Patel,Consumer,South
CUST-3801,Aarav Jha,Consumer,East
CUST-5280,Isha Sinha,Consumer,East
CUST-2561,Anaya Patel,Home Office,South
CUST-5501,Meera Jha,Consumer,East
CUST-2839,Kabir Roy,Consumer,North
CUST-7816,Isha Kumar,Corporate,South
CUST-8664,Isha Sharma,Home Office,West
CUST-1357,Aditya Gupta,Home Office,North
CUST-1390,Vivaan Sharma,Home Office,North
CUST-4824,Isha Gupta,Corporate,South
CUST-2257,Aditya Patel,Home Office,East
CUST-3481,Kabir Das,Corporate,West
CUST-1053,Arjun Patel,Consumer,South
CUST-5461,Vivaan Verma,Consumer,North
CUST-5588,Riya Singh,Consumer,North
CUST-6596,Kabir Jha,Consumer,East
CUST-7938,Isha Das,Home Office,West
CUST-1620,Kabir Singh,Corporate,South
CUST-6896,Diya Gupta,Home Office,East
CUST-6369,Isha Jha,Home Office,West
CUST-7302,Kabir Verma,Corporate,East
CUST-2096,Aditya Gupta,Home Office,West
CUST-3961,Riya Singh,Corporate,East
CUST-1180,Riya Sinha,Home Office,East
CUST-8317,Kabir Kumar,Home Office,East
CUST-4167,Aditya Verma,Corporate,North
CUST-3579,Aarav Verma,Home Office,East
CUST-8022,Aditya Gupta,Corporate,East
CUST-5398,Riya Jha,Consumer,West
CUST-4721,Aditya Gupta,Corporate,North
CUST-9990,Arjun Singh,Home Office,East
CUST-2194,Aditya Sharma,Consumer,South
CUST-4899,Riya Gupta,Consumer,West
CUST-2447,Arjun Singh,Consumer,East
CUST-7484,Vivaan Sharma,Home Office,East
CUST-9647,Isha Das,Home Office,West
CUST-2268,Riya Patel,Consumer,South
CUST-6731,Aditya Kumar,Home Office,North
CUST-6602,Aarav Das,Home Office,North
CUST-9901,Riya Singh,Consumer,South
CUST-1906,Vivaan Roy,Consumer,South
CUST-4758,Arjun Gupta,Consumer,North
CUST-1720,Meera Das,Consumer,South
CUST-3231,Riya Sharma,Home Office,North
CUST-6880,Anaya Das,Corporate,West
CUST-4252,Kabir Roy,Corporate,West
CUST-5240,Riya Gupta,Home Office,West
CUST-6971,Aarav Das,Consumer,North
CUST-7506,Vivaan Jha,Home Office,West
CUST-2136,Meera Verma,Home Office,North
CUST-9081,Aditya Das,Corporate,South
CUST-8625,Kabir Verma,Consumer,East
CUST-9786,Isha Singh,Consumer,South
CUST-2592,Anaya Gupta,Corporate,East
CUST-5544,Meera Sinha,Corporate,North
CUST-5931,Diya Kumar,Home Office,North
CUST-5449,Aarav Das,Home Office,South
CUST-4100,Arjun Verma,Corporate,South
CUST-6566,Meera Sinha,Home Office,North
CUST-3638,Isha Das,Consumer,North
CUST-9777,Diya Verma,Home Office,West
CUST-7928,Arjun Roy,Home Office,East
CUST-2218,Arjun Singh,Consumer,South
CUST-3756,Meera Verma,Home Office,South
CUST-7641,Isha Singh,Consumer,South
CUST-4816,Aditya Sinha,Corporate,South
CUST-9353,Kabir Sharma,Consumer,South
CUST-6381,Anaya Roy,Consumer,West
CUST-9640,Vivaan Gupta,Corporate,East
CUST-4436,Meera Gupta,Consumer,South
CUST-1752,Isha Patel,Home Office,East
CUST-7203,Riya Kumar,Consumer,South
CUST-2444,Diya Sharma,Home Office,North
CUST-6777,Anaya Jha,Consumer,South
CUST-4174,Aarav Singh,Corporate,West
CUST-1526,Isha Sharma,Corporate,South
CUST-4829,Riya Kumar,Consumer,South
CUST-3273,Isha Singh,Corporate,West
CUST-3465,Isha Patel,Corporate,North
CUST-9997,Isha Singh,Consumer,West
CUST-5608,Vivaan Sinha,Consumer,South
CUST-2287,Vivaan Sinha,Consumer,South
CUST-4151,Aditya Verma,Home Office,West
CUST-4425,Anaya Verma,Consumer,North
CUST-9834,Arjun Sinha,Home Office,South
CUST-9694,Isha Sharma,Consumer,East
CUST-9466,Anaya Jha,Consumer,North
CUST-7758,Anaya Gupta,Consumer,North
CUST-3934,Meera Jha,Corporate,North
CUST-9673,Arjun Singh,Consumer,East
CUST-8747,Isha Patel,Corporate,West
CUST-9311,Meera Roy,Corporate,South
CUST-1303,Arjun Verma,Corporate,West
CUST-4956,Isha Patel,Corporate,West
CUST-9772,Anaya Sinha,Home Office,South
CUST-4699,Meera Das,Consumer,North
CUST-2354,Aditya Patel,Home Office,West
CUST-6769,Riya Jha,Consumer,East
CUST-6639,Isha Roy,Consumer,East
CUST-5040,Arjun Sinha,Consumer,South
CUST-7241,Riya Jha,Consumer,South
CUST-7032,Aditya Das,Corporate,North
CUST-4139,Meera Roy,Home Office,West
CUST-1805,Aarav Verma,Home Office,East
CUST-7836,Aarav Sinha,Corporate,West
CUST-5276,Isha Roy,Home Office,South
CUST-5126,Vivaan Das,Corporate,East
CUST-1691,Arjun Singh,Corporate,East
CUST-9674,Aditya Verma,Corporate,North
CUST-8236,Kabir Gupta,Consumer,South
CUST-4119,Riya Jha,Consumer,North
CUST-9866,Aarav Kumar,Consumer,East
CUST-9846,Anaya Das,Corporate,East
CUST-2595,Riya Roy,Corporate,North
CUST-2462,Riya Sharma,Home Office,East
CUST-1339,Diya Gupta,Corporate,East
CUST-7284,Aarav Singh,Corporate,West
CUST-9851,Kabir Jha,Corporate,East
CUST-9810,Kabir Sharma,Corporate,South
CUST-1204,Arjun Singh,Corporate,East
CUST-2361,Diya Sinha,Corporate,East
CUST-4438,Kabir Das,Consumer,North
CUST-3390,Aditya Sinha,Corporate,West
CUST-5788,Diya Sharma,Corporate,South
CUST-5972,Aditya Sharma,Consumer,West
CUST-1275,Arjun Sinha,Home Office,West
CUST-1967,Aditya Sharma,Corporate,West
CUST-8653,Diya Patel,Corporate,South
CUST-4449,Kabir Sinha,Consumer,North
CUST-4244,Meera Verma,Consumer,West
CUST-9454,Aditya Singh,Consumer,North
CUST-1979,Aditya Kumar,Corporate,South
CUST-7207,Vivaan Sinha,Corporate,East
CUST-9047,Diya Verma,Corporate,West
CUST-8906,Vivaan Kumar,Home Office,South
CUST-6488,Kabir Verma,Corporate,West
CUST-3599,Isha Das,Corporate,North
CUST-3513,Diya Kumar,Corporate,North
CUST-4095,Arjun Kumar,Home Office,North
CUST-1086,Isha Sharma,Home Office,West
CUST-8672,Aditya Jha,Consumer,East
CUST-3777,Arjun Gupta,Consumer,East
CUST-6460,Anaya Kumar,Corporate,East
CUST-8136,Riya Gupta,Consumer,West
CUST-3324,Riya Singh,Corporate,North
CUST-5944,Meera Sinha,Corporate,West
CUST-6603,Meera Verma,Consumer,West
CUST-5852,Aditya Roy,Home Office,East
CUST-1141,Aarav Kumar,Corporate,North
CUST-1064,Aarav Roy,Corporate,North
CUST-3656,Riya Kumar,Consumer,South
CUST-9169,Isha Singh,Home Office,North
CUST-1368,Aditya Sharma,Corporate,South
CUST-3337,Kabir Roy,Home Office,West
CUST-3041,Aditya Sinha,Corporate,West
CUST-1080,Diya Sharma,Consumer,West
CUST-5930,Riya Sinha,Home Office,North
